conv0/Conv2D,CPU,9276.111111111111,9864.4,1.063419776007666
cell_stem_1/Relu,CPU,1959.6666666666667,2763.3,1.410086749447185
cell_stem_1/AvgPool2D,CPU,1341.4444444444443,1481.4,1.104331980452249
cell_stem_1/path1_conv/Conv2D,CPU,3592.9,3815.9,1.0620668540733114
cell_stem_1/Pad/paddings,CPU,1.0,0.3,0.3
cell_stem_1/Pad_Gather_Index,CPU,0.0,0.3,0
cell_stem_1/Pad_Gather,CPU,0.0,0.4,0
cell_stem_1/Pad,CPU,3382.5555555555557,4033.2,1.1923529218539566
cell_stem_1/strided_slice/stack,CPU,1.0,0.2,0.2
cell_stem_1/strided_slice/stack_1,CPU,0.9,0.6,0.6666666666666666
cell_stem_1/strided_slice/stack_2,CPU,0.0,0.2,0
cell_stem_1/Pad___tr4cell_stem_1/strided_slice,CPU,3191.75,4495.4,1.4084436437690921
cell_stem_1/strided_slice,CPU,3855.4,3443.5,0.8931628365409555
cell_stem_1/strided_slice___tr4cell_stem_1/AvgPool2D_1,CPU,4602.1,5310.1,1.1538428108906804
cell_stem_1/AvgPool2D_1,CPU,1378.4,1490.3,1.081181079512478
cell_stem_1/path2_conv/Conv2D,CPU,3588.7,3954.9,1.1020425223618582
cell_stem_1/concat,CPU,1837.6,2164.0,1.1776229865041359
cell_stem_1/final_path_bn/FusedBatchNormV3,CPU,472.55555555555554,669.7,1.4171878673877265
cell_stem_1/comb_iter_0/left/Relu,CPU,473.77777777777777,669.9,1.413954033771107
cell_stem_1/comb_iter_0/left/separable_5x5_1/separable_conv2d/depthwise,CPU,997.1,1036.1,1.0391134289439372
cell_stem_1/comb_iter_0/left/separable_5x5_1/separable_conv2d,CPU,1604.9,1618.8,1.0086609757617295
cell_stem_1/comb_iter_0/left/separable_5x5_2/separable_conv2d/depthwise,CPU,633.9,635.4,1.0023663038334123
cell_stem_1/comb_iter_0/left/separable_5x5_2/separable_conv2d,CPU,1476.8,1530.4,1.0362946912242688
cell_stem_1/comb_iter_0/right/MaxPool2D/MaxPool,CPU,1056.9,1137.6,1.0763553789384046
cell_stem_1/comb_iter_0/left/bn_sep_5x5_2/FusedBatchNormV3___tr4cell_stem_1/comb_iter_0/combine/add,CPU,397.5,380.6,0.9574842767295598
cell_stem_1/comb_iter_0/right/MaxPool2D/MaxPool___tr4cell_stem_1/comb_iter_0/combine/add,CPU,263.7142857142857,278.0,1.0541711809317442
cell_stem_1/comb_iter_0/combine/add,CPU,188.77777777777777,219.8,1.1643319599764568
cell_stem_0/comb_iter_0/left/Relu,CPU,1834.375,3369.1,1.8366473594548551
cell_stem_0/comb_iter_0/left/separable_5x5_1/separable_conv2d/depthwise,CPU,2767.9,3227.5,1.1660464612160844
cell_stem_0/comb_iter_0/left/separable_5x5_1/separable_conv2d,CPU,3578.5,3716.8,1.0386474779935728
cell_stem_0/comb_iter_0/left/separable_5x5_2/separable_conv2d/depthwise,CPU,1184.4,1268.3,1.070837554880108
cell_stem_0/comb_iter_0/left/separable_5x5_2/separable_conv2d,CPU,2048.1,2250.6,1.0988721253845026
cell_stem_0/comb_iter_0/right/MaxPool2D/MaxPool,CPU,2386.6,2756.6,1.1550322634710466
cell_stem_0/comb_iter_0/right/1x1/Conv2D,CPU,3568.0,3718.9,1.042292600896861
cell_stem_0/comb_iter_0/combine/add,CPU,412.57142857142856,501.3,1.2150623268698062
cell_stem_0/Relu,OpenCL,1636.3,4066.5,2.485179979221414
cell_stem_0/1x1/Conv2D,OpenCL,8798.5,9523.1,1.082354946865943
cell_stem_0/comb_iter_1/left/Relu,CPU,1046.5,1618.8,1.5468705207835642
cell_stem_0/comb_iter_1/left/separable_7x7_1/separable_conv2d/depthwise,CPU,2652.8,2850.1,1.074374246079614
cell_stem_0/comb_iter_1/left/separable_7x7_1/separable_conv2d,CPU,2116.2,2412.9,1.140204139495322
cell_stem_0/comb_iter_1/left/separable_7x7_2/separable_conv2d/depthwise,CPU,2065.5,2176.3,1.0536431856693296
cell_stem_0/comb_iter_1/left/separable_7x7_2/separable_conv2d,CPU,2061.6,2357.5,1.1435292976329066
cell_stem_0/comb_iter_1/right/MaxPool2D/MaxPool,CPU,1428.1,1699.5,1.1900427140956515
cell_stem_0/comb_iter_1/left/bn_sep_7x7_2/FusedBatchNormV3___tr4cell_stem_0/comb_iter_1/combine/add,CPU,962.7,1167.4,1.2126311415809703
cell_stem_0/comb_iter_1/right/MaxPool2D/MaxPool___tr4cell_stem_0/comb_iter_1/combine/add,CPU,988.5,1100.9,1.1137076378351038
cell_stem_0/comb_iter_1/combine/add,CPU,409.0,591.7,1.4466992665036675
cell_stem_0/comb_iter_2/left/Relu,OpenCL,1116.7,196.4,0.17587534700456703
cell_stem_0/comb_iter_2/left/separable_5x5_1/separable_conv2d/depthwise,OpenCL,3541.7,5476.5,1.5462913290227858
cell_stem_0/comb_iter_2/left/separable_5x5_1/separable_conv2d,OpenCL,1128.1,206.3,0.18287385870046985
cell_stem_0/comb_iter_2/left/separable_5x5_2/separable_conv2d/depthwise,OpenCL,1790.8,3247.1,1.8132119723028814
cell_stem_0/comb_iter_2/left/separable_5x5_2/separable_conv2d,OpenCL,1126.2,192.2,0.17066240454626175
cell_stem_0/comb_iter_2/right/Relu,OpenCL,1119.8,1575.9,1.4073048758706914
cell_stem_0/comb_iter_2/right/separable_3x3_1/separable_conv2d/depthwise,OpenCL,1570.5,4109.9,2.616937281120662
cell_stem_0/comb_iter_2/right/separable_3x3_1/separable_conv2d,OpenCL,1128.2,227.7,0.20182591739053357
cell_stem_0/comb_iter_2/right/separable_3x3_2/separable_conv2d/depthwise,OpenCL,1124.7,2441.5,2.1708011025162266
cell_stem_0/comb_iter_2/right/separable_3x3_2/separable_conv2d,OpenCL,1123.9,256.1,0.22786724797579855
cell_stem_0/comb_iter_2/combine/add,OpenCL,1119.3,1904.0,1.7010631644777987
cell_stem_0/comb_iter_3/left/Relu,CPU,230.0,319.0,1.3869565217391304
cell_stem_0/comb_iter_3/left/separable_3x3_1/separable_conv2d/depthwise,CPU,625.1,685.5,1.0966245400735881
cell_stem_0/comb_iter_3/left/separable_3x3_1/separable_conv2d,CPU,2045.6,2171.2,1.0614000782166602
cell_stem_0/comb_iter_3/left/separable_3x3_2/separable_conv2d/depthwise,CPU,614.7,648.4,1.0548234911338863
cell_stem_0/comb_iter_3/left/separable_3x3_2/separable_conv2d,CPU,2044.7000000000003,2129.4,1.0414241698048612
cell_stem_0/comb_iter_3/right/MaxPool2D/MaxPool,CPU,1432.4,1560.9,1.0897095783300754
cell_stem_0/comb_iter_3/left/bn_sep_3x3_2/FusedBatchNormV3___tr4cell_stem_0/comb_iter_3/combine/add,CPU,967.2,998.4,1.032258064516129
cell_stem_0/comb_iter_3/right/MaxPool2D/MaxPool___tr4cell_stem_0/comb_iter_3/combine/add,CPU,951.9,934.4,0.981615715936548
cell_stem_0/comb_iter_3/combine/add,CPU,415.1,495.6,1.193929173693086
cell_stem_0/comb_iter_4/left/Relu,OpenCL,1688.0,2772.2,1.642298578199052
cell_stem_0/comb_iter_4/left/separable_3x3_1/separable_conv2d/depthwise,OpenCL,3119.4,4765.1,1.5275694043726358
cell_stem_0/comb_iter_4/left/separable_3x3_1/separable_conv2d,OpenCL,1628.8,288.0,0.17681728880157171
cell_stem_0/comb_iter_4/left/separable_3x3_2/separable_conv2d/depthwise,OpenCL,1128.0,3064.4,2.716666666666667
cell_stem_0/comb_iter_4/left/separable_3x3_2/separable_conv2d,OpenCL,1123.6,291.1,0.2590779636881453
cell_stem_0/comb_iter_4/right/Relu,OpenCL,1118.4,105.2,0.0940629470672389
cell_stem_0/comb_iter_4/right/1x1/Conv2D,OpenCL,2067.5,86.6,0.0418863361547763
cell_stem_0/comb_iter_4/combine/add,OpenCL,1120.6,4835.9,4.315456005711226
cell_stem_0/comb_iter_1/combine/add___tr4cell_stem_0/cell_output/concat,CPU,846.4,992.7,1.172849716446125
cell_stem_0/comb_iter_3/combine/add___tr4cell_stem_0/cell_output/concat,CPU,801.9,794.1,0.9902731013842125
cell_stem_0/cell_output/concat,CPU,5273.6,4605.2,0.8732554611650485
cell_stem_1/Relu_1,OpenCL,1926.2,3415.2,1.7730246080365486
cell_stem_1/1x1/Conv2D,OpenCL,5906.6,8006.4,1.3555006264179053
cell_stem_1/comb_iter_1/left/Relu,CPU,488.5,597.8,1.2237461617195495
cell_stem_1/comb_iter_1/left/separable_7x7_1/separable_conv2d/depthwise,CPU,1623.0,1657.8,1.021441774491682
cell_stem_1/comb_iter_1/left/separable_7x7_1/separable_conv2d,CPU,1629.3,1667.6,1.0235070275578468
cell_stem_1/comb_iter_1/left/separable_7x7_2/separable_conv2d/depthwise,CPU,1166.6,1165.4,0.9989713697925597
cell_stem_1/comb_iter_1/left/separable_7x7_2/separable_conv2d,CPU,1490.4,1573.1,1.0554884594739666
cell_stem_1/comb_iter_1/right/MaxPool2D/MaxPool,CPU,1088.6,1188.3,1.0915855226896933
cell_stem_1/comb_iter_1/left/bn_sep_7x7_2/FusedBatchNormV3___tr4cell_stem_1/comb_iter_1/combine/add,CPU,441.3,372.3,0.8436437797416724
cell_stem_1/comb_iter_1/right/MaxPool2D/MaxPool___tr4cell_stem_1/comb_iter_1/combine/add,CPU,231.66666666666666,236.8,1.022158273381295
cell_stem_1/comb_iter_1/combine/add,CPU,196.5,233.9,1.1903307888040713
cell_stem_1/comb_iter_2/left/Relu,OpenCL,1153.8,190.3,0.16493326399722658
cell_stem_1/comb_iter_2/left/separable_5x5_1/separable_conv2d/depthwise,OpenCL,2771.1,4214.0,1.5206957525892246
cell_stem_1/comb_iter_2/left/separable_5x5_1/separable_conv2d,OpenCL,1226.9,213.6,0.174097318444861
cell_stem_1/comb_iter_2/left/separable_5x5_2/separable_conv2d/depthwise,OpenCL,1233.0,2254.0,1.8280616382806163
cell_stem_1/comb_iter_2/left/separable_5x5_2/separable_conv2d,OpenCL,1222.8,231.5,0.18931959437356888
cell_stem_1/comb_iter_2/right/Relu,OpenCL,1217.1,81.4,0.06688028921206146
cell_stem_1/comb_iter_2/right/separable_3x3_1/separable_conv2d/depthwise,OpenCL,1237.9,3280.9,2.6503756361580093
cell_stem_1/comb_iter_2/right/separable_3x3_1/separable_conv2d,OpenCL,1227.3,237.3,0.19335125886091423
cell_stem_1/comb_iter_2/right/separable_3x3_2/separable_conv2d/depthwise,OpenCL,1228.5,1891.1,1.5393569393569393
cell_stem_1/comb_iter_2/right/separable_3x3_2/separable_conv2d,OpenCL,1224.6,287.3,0.23460721868365184
cell_stem_1/comb_iter_2/combine/add,OpenCL,1212.8,88.2,0.07272427440633246
cell_stem_1/comb_iter_3/left/Relu,OpenCL,1209.3,191.0,0.1579426114280989
cell_stem_1/comb_iter_3/left/separable_3x3_1/separable_conv2d/depthwise,OpenCL,1225.9,1362.2,1.111183620197406
cell_stem_1/comb_iter_3/left/separable_3x3_1/separable_conv2d,OpenCL,1225.6,172.0,0.14033942558746737
cell_stem_1/comb_iter_3/left/separable_3x3_2/separable_conv2d/depthwise,OpenCL,1228.1,1695.0,1.3801807670385149
cell_stem_1/comb_iter_3/left/separable_3x3_2/separable_conv2d,OpenCL,1234.7,231.0,0.1870899813719932
cell_stem_1/comb_iter_3/right/MaxPool2D/MaxPool,OpenCL,1218.5,135.3,0.11103816167418959
cell_stem_1/comb_iter_3/left/bn_sep_3x3_2/FusedBatchNormV3___tr4cell_stem_1/comb_iter_3/combine/add,OpenCL,1215.9,92.8,0.07632206595937165
cell_stem_1/comb_iter_3/right/MaxPool2D/MaxPool___tr4cell_stem_1/comb_iter_3/combine/add,OpenCL,1205.7,47.6,0.03947914074811313
cell_stem_1/comb_iter_3/combine/add,OpenCL,1220.0,2898.2,2.375573770491803
cell_stem_1/comb_iter_4/left/Relu,OpenCL,1223.7,2217.4,1.8120454359728693
cell_stem_1/comb_iter_4/left/separable_3x3_1/separable_conv2d/depthwise,OpenCL,1237.8,1799.9,1.4541121344320571
cell_stem_1/comb_iter_4/left/separable_3x3_1/separable_conv2d,OpenCL,1224.5,214.3,0.1750102082482646
cell_stem_1/comb_iter_4/left/separable_3x3_2/separable_conv2d/depthwise,OpenCL,1254.9,2085.4,1.66180572157144
cell_stem_1/comb_iter_4/left/separable_3x3_2/separable_conv2d,OpenCL,1223.1,277.5,0.2268825116507236
cell_stem_1/comb_iter_4/right/Relu,OpenCL,1211.4,628.7,0.5189862968466238
cell_stem_1/comb_iter_4/right/1x1/Conv2D,OpenCL,1220.8,89.7,0.07347640891218873
cell_stem_1/comb_iter_4/combine/add,OpenCL,1213.7,77.3,0.06368954436846008
cell_stem_1/comb_iter_2/combine/add___tr4cell_stem_1/cell_output/concat,OpenCL,1205.7,1879.9,1.55917724143651
cell_stem_1/comb_iter_4/combine/add___tr4cell_stem_1/cell_output/concat,OpenCL,1227.8,3451.0,2.8107183580387685
cell_stem_1/cell_output/concat,CPU,2035.4,2171.7,1.0669647243785003
cell_1/Relu,CPU,675.3333333333334,900.2,1.3329713721618954
cell_1/Relu___tr4cell_1/prev_1x1/Conv2D,CPU,2152.5,2324.7,1.0799999999999998
cell_1/prev_1x1/Conv2D,CPU,14908.1,15001.0,1.0062315117285234
cell_1/comb_iter_0/left/Relu,CPU,231.66666666666666,305.5,1.3187050359712231
cell_1/comb_iter_0/left/separable_5x5_1/separable_conv2d/depthwise,CPU,1424.2,1452.9,1.020151664092122
cell_1/comb_iter_0/left/separable_5x5_1/separable_conv2d,CPU,5988.0,6197.6,1.03500334001336
cell_1/comb_iter_0/left/separable_5x5_2/separable_conv2d/depthwise,CPU,1360.2,1446.5,1.0634465519776504
cell_1/comb_iter_0/left/separable_5x5_2/separable_conv2d,CPU,6005.3,6270.1,1.0440943832947562
cell_1/comb_iter_0/right/MaxPool2D/MaxPool,CPU,1102.3,1253.6,1.137258459584505
cell_1/comb_iter_0/left/bn_sep_5x5_2/FusedBatchNormV3___tr4cell_1/comb_iter_0/combine/add,CPU,552.8571428571429,861.9,1.5589922480620153
cell_1/comb_iter_0/right/MaxPool2D/MaxPool___tr4cell_1/comb_iter_0/combine/add,CPU,376.0,511.1,1.3593085106382978
cell_1/comb_iter_0/combine/add,CPU,408.75,511.9,1.252354740061162
cell_0/Relu,CPU,1648.125,1697.4,1.0298976109215017
cell_0/AvgPool2D,CPU,1237.5,1320.2,1.066828282828283
cell_0/path1_conv/Conv2D,CPU,4153.2,4372.9,1.0528989694693247
cell_0/Pad/paddings,CPU,0.0,0.2,0
cell_0/Pad_Gather_Index,CPU,0.0,0.3,0
cell_0/Pad_Gather,CPU,0.0,0.4,0
cell_0/Pad,CPU,2789.5,3375.3,1.2100017924359205
cell_0/strided_slice/stack,CPU,0.0,0.1,0
cell_0/strided_slice/stack_1,CPU,0.9,0.7,0.7777777777777777
cell_0/strided_slice/stack_2,CPU,0.0,0.2,0
cell_0/Pad___tr4cell_0/strided_slice,CPU,3841.3,4071.5,1.0599276286673782
cell_0/strided_slice,CPU,2640.4,2275.3,0.8617254961369489
cell_0/strided_slice___tr4cell_0/AvgPool2D_1,CPU,4269.2,4879.5,1.1429541834535746
cell_0/AvgPool2D_1,CPU,1177.5,1359.1,1.1542250530785563
cell_0/path2_conv/Conv2D,CPU,4163.3,4269.3,1.025460572142291
cell_0/concat,CPU,213.6,324.9,1.521067415730337
cell_0/final_path_bn/FusedBatchNormV3,CPU,273.22222222222223,394.6,1.4442456283041887
cell_0/comb_iter_0/left/Relu,CPU,264.55555555555554,327.6,1.2383032339353215
cell_0/comb_iter_0/left/separable_5x5_1/separable_conv2d/depthwise,CPU,1422.6,1446.3,1.0166596372838466
cell_0/comb_iter_0/left/separable_5x5_1/separable_conv2d,CPU,6014.8,6042.9,1.0046718095364766
cell_0/comb_iter_0/left/separable_5x5_2/separable_conv2d/depthwise,CPU,1338.5,1419.0,1.060141949943967
cell_0/comb_iter_0/left/separable_5x5_2/separable_conv2d,CPU,6002.9,6073.9,1.0118276166519515
cell_0/comb_iter_0/right/MaxPool2D/MaxPool,CPU,1117.8,1130.2,1.0110932188226875
cell_0/comb_iter_0/left/bn_sep_5x5_2/FusedBatchNormV3___tr4cell_0/comb_iter_0/combine/add,CPU,636.4285714285714,730.3,1.1474971941638608
cell_0/comb_iter_0/right/MaxPool2D/MaxPool___tr4cell_0/comb_iter_0/combine/add,CPU,386.57142857142856,500.1,1.293680709534368
cell_0/comb_iter_0/combine/add,CPU,394.8888888888889,433.4,1.097523916713562
cell_0/Relu_1,OpenCL,1086.4,2148.3,1.9774484536082475
cell_0/Relu_1___tr4cell_0/1x1/Conv2D,OpenCL,1091.0,208.5,0.19110907424381302
cell_0/1x1/Conv2D,OpenCL,6323.5,8295.9,1.3119158693761366
cell_0/comb_iter_1/left/Relu,OpenCL,667.2,196.0,0.29376498800959233
cell_0/comb_iter_1/left/separable_7x7_1/separable_conv2d/depthwise,OpenCL,2524.3,3913.4,1.5502911698292596
cell_0/comb_iter_1/left/separable_7x7_1/separable_conv2d,OpenCL,2946.9,238.0,0.08076283552207404
cell_0/comb_iter_1/left/separable_7x7_2/separable_conv2d/depthwise,OpenCL,2434.5,5418.8,2.2258369275005134
cell_0/comb_iter_1/left/separable_7x7_2/separable_conv2d,OpenCL,2815.8,213.3,0.07575111868740678
cell_0/comb_iter_1/right/MaxPool2D/MaxPool,OpenCL,1445.5,83.0,0.0574195780006918
cell_0/comb_iter_1/left/bn_sep_7x7_2/FusedBatchNormV3___tr4cell_0/comb_iter_1/combine/add,OpenCL,539.0,60.7,0.11261595547309834
cell_0/comb_iter_1/right/MaxPool2D/MaxPool___tr4cell_0/comb_iter_1/combine/add,OpenCL,605.75,47.4,0.07825010317787866
cell_0/comb_iter_1/combine/add,OpenCL,543.4,5379.0,9.898785425101215
cell_0/comb_iter_2/left/Relu,OpenCL,514.8,181.8,0.3531468531468532
cell_0/comb_iter_2/left/separable_5x5_1/separable_conv2d/depthwise,OpenCL,1668.0,3026.4,1.814388489208633
cell_0/comb_iter_2/left/separable_5x5_1/separable_conv2d,OpenCL,2838.8,198.4,0.06988868536001128
cell_0/comb_iter_2/left/separable_5x5_2/separable_conv2d/depthwise,OpenCL,1723.4,4602.6,2.67065103864454
cell_0/comb_iter_2/left/separable_5x5_2/separable_conv2d,OpenCL,2934.2,225.9,0.07698861699952288
cell_0/comb_iter_2/right/Relu,OpenCL,1079.7,72.0,0.0666851903306474
cell_0/comb_iter_2/right/separable_3x3_1/separable_conv2d/depthwise,OpenCL,1192.4444444444443,4309.8,3.6142564293701085
cell_0/comb_iter_2/right/separable_3x3_1/separable_conv2d,OpenCL,2847.4,208.7,0.07329493573084217
cell_0/comb_iter_2/right/separable_3x3_2/separable_conv2d/depthwise,OpenCL,1175.2,4029.1,3.428437712729748
cell_0/comb_iter_2/right/separable_3x3_2/separable_conv2d,OpenCL,2849.7,212.6,0.07460434431694564
cell_0/comb_iter_2/combine/add,OpenCL,1077.6666666666667,107.7,0.09993813795236622
cell_0/comb_iter_3/left/Relu,OpenCL,1058.6,259.7,0.24532401284715663
cell_0/comb_iter_3/left/separable_3x3_1/separable_conv2d/depthwise,OpenCL,1175.5,2059.6,1.7521054870267971
cell_0/comb_iter_3/left/separable_3x3_1/separable_conv2d,OpenCL,2791.8,226.6,0.08116627265563435
cell_0/comb_iter_3/left/separable_3x3_2/separable_conv2d/depthwise,OpenCL,1170.5,4344.3,3.7114908158906452
cell_0/comb_iter_3/left/separable_3x3_2/separable_conv2d,OpenCL,2850.7,245.3,0.08604904058652262
cell_0/comb_iter_3/right/MaxPool2D/MaxPool,OpenCL,1391.3,454.0,0.32631351972974915
cell_0/comb_iter_3/left/bn_sep_3x3_2/FusedBatchNormV3___tr4cell_0/comb_iter_3/combine/add,OpenCL,1062.9,68.4,0.06435224386113463
cell_0/comb_iter_3/right/MaxPool2D/MaxPool___tr4cell_0/comb_iter_3/combine/add,OpenCL,1059.6,55.2,0.0520951302378256
cell_0/comb_iter_3/combine/add,OpenCL,1073.9,5362.1,4.993109228047304
cell_0/comb_iter_4/left/Relu,CPU,271.8888888888889,299.8,1.1026563138536984
cell_0/comb_iter_4/left/separable_3x3_1/separable_conv2d/depthwise,CPU,661.4,648.3,0.9801935288781373
cell_0/comb_iter_4/left/separable_3x3_1/separable_conv2d,CPU,6009.7,6054.6,1.0074712548047324
cell_0/comb_iter_4/left/separable_3x3_2/separable_conv2d/depthwise,CPU,631.3,658.6,1.0432440994772691
cell_0/comb_iter_4/left/separable_3x3_2/separable_conv2d,CPU,6011.9,6054.0,1.0070027778239825
cell_0/comb_iter_4/combine/add,CPU,422.125,531.9,1.2600533017471127
cell_0/comb_iter_2/combine/add___tr4cell_0/cell_output/concat,OpenCL,1215.4,3856.6,3.173111732762876
cell_0/comb_iter_4/combine/add___tr4cell_0/cell_output/concat,CPU,437.875,866.4,1.9786468741079075
cell_0/cell_output/concat,CPU,2820.875,2973.2,1.0539992023751494
cell_1/Relu_1,OpenCL,2030.5999999999997,3469.9,1.7088052792278148
cell_1/Relu_1___tr4cell_1/1x1/Conv2D,OpenCL,1710.1,240.3,0.14051809835682125
cell_1/1x1/Conv2D,OpenCL,12080.9,14574.9,1.2064415730616096
cell_1/comb_iter_1/left/Relu,CPU,225.8,349.9,1.5496014171833479
cell_1/comb_iter_1/left/separable_7x7_1/separable_conv2d/depthwise,CPU,2369.8,2451.1,1.0343066925478943
cell_1/comb_iter_1/left/separable_7x7_1/separable_conv2d,CPU,6063.6,6425.3,1.0596510323899992
cell_1/comb_iter_1/left/separable_7x7_2/separable_conv2d/depthwise,CPU,2323.5,2365.2,1.0179470626210458
cell_1/comb_iter_1/left/separable_7x7_2/separable_conv2d,CPU,6017.6,6108.7,1.0151389258176016
cell_1/comb_iter_1/right/MaxPool2D/MaxPool,CPU,1102.5,1168.9,1.0602267573696147
cell_1/comb_iter_1/left/bn_sep_7x7_2/FusedBatchNormV3___tr4cell_1/comb_iter_1/combine/add,CPU,504.49999999999994,702.4,1.392269573835481
cell_1/comb_iter_1/right/MaxPool2D/MaxPool___tr4cell_1/comb_iter_1/combine/add,CPU,364.25,479.1,1.315305422100206
cell_1/comb_iter_1/combine/add,CPU,409.8,523.5,1.2774524158125915
cell_1/comb_iter_2/left/Relu,OpenCL,504.75000000000006,885.0,1.75334323922734
cell_1/comb_iter_2/left/separable_5x5_1/separable_conv2d/depthwise,OpenCL,1648.7,3624.2,2.1982167768544913
cell_1/comb_iter_2/left/separable_5x5_1/separable_conv2d,OpenCL,2835.7,253.2,0.08929012236837465
cell_1/comb_iter_2/left/separable_5x5_2/separable_conv2d/depthwise,OpenCL,1663.4,4681.4,2.8143561380305395
cell_1/comb_iter_2/left/separable_5x5_2/separable_conv2d,OpenCL,2854.5,216.6,0.07588018917498686
cell_1/comb_iter_2/right/Relu,OpenCL,696.0,430.1,0.6179597701149425
cell_1/comb_iter_2/right/separable_3x3_1/separable_conv2d/depthwise,OpenCL,1163.8,4464.9,3.8364839319470696
cell_1/comb_iter_2/right/separable_3x3_1/separable_conv2d,OpenCL,2794.0,252.4,0.09033643521832499
cell_1/comb_iter_2/right/separable_3x3_2/separable_conv2d/depthwise,OpenCL,1132.2,4751.4,4.196608373078961
cell_1/comb_iter_2/right/separable_3x3_2/separable_conv2d,OpenCL,2890.5,289.4,0.10012108631724614
cell_1/comb_iter_2/combine/add,OpenCL,1030.7777777777778,97.3,0.09439473967877546
cell_1/comb_iter_3/left/Relu,OpenCL,560.0,180.5,0.3223214285714286
cell_1/comb_iter_3/left/separable_3x3_1/separable_conv2d/depthwise,OpenCL,1153.0,1708.6,1.4818733738074588
cell_1/comb_iter_3/left/separable_3x3_1/separable_conv2d,OpenCL,2840.6,200.1,0.07044286418362318
cell_1/comb_iter_3/left/separable_3x3_2/separable_conv2d/depthwise,OpenCL,1122.5555555555557,4218.1,3.7575868553894884
cell_1/comb_iter_3/left/separable_3x3_2/separable_conv2d,OpenCL,2855.9,227.3,0.07958962148534612
cell_1/comb_iter_3/right/MaxPool2D/MaxPool,OpenCL,1367.2,89.6,0.0655354008191925
cell_1/comb_iter_3/left/bn_sep_3x3_2/FusedBatchNormV3___tr4cell_1/comb_iter_3/combine/add,OpenCL,984.0,63.9,0.0649390243902439
cell_1/comb_iter_3/right/MaxPool2D/MaxPool___tr4cell_1/comb_iter_3/combine/add,OpenCL,467.6666666666667,50.9,0.10883820384889521
cell_1/comb_iter_3/combine/add,OpenCL,693.0,5154.1,7.437373737373738
cell_1/comb_iter_4/left/Relu,OpenCL,508.0,1618.3,3.1856299212598422
cell_1/comb_iter_4/left/separable_3x3_1/separable_conv2d/depthwise,OpenCL,1129.9,1342.0,1.1877157270554914
cell_1/comb_iter_4/left/separable_3x3_1/separable_conv2d,OpenCL,2847.6,166.4,0.058435173479421273
cell_1/comb_iter_4/left/separable_3x3_2/separable_conv2d/depthwise,OpenCL,1150.1,3813.1,3.315450830362577
cell_1/comb_iter_4/left/separable_3x3_2/separable_conv2d,OpenCL,2834.7,189.6,0.06688538469679331
cell_1/comb_iter_4/combine/add,OpenCL,1101.9,78.0,0.07078682276068608
cell_1/comb_iter_2/combine/add___tr4cell_1/cell_output/concat,OpenCL,1073.3,3883.5,3.6182800708096527
cell_1/comb_iter_4/combine/add___tr4cell_1/cell_output/concat,OpenCL,1034.6666666666667,3609.0,3.4880798969072164
cell_1/cell_output/concat,CPU,3133.777777777778,4423.0,1.41139554673096
cell_3/Relu,OpenCL,1920.2222222222222,4227.5,2.20156810554334
cell_3/Relu___tr4cell_3/prev_1x1/Conv2D,OpenCL,1851.9,248.9,0.13440250553485608
cell_3/prev_1x1/Conv2D,OpenCL,12143.0,15222.6,1.253611133986659
cell_3/comb_iter_0/left/Relu,CPU,233.85714285714286,339.8,1.453023824068418
cell_3/comb_iter_0/left/separable_5x5_1/separable_conv2d/depthwise,CPU,1419.5,1509.4,1.06333215921099
cell_3/comb_iter_0/left/separable_5x5_1/separable_conv2d,CPU,6036.5,6229.8,1.0320218669758967
cell_3/comb_iter_0/left/separable_5x5_2/separable_conv2d/depthwise,CPU,1338.2,1420.5,1.0615005230907189
cell_3/comb_iter_0/left/separable_5x5_2/separable_conv2d,CPU,6023.7,6355.3,1.0550492222388235
cell_3/comb_iter_0/right/MaxPool2D/MaxPool,CPU,1103.9,1354.3,1.2268321405924447
cell_3/comb_iter_0/left/bn_sep_5x5_2/FusedBatchNormV3___tr4cell_3/comb_iter_0/combine/add,CPU,716.0,803.9,1.1227653631284915
cell_3/comb_iter_0/right/MaxPool2D/MaxPool___tr4cell_3/comb_iter_0/combine/add,CPU,391.25,505.2,1.2912460063897764
cell_3/comb_iter_0/combine/add,CPU,401.125,568.6,1.4175132440012466
cell_2/Relu,OpenCL,1829.2,2661.3,1.454898316203805
cell_2/Relu___tr4cell_2/prev_1x1/Conv2D,OpenCL,1791.9,220.4,0.12299793515263129
cell_2/prev_1x1/Conv2D,OpenCL,12182.2,198.4,0.016286056705685344
cell_2/comb_iter_0/left/Relu,OpenCL,622.2,128.1,0.20588235294117643
cell_2/comb_iter_0/left/separable_5x5_1/separable_conv2d/depthwise,OpenCL,1735.9,16384.2,9.438446915144882
cell_2/comb_iter_0/left/separable_5x5_1/separable_conv2d,OpenCL,2776.0,1142.3,0.41149135446685875
cell_2/comb_iter_0/left/separable_5x5_2/separable_conv2d/depthwise,OpenCL,1683.5,4668.9,2.773329373329373
cell_2/comb_iter_0/left/separable_5x5_2/separable_conv2d,OpenCL,2897.6,237.2,0.08186085035891773
cell_2/comb_iter_0/right/MaxPool2D/MaxPool,OpenCL,1600.125,410.2,0.2563549722677916
cell_2/comb_iter_0/left/bn_sep_5x5_2/FusedBatchNormV3___tr4cell_2/comb_iter_0/combine/add,OpenCL,528.5,151.4,0.2864711447492905
cell_2/comb_iter_0/right/MaxPool2D/MaxPool___tr4cell_2/comb_iter_0/combine/add,OpenCL,648.125,44.8,0.06912246865959498
cell_2/comb_iter_0/combine/add,OpenCL,517.7142857142857,5413.1,10.455767108167771
cell_2/Relu_1,OpenCL,1806.2,3362.0,1.8613664046063558
cell_2/Relu_1___tr4cell_2/1x1/Conv2D,OpenCL,1897.7,169.5,0.0893186488907625
cell_2/1x1/Conv2D,OpenCL,12138.3,13801.6,1.1370290732639663
cell_2/comb_iter_1/left/Relu,CPU,233.8,362.2,1.5491873396065012
cell_2/comb_iter_1/left/separable_7x7_1/separable_conv2d/depthwise,CPU,2421.9,2428.4,1.0026838432635534
cell_2/comb_iter_1/left/separable_7x7_1/separable_conv2d,CPU,6020.0,6123.3,1.0171594684385383
cell_2/comb_iter_1/left/separable_7x7_2/separable_conv2d/depthwise,CPU,2359.8,2347.1,0.9946181879820323
cell_2/comb_iter_1/left/separable_7x7_2/separable_conv2d,CPU,6012.7,6080.9,1.011342658040481
cell_2/comb_iter_1/right/MaxPool2D/MaxPool,CPU,1076.8,1094.1,1.0160661218424962
cell_2/comb_iter_1/left/bn_sep_7x7_2/FusedBatchNormV3___tr4cell_2/comb_iter_1/combine/add,CPU,691.75,820.9,1.1867003975424648
cell_2/comb_iter_1/right/MaxPool2D/MaxPool___tr4cell_2/comb_iter_1/combine/add,CPU,387.125,489.6,1.2647077817242494
cell_2/comb_iter_1/combine/add,CPU,430.75,402.6,0.934648868253047
cell_2/comb_iter_2/left/Relu,CPU,254.66666666666666,478.9,1.8804973821989528
cell_2/comb_iter_2/left/separable_5x5_1/separable_conv2d/depthwise,CPU,1421.3,1539.8,1.0833743755716598
cell_2/comb_iter_2/left/separable_5x5_1/separable_conv2d,CPU,6036.9,6493.2,1.0755851513193857
cell_2/comb_iter_2/left/separable_5x5_2/separable_conv2d/depthwise,CPU,1343.8,1420.5,1.0570769459741034
cell_2/comb_iter_2/left/separable_5x5_2/separable_conv2d,CPU,6029.5,6182.7,1.0254084086574342
cell_2/comb_iter_2/right/Relu,CPU,276.1111111111111,345.1,1.2498591549295777
cell_2/comb_iter_2/right/separable_3x3_1/separable_conv2d/depthwise,CPU,697.6,736.0,1.055045871559633
cell_2/comb_iter_2/right/separable_3x3_1/separable_conv2d,CPU,6016.3,6106.2,1.0149427388926748
cell_2/comb_iter_2/right/separable_3x3_2/separable_conv2d/depthwise,CPU,649.3,636.3,0.9799784383181889
cell_2/comb_iter_2/right/separable_3x3_2/separable_conv2d,CPU,5980.0,5999.0,1.0031772575250837
cell_2/comb_iter_2/combine/add,CPU,379.25,388.4,1.02412656558998
cell_2/comb_iter_3/left/Relu,OpenCL,498.0,2100.3,4.217469879518073
cell_2/comb_iter_3/left/separable_3x3_1/separable_conv2d/depthwise,OpenCL,1082.2,1364.5,1.2608575124745887
cell_2/comb_iter_3/left/separable_3x3_1/separable_conv2d,OpenCL,2792.1,164.3,0.058844597256545256
cell_2/comb_iter_3/left/separable_3x3_2/separable_conv2d/depthwise,OpenCL,1105.7,3827.0,3.461155828886678
cell_2/comb_iter_3/left/separable_3x3_2/separable_conv2d,OpenCL,2835.1,197.3,0.06959190152022857
cell_2/comb_iter_3/right/MaxPool2D/MaxPool,OpenCL,1392.888888888889,674.9,0.48453254626675174
cell_2/comb_iter_3/left/bn_sep_3x3_2/FusedBatchNormV3___tr4cell_2/comb_iter_3/combine/add,OpenCL,519.6,65.1,0.12528868360277134
cell_2/comb_iter_3/right/MaxPool2D/MaxPool___tr4cell_2/comb_iter_3/combine/add,OpenCL,534.2,77.7,0.14545114189442157
cell_2/comb_iter_3/combine/add,OpenCL,563.0,3819.5,6.784191829484902
cell_2/comb_iter_4/left/Relu,OpenCL,475.5,330.8,0.6956887486855942
cell_2/comb_iter_4/left/separable_3x3_1/separable_conv2d/depthwise,OpenCL,1105.8,1956.1,1.768945559775728
cell_2/comb_iter_4/left/separable_3x3_1/separable_conv2d,OpenCL,2870.4,242.3,0.08441332218506131
cell_2/comb_iter_4/left/separable_3x3_2/separable_conv2d/depthwise,OpenCL,1137.6,4084.0,3.590014064697609
cell_2/comb_iter_4/left/separable_3x3_2/separable_conv2d,OpenCL,2923.0,205.6,0.07033869312350324
cell_2/comb_iter_4/combine/add,OpenCL,1112.5,430.6,0.3870561797752809
cell_2/comb_iter_2/combine/add___tr4cell_2/cell_output/concat,CPU,620.5,687.8,1.1084609186140209
cell_2/comb_iter_4/combine/add___tr4cell_2/cell_output/concat,OpenCL,1063.1,4323.1,4.066503621484339
cell_2/cell_output/concat,CPU,2957.0,2963.2,1.0020967196482922
cell_3/Relu_1,OpenCL,2041.9999999999998,4041.1,1.978991185112635
cell_3/Relu_1___tr4cell_3/1x1/Conv2D,OpenCL,1763.8,231.8,0.13142079600861778
cell_3/1x1/Conv2D,OpenCL,12121.9,15026.0,1.2395746541383776
cell_3/comb_iter_1/left/Relu,CPU,227.4,421.1,1.8518029903254178
cell_3/comb_iter_1/left/separable_7x7_1/separable_conv2d/depthwise,CPU,2406.3,2461.2,1.0228151103353695
cell_3/comb_iter_1/left/separable_7x7_1/separable_conv2d,CPU,6039.4,6286.1,1.040848428651853
cell_3/comb_iter_1/left/separable_7x7_2/separable_conv2d/depthwise,CPU,2342.9,2372.1,1.0124631866490246
cell_3/comb_iter_1/left/separable_7x7_2/separable_conv2d,CPU,6015.0,6067.0,1.0086450540315877
cell_3/comb_iter_1/right/MaxPool2D/MaxPool,CPU,1102.6,1184.6,1.0743696716851079
cell_3/comb_iter_1/left/bn_sep_7x7_2/FusedBatchNormV3___tr4cell_3/comb_iter_1/combine/add,CPU,769.4444444444445,762.6,0.9911046931407942
cell_3/comb_iter_1/right/MaxPool2D/MaxPool___tr4cell_3/comb_iter_1/combine/add,CPU,363.5,586.1,1.6123796423658874
cell_3/comb_iter_1/combine/add,CPU,383.6,450.1,1.1733576642335766
cell_3/comb_iter_2/left/Relu,OpenCL,1133.7,702.1,0.6192996383522977
cell_3/comb_iter_2/left/separable_5x5_1/separable_conv2d/depthwise,OpenCL,1727.4,2276.8,1.3180502489290262
cell_3/comb_iter_2/left/separable_5x5_1/separable_conv2d,OpenCL,2914.4,184.6,0.06334065330771342
cell_3/comb_iter_2/left/separable_5x5_2/separable_conv2d/depthwise,OpenCL,1701.3,5245.9,3.0834655851407744
cell_3/comb_iter_2/left/separable_5x5_2/separable_conv2d,OpenCL,2866.0,206.5,0.0720516399162596
cell_3/comb_iter_2/right/Relu,OpenCL,1138.8,398.3,0.34975412715138743
cell_3/comb_iter_2/right/separable_3x3_1/separable_conv2d/depthwise,OpenCL,1198.8,4448.3,3.7106272939606275
cell_3/comb_iter_2/right/separable_3x3_1/separable_conv2d,OpenCL,2882.0,248.2,0.08612074947952811
cell_3/comb_iter_2/right/separable_3x3_2/separable_conv2d/depthwise,OpenCL,1196.7,4176.0,3.4895963900726996
cell_3/comb_iter_2/right/separable_3x3_2/separable_conv2d,OpenCL,2947.3,245.8,0.08339836460489261
cell_3/comb_iter_2/combine/add,OpenCL,1153.5,86.2,0.07472908539228436
cell_3/comb_iter_3/left/Relu,OpenCL,1162.1,193.1,0.16616470183288876
cell_3/comb_iter_3/left/separable_3x3_1/separable_conv2d/depthwise,OpenCL,1208.9,1596.7,1.320787492762015
cell_3/comb_iter_3/left/separable_3x3_1/separable_conv2d,OpenCL,2915.5,252.9,0.08674326873606586
cell_3/comb_iter_3/left/separable_3x3_2/separable_conv2d/depthwise,OpenCL,1222.375,3842.7,3.143634318437468
cell_3/comb_iter_3/left/separable_3x3_2/separable_conv2d,OpenCL,2899.5,196.3,0.06770132781514054
cell_3/comb_iter_3/right/MaxPool2D/MaxPool,OpenCL,1393.6,80.1,0.05747703788748565
cell_3/comb_iter_3/left/bn_sep_3x3_2/FusedBatchNormV3___tr4cell_3/comb_iter_3/combine/add,OpenCL,1217.0,59.2,0.04864420706655711
cell_3/comb_iter_3/right/MaxPool2D/MaxPool___tr4cell_3/comb_iter_3/combine/add,OpenCL,1217.8,46.7,0.0383478403678765
cell_3/comb_iter_3/combine/add,OpenCL,1211.9,5549.5,4.579173199108837
cell_3/comb_iter_4/left/Relu,CPU,245.625,505.9,2.0596437659033078
cell_3/comb_iter_4/left/separable_3x3_1/separable_conv2d/depthwise,CPU,642.9,750.2,1.1668999844454815
cell_3/comb_iter_4/left/separable_3x3_1/separable_conv2d,CPU,6011.7,6176.4,1.0273965766754827
cell_3/comb_iter_4/left/separable_3x3_2/separable_conv2d/depthwise,CPU,623.5,666.6,1.0691259021651964
cell_3/comb_iter_4/left/separable_3x3_2/separable_conv2d,CPU,6020.3,6070.1,1.0082720130226068
cell_3/comb_iter_4/combine/add,CPU,380.22222222222223,511.6,1.3455289304500293
cell_3/comb_iter_2/combine/add___tr4cell_3/cell_output/concat,OpenCL,1207.5,4358.3,3.60935817805383
cell_3/comb_iter_4/combine/add___tr4cell_3/cell_output/concat,CPU,431.25,699.4,1.6217971014492754
cell_3/cell_output/concat,CPU,3428.5,2846.3,0.8301881289193526
cell_5/Relu,CPU,1591.7142857142858,1869.2,1.1743313588224735
cell_5/Relu___tr4cell_5/AvgPool2D,CPU,4518.1,5031.0,1.1135211704034882
cell_5/AvgPool2D,CPU,1398.7,1789.5,1.2794023021376992
cell_5/path1_conv/Conv2D,CPU,8311.7,8281.9,0.9964146925418385
cell_5/Pad/paddings,CPU,0.0,0.3,0
cell_5/Pad,CPU,1999.5555555555557,2868.5,1.4345687930651254
cell_5/strided_slice/stack,CPU,1.0,0.1,0.1
cell_5/strided_slice/stack_1,CPU,0.9,0.1,0.11111111111111112
cell_5/strided_slice/stack_2,CPU,0.0,0.2,0
cell_5/strided_slice,CPU,2646.7,2168.5,0.819322174783693
cell_5/strided_slice___tr4cell_5/AvgPool2D_1,CPU,4533.9,5075.5,1.1194556562782594
cell_5/AvgPool2D_1,CPU,1397.6,1858.0,1.3294218660560964
cell_5/path2_conv/Conv2D,CPU,8301.7,8125.4,0.9787633858125443
cell_5/concat,CPU,118.0,221.3,1.8754237288135593
cell_5/final_path_bn/FusedBatchNormV3,CPU,131.0,172.7,1.3183206106870229
cell_5/comb_iter_0/left/Relu,OpenCL,1169.0,1945.4,1.664157399486741
cell_5/comb_iter_0/left/separable_5x5_1/separable_conv2d/depthwise,OpenCL,1182.0,1693.8,1.432994923857868
cell_5/comb_iter_0/left/separable_5x5_1/separable_conv2d,OpenCL,3153.6,415.7,0.13181760527650938
cell_5/comb_iter_0/left/separable_5x5_2/separable_conv2d/depthwise,OpenCL,1175.9,4402.8,3.744195935028489
cell_5/comb_iter_0/left/separable_5x5_2/separable_conv2d,OpenCL,3082.7,354.9,0.11512635027735427
cell_5/comb_iter_0/right/MaxPool2D/MaxPool,OpenCL,1195.1,4536.5,3.79591665969375
cell_5/comb_iter_0/left/bn_sep_5x5_2/FusedBatchNormV3___tr4cell_5/comb_iter_0/combine/add,OpenCL,1062.6,355.8,0.3348390739695088
cell_5/comb_iter_0/right/MaxPool2D/MaxPool___tr4cell_5/comb_iter_0/combine/add,OpenCL,603.0,165.0,0.2736318407960199
cell_5/comb_iter_0/combine/add,OpenCL,598.0,1752.0,2.9297658862876252
cell_4/Relu,CPU,1441.857142857143,2062.6,1.4305161993460813
cell_4/Relu___tr4cell_4/prev_1x1/Conv2D,CPU,4504.8,4849.6,1.0765405789380218
cell_4/prev_1x1/Conv2D,CPU,56498.5,56709.5,1.0037346124233386
cell_4/comb_iter_0/left/Relu,CPU,537.375,696.4,1.2959292858804372
cell_4/comb_iter_0/left/separable_5x5_1/separable_conv2d/depthwise,CPU,1409.1,1592.9,1.1304378681427862
cell_4/comb_iter_0/left/separable_5x5_1/separable_conv2d,CPU,6163.0,6063.9,0.9839201687489858
cell_4/comb_iter_0/left/separable_5x5_2/separable_conv2d/depthwise,CPU,732.0,758.3,1.0359289617486338
cell_4/comb_iter_0/left/separable_5x5_2/separable_conv2d,CPU,6123.0,5841.2,0.9539768087538788
cell_4/comb_iter_0/right/MaxPool2D/MaxPool,CPU,1027.6,1167.7,1.1363370961463606
cell_4/comb_iter_0/left/bn_sep_5x5_2/FusedBatchNormV3___tr4cell_4/comb_iter_0/combine/add,CPU,434.0,576.0,1.327188940092166
cell_4/comb_iter_0/right/MaxPool2D/MaxPool___tr4cell_4/comb_iter_0/combine/add,CPU,457.75,594.2,1.2980884762424905
cell_4/comb_iter_0/combine/add,CPU,183.33333333333334,228.3,1.2452727272727273
cell_4/Relu_1,OpenCL,1811.6666666666667,3848.1,2.124066237350506
cell_4/Relu_1___tr4cell_4/1x1/Conv2D,OpenCL,1682.5,253.2,0.15049034175334322
cell_4/1x1/Conv2D,OpenCL,23499.0,110.0,0.004681050257457764
cell_4/comb_iter_1/left/Relu,OpenCL,1250.75,62.8,0.05020987407555467
cell_4/comb_iter_1/left/separable_7x7_1/separable_conv2d/depthwise,OpenCL,4804.8,31493.8,6.554653679653679
cell_4/comb_iter_1/left/separable_7x7_1/separable_conv2d,OpenCL,3199.2,916.7,0.2865403850962741
cell_4/comb_iter_1/left/separable_7x7_2/separable_conv2d/depthwise,OpenCL,1572.6,4550.8,2.893806435202849
cell_4/comb_iter_1/left/separable_7x7_2/separable_conv2d,OpenCL,3100.7,209.5,0.06756538846067017
cell_4/comb_iter_1/right/MaxPool2D/MaxPool,OpenCL,1096.8,78.6,0.07166301969365427
cell_4/comb_iter_1/left/bn_sep_7x7_2/FusedBatchNormV3___tr4cell_4/comb_iter_1/combine/add,OpenCL,489.0,60.8,0.12433537832310838
cell_4/comb_iter_1/right/MaxPool2D/MaxPool___tr4cell_4/comb_iter_1/combine/add,OpenCL,484.85714285714283,50.5,0.10415439010017678
cell_4/comb_iter_1/combine/add,OpenCL,521.0,4979.6,9.55777351247601
cell_4/comb_iter_2/left/Relu,OpenCL,801.5714285714286,204.2,0.2547495990019604
cell_4/comb_iter_2/left/separable_5x5_1/separable_conv2d/depthwise,OpenCL,2708.6,4002.8,1.477811415491398
cell_4/comb_iter_2/left/separable_5x5_1/separable_conv2d,OpenCL,3163.1,221.4,0.06999462552559199
cell_4/comb_iter_2/left/separable_5x5_2/separable_conv2d/depthwise,OpenCL,1131.25,4393.0,3.883314917127072
cell_4/comb_iter_2/left/separable_5x5_2/separable_conv2d,OpenCL,3072.9,220.8,0.07185394903836767
cell_4/comb_iter_2/right/Relu,OpenCL,901.5714285714286,68.0,0.07542386309618128
cell_4/comb_iter_2/right/separable_3x3_1/separable_conv2d/depthwise,OpenCL,1181.7,5122.0,4.334433443344334
cell_4/comb_iter_2/right/separable_3x3_1/separable_conv2d,OpenCL,3076.9,259.7,0.08440313302349767
cell_4/comb_iter_2/right/separable_3x3_2/separable_conv2d/depthwise,OpenCL,656.8571428571429,4085.9,6.220378425402349
cell_4/comb_iter_2/right/separable_3x3_2/separable_conv2d,OpenCL,3073.8,206.2,0.06708308933567571
cell_4/comb_iter_2/combine/add,OpenCL,469.0,81.3,0.17334754797441365
cell_4/comb_iter_3/left/Relu,OpenCL,283.75,291.6,1.0276651982378855
cell_4/comb_iter_3/left/separable_3x3_1/separable_conv2d/depthwise,OpenCL,580.2222222222222,1379.9,2.378226733052471
cell_4/comb_iter_3/left/separable_3x3_1/separable_conv2d,OpenCL,3071.4,228.0,0.07423324868138308
cell_4/comb_iter_3/left/separable_3x3_2/separable_conv2d/depthwise,OpenCL,668.125,4201.9,6.289092609915809
cell_4/comb_iter_3/left/separable_3x3_2/separable_conv2d,OpenCL,3048.1,220.2,0.07224172435287556
cell_4/comb_iter_3/right/MaxPool2D/MaxPool,OpenCL,976.1111111111111,86.1,0.08820717131474103
cell_4/comb_iter_3/left/bn_sep_3x3_2/FusedBatchNormV3___tr4cell_4/comb_iter_3/combine/add,OpenCL,318.25,61.1,0.191987431264729
cell_4/comb_iter_3/right/MaxPool2D/MaxPool___tr4cell_4/comb_iter_3/combine/add,OpenCL,271.375,45.5,0.16766467065868262
cell_4/comb_iter_3/combine/add,OpenCL,428.125,5219.3,12.191065693430657
cell_4/comb_iter_4/left/Relu,OpenCL,800.875,2164.8,2.70304354612143
cell_4/comb_iter_4/left/separable_3x3_1/separable_conv2d/depthwise,OpenCL,1145.0,1829.3,1.5976419213973798
cell_4/comb_iter_4/left/separable_3x3_1/separable_conv2d,OpenCL,3092.8,205.8,0.06654164511122607
cell_4/comb_iter_4/left/separable_3x3_2/separable_conv2d/depthwise,OpenCL,658.0,4149.1,6.305623100303952
cell_4/comb_iter_4/left/separable_3x3_2/separable_conv2d,OpenCL,3103.1,213.3,0.06873771389900422
cell_4/comb_iter_4/right/Relu,OpenCL,985.6666666666666,81.3,0.0824822455191072
cell_4/comb_iter_4/right/1x1/Conv2D,OpenCL,3288.4,70.5,0.021438997688845638
cell_4/comb_iter_4/combine/add,OpenCL,458.75,69.5,0.15149863760217983
cell_4/comb_iter_2/combine/add___tr4cell_4/cell_output/concat,OpenCL,272.0,4089.5,15.034926470588236
cell_4/comb_iter_4/combine/add___tr4cell_4/cell_output/concat,OpenCL,990.4444444444445,7794.0,7.869194525465559
cell_4/cell_output/concat,CPU,1219.5555555555557,1328.9,1.0896592565597667
cell_5/Relu_1,OpenCL,2935.4,4623.3,1.5750153301083327
cell_5/Relu_1___tr4cell_5/1x1/Conv2D,OpenCL,2824.8,240.0,0.08496176720475786
cell_5/1x1/Conv2D,OpenCL,13709.8,18195.1,1.3271601336270404
cell_5/comb_iter_1/left/Relu,OpenCL,349.3333333333333,201.1,0.5756679389312978
cell_5/comb_iter_1/left/separable_7x7_1/separable_conv2d/depthwise,OpenCL,1443.8,2794.1,1.9352403379969525
cell_5/comb_iter_1/left/separable_7x7_1/separable_conv2d,OpenCL,3120.6,216.0,0.06921745818111902
cell_5/comb_iter_1/left/separable_7x7_2/separable_conv2d/depthwise,OpenCL,1499.888888888889,4803.5,3.2025705607822803
cell_5/comb_iter_1/left/separable_7x7_2/separable_conv2d,OpenCL,3171.1,202.5,0.063857967266879
cell_5/comb_iter_1/right/MaxPool2D/MaxPool,OpenCL,1107.1,82.8,0.07478999187065306
cell_5/comb_iter_1/left/bn_sep_7x7_2/FusedBatchNormV3___tr4cell_5/comb_iter_1/combine/add,OpenCL,347.3333333333333,58.6,0.1687140115163148
cell_5/comb_iter_1/right/MaxPool2D/MaxPool___tr4cell_5/comb_iter_1/combine/add,OpenCL,290.0,68.6,0.23655172413793102
cell_5/comb_iter_1/combine/add,OpenCL,455.6666666666667,4775.4,10.480029261155815
cell_5/comb_iter_2/left/Relu,OpenCL,378.6666666666667,607.0,1.6029929577464788
cell_5/comb_iter_2/left/separable_5x5_1/separable_conv2d/depthwise,OpenCL,1133.3,2309.4,2.037765816641666
cell_5/comb_iter_2/left/separable_5x5_1/separable_conv2d,OpenCL,3200.2,198.6,0.06205862133616649
cell_5/comb_iter_2/left/separable_5x5_2/separable_conv2d/depthwise,OpenCL,1238.7777777777778,4367.8,3.5258946990761504
cell_5/comb_iter_2/left/separable_5x5_2/separable_conv2d,OpenCL,3131.6,222.4,0.07101800996295823
cell_5/comb_iter_2/right/Relu,OpenCL,1124.7,101.9,0.09060193829465635
cell_5/comb_iter_2/right/separable_3x3_1/separable_conv2d/depthwise,OpenCL,1165.1,4356.3,3.738992361170715
cell_5/comb_iter_2/right/separable_3x3_1/separable_conv2d,OpenCL,3215.4,227.6,0.07078435031411333
cell_5/comb_iter_2/right/separable_3x3_2/separable_conv2d/depthwise,OpenCL,1174.3,4007.0,3.412245593119305
cell_5/comb_iter_2/right/separable_3x3_2/separable_conv2d,OpenCL,3161.2,343.1,0.1085347336454511
cell_5/comb_iter_2/combine/add,OpenCL,1163.4,4101.3,3.5252707581227436
cell_5/comb_iter_3/left/Relu,CPU,114.0,162.9,1.4289473684210527
cell_5/comb_iter_3/left/separable_3x3_1/separable_conv2d/depthwise,CPU,335.9,360.1,1.0720452515629653
cell_5/comb_iter_3/left/separable_3x3_1/separable_conv2d,CPU,6124.6,5920.3,0.9666427195245404
cell_5/comb_iter_3/left/separable_3x3_2/separable_conv2d/depthwise,CPU,341.0,357.4,1.0480938416422287
cell_5/comb_iter_3/left/separable_3x3_2/separable_conv2d,CPU,6110.6,5881.2,0.9624586783621902
cell_5/comb_iter_3/right/MaxPool2D/MaxPool,CPU,632.3,634.0,1.0026885971848807
cell_5/comb_iter_3/left/bn_sep_3x3_2/FusedBatchNormV3___tr4cell_5/comb_iter_3/combine/add,CPU,696.8,480.8,0.6900114810562572
cell_5/comb_iter_3/right/MaxPool2D/MaxPool___tr4cell_5/comb_iter_3/combine/add,CPU,467.22222222222223,512.1,1.096052318668252
cell_5/comb_iter_3/combine/add,CPU,173.9,200.1,1.1506612995974697
cell_5/comb_iter_4/left/Relu,CPU,113.1,153.1,1.3536693191865605
cell_5/comb_iter_4/left/separable_3x3_1/separable_conv2d/depthwise,CPU,360.22222222222223,354.0,0.9827267119062307
cell_5/comb_iter_4/left/separable_3x3_1/separable_conv2d,CPU,6101.6,5817.1,0.9533728858004458
cell_5/comb_iter_4/left/separable_3x3_2/separable_conv2d/depthwise,CPU,340.77777777777777,386.7,1.134757091620476
cell_5/comb_iter_4/left/separable_3x3_2/separable_conv2d,CPU,6131.3,6489.9,1.0584867809436824
cell_5/comb_iter_4/combine/add,CPU,169.6,250.9,1.4793632075471699
cell_5/comb_iter_2/combine/add___tr4cell_5/cell_output/concat,OpenCL,1230.2,1737.2,1.4121281092505285
cell_5/comb_iter_4/combine/add___tr4cell_5/cell_output/concat,CPU,475.7142857142857,466.4,0.9804204204204203
cell_5/cell_output/concat,CPU,1139.0,1193.1,1.0474978050921862
cell_7/Relu,CPU,665.4444444444445,1047.8,1.5745867423609952
cell_7/Relu___tr4cell_7/prev_1x1/Conv2D,CPU,2150.8,2537.4,1.1797470708573554
cell_7/prev_1x1/Conv2D,CPU,30462.1,31406.6,1.0310057415608247
cell_7/comb_iter_0/left/Relu,CPU,108.14285714285714,110.1,1.0180977542932628
cell_7/comb_iter_0/left/separable_5x5_1/separable_conv2d/depthwise,CPU,814.4,775.2,0.9518664047151277
cell_7/comb_iter_0/left/separable_5x5_1/separable_conv2d,CPU,6112.7,5968.6,0.9764261292064064
cell_7/comb_iter_0/left/separable_5x5_2/separable_conv2d/depthwise,CPU,733.5,826.9,1.12733469665985
cell_7/comb_iter_0/left/separable_5x5_2/separable_conv2d,CPU,6100.1,6070.6,0.9951640137046933
cell_7/comb_iter_0/right/MaxPool2D/MaxPool,CPU,606.3,638.5,1.0531090219363353
cell_7/comb_iter_0/left/bn_sep_5x5_2/FusedBatchNormV3___tr4cell_7/comb_iter_0/combine/add,CPU,686.3,704.9,1.0271018505026956
cell_7/comb_iter_0/right/MaxPool2D/MaxPool___tr4cell_7/comb_iter_0/combine/add,CPU,430.0,577.9,1.343953488372093
cell_7/comb_iter_0/combine/add,CPU,172.22222222222223,350.0,2.032258064516129
cell_6/Relu,CPU,702.7777777777778,1639.2,2.3324584980237155
cell_6/Relu___tr4cell_6/prev_1x1/Conv2D,CPU,2102.7,2611.3,1.2418794882769775
cell_6/prev_1x1/Conv2D,CPU,30438.2,32003.4,1.0514222260186215
cell_6/comb_iter_0/left/Relu,CPU,104.44444444444444,154.5,1.4792553191489362
cell_6/comb_iter_0/left/separable_5x5_1/separable_conv2d/depthwise,CPU,827.1,823.7,0.9958892516019828
cell_6/comb_iter_0/left/separable_5x5_1/separable_conv2d,CPU,6138.2,6042.0,0.9843276530578997
cell_6/comb_iter_0/left/separable_5x5_2/separable_conv2d/depthwise,CPU,733.4,789.2,1.0760839923643306
cell_6/comb_iter_0/left/separable_5x5_2/separable_conv2d,CPU,6138.4,6633.6,1.0806724879447414
cell_6/comb_iter_0/right/MaxPool2D/MaxPool,CPU,608.3,784.4,1.2894953148117705
cell_6/comb_iter_0/left/bn_sep_5x5_2/FusedBatchNormV3___tr4cell_6/comb_iter_0/combine/add,CPU,680.4,803.0,1.1801881246325692
cell_6/comb_iter_0/right/MaxPool2D/MaxPool___tr4cell_6/comb_iter_0/combine/add,CPU,429.6666666666667,530.9,1.2356089992242048
cell_6/comb_iter_0/combine/add,CPU,180.4,285.7,1.58370288248337
cell_6/Relu_1,OpenCL,2785.8,4712.1,1.6914710316605643
cell_6/Relu_1___tr4cell_6/1x1/Conv2D,OpenCL,2932.6,185.8,0.06335674827797859
cell_6/1x1/Conv2D,OpenCL,13747.8,18501.4,1.3457716871063008
cell_6/comb_iter_1/left/Relu,OpenCL,340.42857142857144,594.8,1.747209399916072
cell_6/comb_iter_1/left/separable_7x7_1/separable_conv2d/depthwise,OpenCL,1343.8,1954.5,1.454457508557821
cell_6/comb_iter_1/left/separable_7x7_1/separable_conv2d,OpenCL,3021.8,211.0,0.06982593156396849
cell_6/comb_iter_1/left/separable_7x7_2/separable_conv2d/depthwise,OpenCL,1399.9,4609.0,3.2923780270019285
cell_6/comb_iter_1/left/separable_7x7_2/separable_conv2d,OpenCL,3133.8,196.8,0.06279915757227647
cell_6/comb_iter_1/right/MaxPool2D/MaxPool,OpenCL,1166.1,180.2,0.15453220135494383
cell_6/comb_iter_1/left/bn_sep_7x7_2/FusedBatchNormV3___tr4cell_6/comb_iter_1/combine/add,OpenCL,443.75,64.6,0.14557746478873237
cell_6/comb_iter_1/right/MaxPool2D/MaxPool___tr4cell_6/comb_iter_1/combine/add,OpenCL,380.75,52.9,0.13893630991464215
cell_6/comb_iter_1/combine/add,OpenCL,606.0,4959.2,8.183498349834982
cell_6/comb_iter_2/left/Relu,OpenCL,519.0,205.8,0.3965317919075145
cell_6/comb_iter_2/left/separable_5x5_1/separable_conv2d/depthwise,OpenCL,1173.6,2227.9,1.8983469665985007
cell_6/comb_iter_2/left/separable_5x5_1/separable_conv2d,OpenCL,3188.3,219.9,0.0689709249443277
cell_6/comb_iter_2/left/separable_5x5_2/separable_conv2d/depthwise,OpenCL,1199.3,4340.6,3.6192779121154013
cell_6/comb_iter_2/left/separable_5x5_2/separable_conv2d,OpenCL,3222.9,223.8,0.06944056594992087
cell_6/comb_iter_2/right/Relu,OpenCL,676.8,144.9,0.21409574468085107
cell_6/comb_iter_2/right/separable_3x3_1/separable_conv2d/depthwise,OpenCL,646.2,4609.3,7.132930981120396
cell_6/comb_iter_2/right/separable_3x3_1/separable_conv2d,OpenCL,3142.3,215.2,0.06848486777201412
cell_6/comb_iter_2/right/separable_3x3_2/separable_conv2d/depthwise,OpenCL,670.5,4152.9,6.193736017897091
cell_6/comb_iter_2/right/separable_3x3_2/separable_conv2d,OpenCL,3138.4,191.4,0.06098648993117512
cell_6/comb_iter_2/combine/add,OpenCL,671.5,106.5,0.15860014892032762
cell_6/comb_iter_3/left/Relu,OpenCL,326.5,204.0,0.6248085758039816
cell_6/comb_iter_3/left/separable_3x3_1/separable_conv2d/depthwise,OpenCL,630.0,1317.3,2.090952380952381
cell_6/comb_iter_3/left/separable_3x3_1/separable_conv2d,OpenCL,3153.0,230.4,0.0730732635585157
cell_6/comb_iter_3/left/separable_3x3_2/separable_conv2d/depthwise,OpenCL,1036.6666666666667,3919.0,3.7803858520900318
cell_6/comb_iter_3/left/separable_3x3_2/separable_conv2d,OpenCL,3167.2,231.4,0.0730613791361455
cell_6/comb_iter_3/right/MaxPool2D/MaxPool,OpenCL,1143.4,400.0,0.34983382893125764
cell_6/comb_iter_3/left/bn_sep_3x3_2/FusedBatchNormV3___tr4cell_6/comb_iter_3/combine/add,OpenCL,304.3333333333333,80.5,0.26451259583789705
cell_6/comb_iter_3/right/MaxPool2D/MaxPool___tr4cell_6/comb_iter_3/combine/add,OpenCL,262.3333333333333,60.2,0.22947903430749686
cell_6/comb_iter_3/combine/add,OpenCL,430.6666666666667,4899.9,11.377476780185757
cell_6/comb_iter_4/left/Relu,CPU,126.22222222222223,167.9,1.3301936619718309
cell_6/comb_iter_4/left/separable_3x3_1/separable_conv2d/depthwise,CPU,366.7,381.4,1.0400872647941095
cell_6/comb_iter_4/left/separable_3x3_1/separable_conv2d,CPU,6129.7,5911.6,0.9644191395990017
cell_6/comb_iter_4/left/separable_3x3_2/separable_conv2d/depthwise,CPU,335.3,343.5,1.0244557113033104
cell_6/comb_iter_4/left/separable_3x3_2/separable_conv2d,CPU,6111.2,5910.4,0.9671422961120565
cell_6/comb_iter_4/combine/add,CPU,170.2,262.9,1.5446533490011751
cell_6/comb_iter_2/combine/add___tr4cell_6/cell_output/concat,OpenCL,321.3333333333333,4063.2,12.644813278008298
cell_6/comb_iter_4/combine/add___tr4cell_6/cell_output/concat,CPU,454.7142857142857,627.2,1.3793276782909205
cell_6/cell_output/concat,CPU,1165.625,1259.5,1.0805361930294906
cell_7/Relu_1,OpenCL,2962.7,5255.7,1.7739561886117394
cell_7/Relu_1___tr4cell_7/1x1/Conv2D,OpenCL,2852.7,197.2,0.06912749325200687
cell_7/1x1/Conv2D,OpenCL,13710.5,17941.0,1.3085591335108129
cell_7/comb_iter_1/left/Relu,OpenCL,1131.0,575.1,0.5084880636604775
cell_7/comb_iter_1/left/separable_7x7_1/separable_conv2d/depthwise,OpenCL,1474.8,2654.2,1.7997016544616218
cell_7/comb_iter_1/left/separable_7x7_1/separable_conv2d,OpenCL,3143.8,205.8,0.0654621795279598
cell_7/comb_iter_1/left/separable_7x7_2/separable_conv2d/depthwise,OpenCL,1519.0,4721.3,3.1081632653061226
cell_7/comb_iter_1/left/separable_7x7_2/separable_conv2d,OpenCL,3155.6,216.6,0.06863987831157307
cell_7/comb_iter_1/right/MaxPool2D/MaxPool,OpenCL,1166.3333333333333,84.1,0.07210631609031151
cell_7/comb_iter_1/left/bn_sep_7x7_2/FusedBatchNormV3___tr4cell_7/comb_iter_1/combine/add,OpenCL,525.4,62.5,0.11895698515416826
cell_7/comb_iter_1/right/MaxPool2D/MaxPool___tr4cell_7/comb_iter_1/combine/add,OpenCL,575.4,46.6,0.08098713938129998
cell_7/comb_iter_1/combine/add,OpenCL,606.8,5028.9,8.287574159525379
cell_7/comb_iter_2/left/Relu,OpenCL,532.0,197.0,0.37030075187969924
cell_7/comb_iter_2/left/separable_5x5_1/separable_conv2d/depthwise,OpenCL,1103.1,2205.0,1.9989121566494426
cell_7/comb_iter_2/left/separable_5x5_1/separable_conv2d,OpenCL,3142.6,204.2,0.06497804365811748
cell_7/comb_iter_2/left/separable_5x5_2/separable_conv2d/depthwise,OpenCL,1153.0,4251.8,3.687597571552472
cell_7/comb_iter_2/left/separable_5x5_2/separable_conv2d,OpenCL,3143.0,206.0,0.06554247534202991
cell_7/comb_iter_2/right/Relu,OpenCL,363.75,72.2,0.19848797250859107
cell_7/comb_iter_2/right/separable_3x3_1/separable_conv2d/depthwise,OpenCL,634.4,4300.1,6.778215636822195
cell_7/comb_iter_2/right/separable_3x3_1/separable_conv2d,OpenCL,3066.1,264.7,0.08633116989008839
cell_7/comb_iter_2/right/separable_3x3_2/separable_conv2d/depthwise,OpenCL,640.6,3826.7,5.973618482672494
cell_7/comb_iter_2/right/separable_3x3_2/separable_conv2d,OpenCL,3087.9,256.8,0.08316331487418634
cell_7/comb_iter_2/combine/add,OpenCL,589.2,83.9,0.14239646978954515
cell_7/comb_iter_3/left/Relu,OpenCL,279.75,204.6,0.731367292225201
cell_7/comb_iter_3/left/separable_3x3_1/separable_conv2d/depthwise,OpenCL,635.0,1369.9,2.1573228346456697
cell_7/comb_iter_3/left/separable_3x3_1/separable_conv2d,OpenCL,3119.9,227.0,0.07275874226738037
cell_7/comb_iter_3/left/separable_3x3_2/separable_conv2d/depthwise,OpenCL,1020.2500000000001,4129.5,4.047537368292085
cell_7/comb_iter_3/left/separable_3x3_2/separable_conv2d,OpenCL,3128.7,274.7,0.08780004474701954
cell_7/comb_iter_3/right/MaxPool2D/MaxPool,OpenCL,1116.5,487.6,0.4367218987908643
cell_7/comb_iter_3/left/bn_sep_3x3_2/FusedBatchNormV3___tr4cell_7/comb_iter_3/combine/add,OpenCL,310.5,64.6,0.20805152979066022
cell_7/comb_iter_3/right/MaxPool2D/MaxPool___tr4cell_7/comb_iter_3/combine/add,OpenCL,276.25,89.7,0.3247058823529412
cell_7/comb_iter_3/combine/add,OpenCL,432.5,4480.4,10.359306358381502
cell_7/comb_iter_4/left/Relu,CPU,117.2,172.7,1.4735494880546074
cell_7/comb_iter_4/left/separable_3x3_1/separable_conv2d/depthwise,CPU,362.4,391.8,1.0811258278145697
cell_7/comb_iter_4/left/separable_3x3_1/separable_conv2d,CPU,6174.9,5878.4,0.9519830280652318
cell_7/comb_iter_4/left/separable_3x3_2/separable_conv2d/depthwise,CPU,343.44444444444446,362.2,1.0546101585247492
cell_7/comb_iter_4/left/separable_3x3_2/separable_conv2d,CPU,6120.9,5857.2,0.9569181002793707
cell_7/comb_iter_4/combine/add,CPU,171.66666666666666,265.5,1.546601941747573
cell_7/comb_iter_2/combine/add___tr4cell_7/cell_output/concat,OpenCL,1121.2,3909.0,3.4864430966821263
cell_7/comb_iter_4/combine/add___tr4cell_7/cell_output/concat,CPU,475.125,551.4,1.1605367008681926
cell_7/cell_output/concat,CPU,1208.25,1320.5,1.0929029588247465
cell_9/Relu,CPU,698.4285714285714,862.6,1.2350582941296788
cell_9/Relu___tr4cell_9/AvgPool2D,CPU,2119.7,2614.5,1.2334292588573856
cell_9/AvgPool2D,CPU,873.7,1163.0,1.3311205219182785
cell_9/path1_conv/Conv2D,CPU,8009.9,9217.5,1.1507634302550593
cell_9/Pad/paddings,CPU,0.0,0.2,0
cell_9/Pad,CPU,1099.375,1350.1,1.2280613985218873
cell_9/strided_slice/stack,CPU,1.0,0.4,0.4
cell_9/strided_slice/stack_1,CPU,0.0,0.2,0
cell_9/strided_slice/stack_2,CPU,0.0,0.1,0
cell_9/strided_slice,CPU,1332.4,1119.5,0.840213149204443
cell_9/strided_slice___tr4cell_9/AvgPool2D_1,CPU,2099.5,2448.1,1.1660395332221958
cell_9/AvgPool2D_1,CPU,904.7,1079.5,1.1932132198518846
cell_9/path2_conv/Conv2D,CPU,7987.4,9061.8,1.1345118561734733
cell_9/concat,CPU,55.2,115.9,2.0996376811594204
cell_9/final_path_bn/FusedBatchNormV3,CPU,73.2,122.5,1.6734972677595628
cell_9/comb_iter_0/left/Relu,OpenCL,985.3333333333334,2035.6,2.0658998646820024
cell_9/comb_iter_0/left/separable_5x5_1/separable_conv2d/depthwise,OpenCL,1139.7,2163.6,1.898394314293235
cell_9/comb_iter_0/left/separable_5x5_1/separable_conv2d,OpenCL,3731.5,327.3,0.08771271606592523
cell_9/comb_iter_0/left/separable_5x5_2/separable_conv2d/depthwise,OpenCL,1203.1,4881.3,4.057268722466961
cell_9/comb_iter_0/left/separable_5x5_2/separable_conv2d,OpenCL,3668.1,226.0,0.06161227883645484
cell_9/comb_iter_0/right/MaxPool2D/MaxPool,OpenCL,1084.8,5392.6,4.971054572271387
cell_9/comb_iter_0/left/bn_sep_5x5_2/FusedBatchNormV3___tr4cell_9/comb_iter_0/combine/add,OpenCL,459.6666666666667,321.5,0.6994198694706308
cell_9/comb_iter_0/right/MaxPool2D/MaxPool___tr4cell_9/comb_iter_0/combine/add,OpenCL,469.6666666666667,75.3,0.16032647267565647
cell_9/comb_iter_0/combine/add,OpenCL,515.6666666666666,1079.5,2.0934065934065935
cell_8/Relu,CPU,651.2222222222222,1693.3,2.6001876812830576
cell_8/Relu___tr4cell_8/prev_1x1/Conv2D,CPU,2130.5,2887.1,1.355127904247829
cell_8/prev_1x1/Conv2D,CPU,57381.5,56656.1,0.9873582949208368
cell_8/comb_iter_0/left/Relu,CPU,237.9,337.5,1.4186633039092056
cell_8/comb_iter_0/left/separable_5x5_1/separable_conv2d/depthwise,CPU,671.4,739.3,1.101131963062258
cell_8/comb_iter_0/left/separable_5x5_1/separable_conv2d,CPU,6155.3,6532.0,1.0611992916673436
cell_8/comb_iter_0/left/separable_5x5_2/separable_conv2d/depthwise,CPU,602.0,588.4,0.9774086378737541
cell_8/comb_iter_0/left/separable_5x5_2/separable_conv2d,CPU,6140.0,7802.5,1.2707654723127035
cell_8/comb_iter_0/right/MaxPool2D/MaxPool,CPU,601.4,700.5,1.1647821749251746
cell_8/comb_iter_0/left/bn_sep_5x5_2/FusedBatchNormV3___tr4cell_8/comb_iter_0/combine/add,CPU,331.44444444444446,420.1,1.2674824002681864
cell_8/comb_iter_0/right/MaxPool2D/MaxPool___tr4cell_8/comb_iter_0/combine/add,CPU,266.8,268.8,1.0074962518740629
cell_8/comb_iter_0/combine/add,CPU,84.2,101.8,1.2090261282660333
cell_8/Relu_1,OpenCL,2870.5,4886.2,1.7022121581605991
cell_8/Relu_1___tr4cell_8/1x1/Conv2D,OpenCL,2863.4,218.4,0.07627296221275406
cell_8/1x1/Conv2D,OpenCL,26056.6,31842.5,1.222051226944421
cell_8/comb_iter_1/left/Relu,OpenCL,1084.1,221.0,0.20385573286597178
cell_8/comb_iter_1/left/separable_7x7_1/separable_conv2d/depthwise,OpenCL,2654.1,4519.5,1.702837119927659
cell_8/comb_iter_1/left/separable_7x7_1/separable_conv2d,OpenCL,3586.2,186.2,0.051921253694718644
cell_8/comb_iter_1/left/separable_7x7_2/separable_conv2d/depthwise,OpenCL,1245.3,5131.2,4.12045290291496
cell_8/comb_iter_1/left/separable_7x7_2/separable_conv2d,OpenCL,3588.3,215.2,0.059972689017083296
cell_8/comb_iter_1/right/MaxPool2D/MaxPool,OpenCL,1067.7142857142858,87.6,0.08204442065828203
cell_8/comb_iter_1/left/bn_sep_7x7_2/FusedBatchNormV3___tr4cell_8/comb_iter_1/combine/add,OpenCL,525.1111111111111,869.3,1.655459162082099
cell_8/comb_iter_1/right/MaxPool2D/MaxPool___tr4cell_8/comb_iter_1/combine/add,OpenCL,385.6666666666667,75.3,0.19524632670700084
cell_8/comb_iter_1/combine/add,OpenCL,495.8888888888889,5409.1,10.907887071476585
cell_8/comb_iter_2/left/Relu,OpenCL,587.5,217.6,0.37038297872340425
cell_8/comb_iter_2/left/separable_5x5_1/separable_conv2d/depthwise,OpenCL,1534.1,2807.1,1.8298024900593182
cell_8/comb_iter_2/left/separable_5x5_1/separable_conv2d,OpenCL,3570.5,307.9,0.08623442094944685
cell_8/comb_iter_2/left/separable_5x5_2/separable_conv2d/depthwise,OpenCL,899.4444444444445,4676.5,5.199320568252007
cell_8/comb_iter_2/left/separable_5x5_2/separable_conv2d,OpenCL,3602.5,228.5,0.06342817487855656
cell_8/comb_iter_2/right/Relu,OpenCL,963.75,443.9,0.4605966277561608
cell_8/comb_iter_2/right/separable_3x3_1/separable_conv2d/depthwise,OpenCL,825.0,4857.4,5.8877575757575755
cell_8/comb_iter_2/right/separable_3x3_1/separable_conv2d,OpenCL,3468.3,155.4,0.04480581264596488
cell_8/comb_iter_2/right/separable_3x3_2/separable_conv2d/depthwise,OpenCL,566.3333333333334,4157.5,7.3410829899941135
cell_8/comb_iter_2/right/separable_3x3_2/separable_conv2d,OpenCL,3578.4,162.7,0.04546724793203666
cell_8/comb_iter_2/combine/add,OpenCL,317.5,3947.5,12.433070866141732
cell_8/comb_iter_3/left/Relu,CPU,59.0,106.6,1.806779661016949
cell_8/comb_iter_3/left/separable_3x3_1/separable_conv2d/depthwise,CPU,215.2,361.6,1.680297397769517
cell_8/comb_iter_3/left/separable_3x3_1/separable_conv2d,CPU,6125.6,6959.3,1.1361009533759958
cell_8/comb_iter_3/left/separable_3x3_2/separable_conv2d/depthwise,CPU,235.6,276.8,1.1748726655348047
cell_8/comb_iter_3/left/separable_3x3_2/separable_conv2d,CPU,6166.8,6588.3,1.0683498735162482
cell_8/comb_iter_3/right/MaxPool2D/MaxPool,CPU,590.1,735.2,1.245890527029317
cell_8/comb_iter_3/left/bn_sep_3x3_2/FusedBatchNormV3___tr4cell_8/comb_iter_3/combine/add,CPU,374.2,102.7,0.27445216461785144
cell_8/comb_iter_3/right/MaxPool2D/MaxPool___tr4cell_8/comb_iter_3/combine/add,CPU,249.0,294.0,1.180722891566265
cell_8/comb_iter_3/combine/add,CPU,83.77777777777777,93.6,1.1172413793103448
cell_8/comb_iter_4/left/Relu,OpenCL,527.5,1702.0,3.2265402843601896
cell_8/comb_iter_4/left/separable_3x3_1/separable_conv2d/depthwise,OpenCL,746.5,1242.3,1.664166108506363
cell_8/comb_iter_4/left/separable_3x3_1/separable_conv2d,OpenCL,3583.2,168.6,0.047052913596785
cell_8/comb_iter_4/left/separable_3x3_2/separable_conv2d/depthwise,OpenCL,567.8333333333334,4375.2,7.705077781039036
cell_8/comb_iter_4/left/separable_3x3_2/separable_conv2d,OpenCL,3536.8,168.1,0.047528839629043196
cell_8/comb_iter_4/right/Relu,OpenCL,650.3333333333334,86.9,0.133623782675551
cell_8/comb_iter_4/right/1x1/Conv2D,OpenCL,3522.5,75.4,0.021405251951738823
cell_8/comb_iter_4/combine/add,OpenCL,310.6666666666667,74.8,0.24077253218884118
cell_8/comb_iter_2/combine/add___tr4cell_8/cell_output/concat,OpenCL,298.75,1520.4,5.089205020920502
cell_8/comb_iter_4/combine/add___tr4cell_8/cell_output/concat,OpenCL,280.5,7726.9,27.546880570409982
cell_8/cell_output/concat,CPU,492.875,810.8,1.6450418463099161
cell_9/Relu_1,OpenCL,2676.0,3370.0,1.2593423019431988
cell_9/Relu_1___tr4cell_9/1x1/Conv2D,OpenCL,2526.777777777778,156.9,0.0620948946836111
cell_9/1x1/Conv2D,OpenCL,16312.1,18559.0,1.1377443738083999
cell_9/comb_iter_1/left/Relu,OpenCL,1215.3,146.0,0.12013494610384268
cell_9/comb_iter_1/left/separable_7x7_1/separable_conv2d/depthwise,OpenCL,1231.6,1905.1,1.5468496265021112
cell_9/comb_iter_1/left/separable_7x7_1/separable_conv2d,OpenCL,3567.5,206.2,0.057799579537491236
cell_9/comb_iter_1/left/separable_7x7_2/separable_conv2d/depthwise,OpenCL,1237.0,5236.0,4.232821341956346
cell_9/comb_iter_1/left/separable_7x7_2/separable_conv2d,OpenCL,3632.5,291.5,0.08024776324845148
cell_9/comb_iter_1/right/MaxPool2D/MaxPool,OpenCL,1191.1,396.9,0.3332213919905969
cell_9/comb_iter_1/left/bn_sep_7x7_2/FusedBatchNormV3___tr4cell_9/comb_iter_1/combine/add,OpenCL,1125.6,751.5,0.6676439232409382
cell_9/comb_iter_1/right/MaxPool2D/MaxPool___tr4cell_9/comb_iter_1/combine/add,OpenCL,1149.1,75.7,0.06587764337307458
cell_9/comb_iter_1/combine/add,OpenCL,1124.6,5399.1,4.800906989151699
cell_9/comb_iter_2/left/Relu,CPU,54.3,135.4,2.4935543278084715
cell_9/comb_iter_2/left/separable_5x5_1/separable_conv2d/depthwise,CPU,612.7,691.6,1.128774277786845
cell_9/comb_iter_2/left/separable_5x5_1/separable_conv2d,CPU,6151.0,7177.0,1.1668021459925215
cell_9/comb_iter_2/left/separable_5x5_2/separable_conv2d/depthwise,CPU,593.1,616.3,1.0391165064913166
cell_9/comb_iter_2/left/separable_5x5_2/separable_conv2d,CPU,6148.3,6638.1,1.079664297448075
cell_9/comb_iter_2/right/Relu,CPU,62.1,70.3,1.1320450885668276
cell_9/comb_iter_2/right/separable_3x3_1/separable_conv2d/depthwise,CPU,276.3,286.8,1.0380021715526602
cell_9/comb_iter_2/right/separable_3x3_1/separable_conv2d,CPU,6155.8,6545.3,1.0632736606127555
cell_9/comb_iter_2/right/separable_3x3_2/separable_conv2d/depthwise,CPU,238.22222222222223,252.3,1.0590951492537313
cell_9/comb_iter_2/right/separable_3x3_2/separable_conv2d,CPU,6125.8,6309.9,1.0300532175389336
cell_9/comb_iter_2/combine/add,CPU,97.0,90.9,0.9371134020618558
cell_9/comb_iter_3/left/Relu,CPU,58.2,46.9,0.8058419243986253
cell_9/comb_iter_3/left/separable_3x3_1/separable_conv2d/depthwise,CPU,216.33333333333334,218.7,1.010939907550077
cell_9/comb_iter_3/left/separable_3x3_1/separable_conv2d,CPU,6165.8,6184.0,1.0029517661941678
cell_9/comb_iter_3/left/separable_3x3_2/separable_conv2d/depthwise,CPU,239.9,241.0,1.0045852438516047
cell_9/comb_iter_3/left/separable_3x3_2/separable_conv2d,CPU,6154.4,6140.3,0.9977089561939426
cell_9/comb_iter_3/right/MaxPool2D/MaxPool,CPU,369.1,370.3,1.0032511514494717
cell_9/comb_iter_3/left/bn_sep_3x3_2/FusedBatchNormV3___tr4cell_9/comb_iter_3/combine/add,CPU,331.9,240.3,0.7240132570051221
cell_9/comb_iter_3/right/MaxPool2D/MaxPool___tr4cell_9/comb_iter_3/combine/add,CPU,142.77777777777777,128.7,0.9014007782101167
cell_9/comb_iter_3/combine/add,CPU,77.33333333333333,62.5,0.8081896551724138
cell_9/comb_iter_4/left/Relu,OpenCL,1116.4,1241.1,1.1116983160157647
cell_9/comb_iter_4/left/separable_3x3_1/separable_conv2d/depthwise,OpenCL,1165.7,1130.2,0.9695461954190615
cell_9/comb_iter_4/left/separable_3x3_1/separable_conv2d,OpenCL,3639.8,255.4,0.07016869058739492
cell_9/comb_iter_4/left/separable_3x3_2/separable_conv2d/depthwise,OpenCL,1159.1,5045.7,4.353118799068243
cell_9/comb_iter_4/left/separable_3x3_2/separable_conv2d,OpenCL,3680.8,229.5,0.062350575961747444
cell_9/comb_iter_4/combine/add,OpenCL,1131.7,87.5,0.07731731024123001
cell_9/comb_iter_2/combine/add___tr4cell_9/cell_output/concat,CPU,235.5,234.5,0.9957537154989384
cell_9/comb_iter_4/combine/add___tr4cell_9/cell_output/concat,OpenCL,1114.5,4759.0,4.270076267384478
cell_9/cell_output/concat,CPU,494.4,550.4,1.1132686084142396
cell_11/Relu,CPU,356.7,489.8,1.3731426969442109
cell_11/Relu___tr4cell_11/prev_1x1/Conv2D,CPU,1190.4,1341.7,1.127100134408602
cell_11/prev_1x1/Conv2D,CPU,35613.5,33902.7,0.9519620368680415
cell_11/comb_iter_0/left/Relu,OpenCL,678.5,1248.9,1.840677966101695
cell_11/comb_iter_0/left/separable_5x5_1/separable_conv2d/depthwise,OpenCL,1073.3,1394.7,1.2994502934873755
cell_11/comb_iter_0/left/separable_5x5_1/separable_conv2d,OpenCL,3502.6,380.6,0.1086621366984526
cell_11/comb_iter_0/left/separable_5x5_2/separable_conv2d/depthwise,OpenCL,874.2857142857143,5214.7,5.964526143790849
cell_11/comb_iter_0/left/separable_5x5_2/separable_conv2d,OpenCL,3585.3,214.2,0.05974395448079658
cell_11/comb_iter_0/right/MaxPool2D/MaxPool,OpenCL,813.3333333333334,5107.6,6.279836065573771
cell_11/comb_iter_0/left/bn_sep_5x5_2/FusedBatchNormV3___tr4cell_11/comb_iter_0/combine/add,OpenCL,446.6666666666667,180.6,0.4043283582089552
cell_11/comb_iter_0/right/MaxPool2D/MaxPool___tr4cell_11/comb_iter_0/combine/add,OpenCL,401.8333333333333,56.1,0.13961012028204065
cell_11/comb_iter_0/combine/add,OpenCL,452.1666666666667,1267.6,2.8033910799852557
cell_10/Relu,CPU,375.0,397.1,1.0589333333333335
cell_10/Relu___tr4cell_10/prev_1x1/Conv2D,CPU,1132.7,1257.3,1.1100026485388892
cell_10/prev_1x1/Conv2D,CPU,35716.8,38088.3,1.0663973256282757
cell_10/comb_iter_0/left/Relu,OpenCL,355.2857142857143,1983.2,5.581986328910334
cell_10/comb_iter_0/left/separable_5x5_1/separable_conv2d/depthwise,OpenCL,824.5714285714286,1857.7,2.252927927927928
cell_10/comb_iter_0/left/separable_5x5_1/separable_conv2d,OpenCL,3553.5,264.2,0.07434923315041508
cell_10/comb_iter_0/left/separable_5x5_2/separable_conv2d/depthwise,OpenCL,856.7142857142857,5121.2,5.977722194430549
cell_10/comb_iter_0/left/separable_5x5_2/separable_conv2d,OpenCL,3570.3,218.9,0.0613113743943086
cell_10/comb_iter_0/right/MaxPool2D/MaxPool,OpenCL,880.5714285714286,4738.1,5.380710577547048
cell_10/comb_iter_0/left/bn_sep_5x5_2/FusedBatchNormV3___tr4cell_10/comb_iter_0/combine/add,OpenCL,416.0,244.9,0.588701923076923
cell_10/comb_iter_0/right/MaxPool2D/MaxPool___tr4cell_10/comb_iter_0/combine/add,OpenCL,422.0,63.1,0.1495260663507109
cell_10/comb_iter_0/combine/add,OpenCL,441.875,1317.2,2.980933521923621
cell_10/Relu_1,OpenCL,2538.2,4018.7,1.5832873690016547
cell_10/Relu_1___tr4cell_10/1x1/Conv2D,OpenCL,2611.2,214.0,0.0819546568627451
cell_10/1x1/Conv2D,OpenCL,16290.500000000002,21077.3,1.2938399680795554
cell_10/comb_iter_1/left/Relu,OpenCL,522.3333333333334,258.3,0.4945118059987237
cell_10/comb_iter_1/left/separable_7x7_1/separable_conv2d/depthwise,OpenCL,1226.888888888889,1831.5,1.492800217351929
cell_10/comb_iter_1/left/separable_7x7_1/separable_conv2d,OpenCL,3529.5,264.0,0.07479813004674883
cell_10/comb_iter_1/left/separable_7x7_2/separable_conv2d/depthwise,OpenCL,1184.5,5510.1,4.651836217813424
cell_10/comb_iter_1/left/separable_7x7_2/separable_conv2d,OpenCL,3604.0,216.8,0.06015538290788014
cell_10/comb_iter_1/right/MaxPool2D/MaxPool,OpenCL,711.75,86.2,0.12110994028802248
cell_10/comb_iter_1/left/bn_sep_7x7_2/FusedBatchNormV3___tr4cell_10/comb_iter_1/combine/add,OpenCL,463.55555555555554,795.7,1.7165148609779484
cell_10/comb_iter_1/right/MaxPool2D/MaxPool___tr4cell_10/comb_iter_1/combine/add,OpenCL,293.57142857142856,78.3,0.2667153284671533
cell_10/comb_iter_1/combine/add,OpenCL,301.14285714285717,5109.4,16.966698292220112
cell_10/comb_iter_2/left/Relu,OpenCL,372.85714285714283,221.3,0.5935249042145595
cell_10/comb_iter_2/left/separable_5x5_1/separable_conv2d/depthwise,OpenCL,868.4444444444445,1411.4,1.6252047082906858
cell_10/comb_iter_2/left/separable_5x5_1/separable_conv2d,OpenCL,3530.3,209.3,0.059286746168880834
cell_10/comb_iter_2/left/separable_5x5_2/separable_conv2d/depthwise,OpenCL,825.75,4967.6,6.0158643657281266
cell_10/comb_iter_2/left/separable_5x5_2/separable_conv2d,OpenCL,3551.4,245.1,0.06901503632370333
cell_10/comb_iter_2/right/Relu,OpenCL,351.0,86.5,0.24643874643874644
cell_10/comb_iter_2/right/separable_3x3_1/separable_conv2d/depthwise,OpenCL,539.7777777777778,5322.2,9.859983532317825
cell_10/comb_iter_2/right/separable_3x3_1/separable_conv2d,OpenCL,3553.5555555555557,303.8,0.08549183915952724
cell_10/comb_iter_2/right/separable_3x3_2/separable_conv2d/depthwise,OpenCL,604.25,4741.6,7.847083160943319
cell_10/comb_iter_2/right/separable_3x3_2/separable_conv2d,OpenCL,3535.5,216.3,0.0611794654221468
cell_10/comb_iter_2/combine/add,OpenCL,320.375,4817.3,15.036441669918066
cell_10/comb_iter_3/left/Relu,CPU,58.4,66.1,1.1318493150684932
cell_10/comb_iter_3/left/separable_3x3_1/separable_conv2d/depthwise,CPU,213.2,247.6,1.1613508442776737
cell_10/comb_iter_3/left/separable_3x3_1/separable_conv2d,CPU,6166.8,6396.2,1.037199195693066
cell_10/comb_iter_3/left/separable_3x3_2/separable_conv2d/depthwise,CPU,239.8,263.7,1.0996663886572142
cell_10/comb_iter_3/left/separable_3x3_2/separable_conv2d,CPU,6151.5,6493.2,1.0555474274567178
cell_10/comb_iter_3/right/MaxPool2D/MaxPool,CPU,369.6,392.6,1.0622294372294372
cell_10/comb_iter_3/left/bn_sep_3x3_2/FusedBatchNormV3___tr4cell_10/comb_iter_3/combine/add,CPU,328.8,281.5,0.8561435523114355
cell_10/comb_iter_3/right/MaxPool2D/MaxPool___tr4cell_10/comb_iter_3/combine/add,CPU,134.125,179.3,1.3368126747437092
cell_10/comb_iter_3/combine/add,CPU,76.0,81.9,1.0776315789473685
cell_10/comb_iter_4/left/Relu,CPU,50.666666666666664,60.4,1.1921052631578948
cell_10/comb_iter_4/left/separable_3x3_1/separable_conv2d/depthwise,CPU,214.7,262.6,1.2231020027945974
cell_10/comb_iter_4/left/separable_3x3_1/separable_conv2d,CPU,6147.2,6393.6,1.0400832899531496
cell_10/comb_iter_4/left/separable_3x3_2/separable_conv2d/depthwise,CPU,238.6,261.9,1.0976529756915339
cell_10/comb_iter_4/left/separable_3x3_2/separable_conv2d,CPU,6168.5,6307.5,1.0225338412904272
cell_10/comb_iter_4/combine/add,CPU,94.3,114.9,1.2184517497348888
cell_10/comb_iter_2/combine/add___tr4cell_10/cell_output/concat,OpenCL,265.0,1653.3,6.238867924528302
cell_10/comb_iter_4/combine/add___tr4cell_10/cell_output/concat,CPU,327.5,197.7,0.6036641221374045
cell_10/cell_output/concat,CPU,484.7,632.8,1.305549824633794
cell_11/Relu_1,OpenCL,2701.3,3367.9,1.2467700736682337
cell_11/Relu_1___tr4cell_11/1x1/Conv2D,OpenCL,2524.4444444444443,177.5,0.0703125
cell_11/1x1/Conv2D,OpenCL,16324.7,18643.1,1.1420179237597015
cell_11/comb_iter_1/left/Relu,CPU,55.0,163.4,2.970909090909091
cell_11/comb_iter_1/left/separable_7x7_1/separable_conv2d/depthwise,CPU,961.8,1063.1,1.1053233520482428
cell_11/comb_iter_1/left/separable_7x7_1/separable_conv2d,CPU,6155.7,7087.5,1.1513718992153614
cell_11/comb_iter_1/left/separable_7x7_2/separable_conv2d/depthwise,CPU,941.3,1020.2,1.0838202485923722
cell_11/comb_iter_1/left/separable_7x7_2/separable_conv2d,CPU,6129.3,6440.7,1.0508051490382262
cell_11/comb_iter_1/right/MaxPool2D/MaxPool,CPU,370.7,391.5,1.05611006204478
cell_11/comb_iter_1/left/bn_sep_7x7_2/FusedBatchNormV3___tr4cell_11/comb_iter_1/combine/add,CPU,333.9,258.0,0.7726864330637916
cell_11/comb_iter_1/right/MaxPool2D/MaxPool___tr4cell_11/comb_iter_1/combine/add,CPU,173.1,179.6,1.0375505488157135
cell_11/comb_iter_1/combine/add,CPU,93.1,71.9,0.7722878625134265
cell_11/comb_iter_2/left/Relu,OpenCL,1046.8,213.6,0.20405043943446696
cell_11/comb_iter_2/left/separable_5x5_1/separable_conv2d/depthwise,OpenCL,1140.2,1574.3,1.3807226802315382
cell_11/comb_iter_2/left/separable_5x5_1/separable_conv2d,OpenCL,3639.3,266.0,0.0730909790344297
cell_11/comb_iter_2/left/separable_5x5_2/separable_conv2d/depthwise,OpenCL,1180.3,5263.9,4.45979835635008
cell_11/comb_iter_2/left/separable_5x5_2/separable_conv2d,OpenCL,3612.7,198.2,0.054862014559747554
cell_11/comb_iter_2/right/Relu,OpenCL,1112.111111111111,374.5,0.3367469277650115
cell_11/comb_iter_2/right/separable_3x3_1/separable_conv2d/depthwise,OpenCL,1087.5,4892.6,4.498942528735633
cell_11/comb_iter_2/right/separable_3x3_1/separable_conv2d,OpenCL,3637.9,249.3,0.06852854668902389
cell_11/comb_iter_2/right/separable_3x3_2/separable_conv2d/depthwise,OpenCL,1160.1,4763.0,4.105680544780623
cell_11/comb_iter_2/right/separable_3x3_2/separable_conv2d,OpenCL,3624.7,225.0,0.06207410268436009
cell_11/comb_iter_2/combine/add,OpenCL,1129.3,4480.7,3.967679093243602
cell_11/comb_iter_3/left/Relu,CPU,55.5,60.6,1.0918918918918918
cell_11/comb_iter_3/left/separable_3x3_1/separable_conv2d/depthwise,CPU,210.8,239.6,1.1366223908918405
cell_11/comb_iter_3/left/separable_3x3_1/separable_conv2d,CPU,6162.2,6473.6,1.0505339002304372
cell_11/comb_iter_3/left/separable_3x3_2/separable_conv2d/depthwise,CPU,238.0,264.7,1.1121848739495799
cell_11/comb_iter_3/left/separable_3x3_2/separable_conv2d,CPU,6134.1,6505.3,1.0605141748585774
cell_11/comb_iter_3/right/MaxPool2D/MaxPool,CPU,370.9,387.0,1.0434079266648693
cell_11/comb_iter_3/left/bn_sep_3x3_2/FusedBatchNormV3___tr4cell_11/comb_iter_3/combine/add,CPU,333.6,203.5,0.6100119904076738
cell_11/comb_iter_3/right/MaxPool2D/MaxPool___tr4cell_11/comb_iter_3/combine/add,CPU,142.1,147.7,1.0394088669950738
cell_11/comb_iter_3/combine/add,CPU,77.2,79.7,1.032383419689119
cell_11/comb_iter_4/left/Relu,OpenCL,1123.2,2008.8,1.7884615384615383
cell_11/comb_iter_4/left/separable_3x3_1/separable_conv2d/depthwise,OpenCL,1163.0,1158.8,0.9963886500429923
cell_11/comb_iter_4/left/separable_3x3_1/separable_conv2d,OpenCL,3704.0,330.2,0.08914686825053995
cell_11/comb_iter_4/left/separable_3x3_2/separable_conv2d/depthwise,OpenCL,1168.3,4058.6,3.4739364889155184
cell_11/comb_iter_4/left/separable_3x3_2/separable_conv2d,OpenCL,3667.6,252.0,0.06870978296433636
cell_11/comb_iter_4/combine/add,OpenCL,1214.4,157.5,0.12969367588932806
cell_11/comb_iter_2/combine/add___tr4cell_11/cell_output/concat,OpenCL,1215.8,1055.0,0.8677414048363218
cell_11/comb_iter_4/combine/add___tr4cell_11/cell_output/concat,OpenCL,1205.8,4555.8,3.7782385138497268
cell_11/cell_output/concat,CPU,488.1,546.5,1.1196476131940176
final_layer/Relu,CPU,355.1111111111111,410.4,1.1556946182728411
final_layer/Mean/reduction_indices,CPU,1.0,0.3,0.3
final_layer/Mean,CPU,584.9,618.5,1.0574457172166183
final_layer/FC/weights,CPU,0.0,0.4,0
final_layer/FC/MatMul,CPU,14260.222222222223,14312.3,1.0036519611662589
final_layer/FC/biases,CPU,0.0,0.6,0
final_layer/FC/BiasAdd,CPU,15.0,30.1,2.006666666666667
final_layer/predictions,CPU,11.11111111111111,11.0,0.99
