conv0/Conv2D,OpenCL,7857.777777777777,8351.6,1.0628450226244346
cell_stem_0/Relu,OpenCL,1615.6,1615.6,1.0
cell_stem_0/1x1/Conv2D,OpenCL,7643.2,7643.2,1.0
cell_stem_0/comb_iter_1/left/MaxPool2D/MaxPool,OpenCL,1234.4444444444443,1318.4,1.0680108010801082
cell_stem_0/comb_iter_1/right/Relu,OpenCL,1655.0,1655.0,1.0
cell_stem_0/comb_iter_1/right/separable_7x7_1/separable_conv2d/depthwise,OpenCL,15759.5,15759.5,1.0
cell_stem_0/comb_iter_1/right/separable_7x7_1/separable_conv2d,OpenCL,1289.7,1289.7,1.0
cell_stem_0/comb_iter_1/right/separable_7x7_2/separable_conv2d/depthwise,OpenCL,2960.2,2960.2,1.0
cell_stem_0/comb_iter_1/right/separable_7x7_2/separable_conv2d,OpenCL,1249.6,1249.6,1.0
cell_stem_0/comb_iter_1/left/MaxPool2D/MaxPool___tr4cell_stem_0/comb_iter_1/combine/add,OpenCL,1151.5,1151.5,1.0
cell_stem_0/comb_iter_1/right/bn_sep_7x7_2/FusedBatchNormV3___tr4cell_stem_0/comb_iter_1/combine/add,OpenCL,1147.9,1147.9,1.0
cell_stem_0/comb_iter_1/combine/add,OpenCL,1170.4,1170.4,1.0
cell_stem_0/comb_iter_2/left/AvgPool2D/AvgPool,OpenCL,1215.3,1215.3,1.0
cell_stem_0/comb_iter_2/right/Relu,OpenCL,1691.1,1691.1,1.0
cell_stem_0/comb_iter_2/right/separable_5x5_1/separable_conv2d/depthwise,OpenCL,8776.8,8776.8,1.0
cell_stem_0/comb_iter_2/right/separable_5x5_1/separable_conv2d,OpenCL,1279.5555555555557,1339.7,1.0470041681139284
cell_stem_0/comb_iter_2/right/separable_5x5_2/separable_conv2d/depthwise,OpenCL,1746.4444444444443,1795.9,1.0283178521440388
cell_stem_0/comb_iter_2/right/separable_5x5_2/separable_conv2d,OpenCL,1223.5,1223.5,1.0
cell_stem_0/comb_iter_2/left/AvgPool2D/AvgPool___tr4cell_stem_0/comb_iter_2/combine/add,OpenCL,1135.0,1135.0,1.0
cell_stem_0/comb_iter_2/right/bn_sep_5x5_2/FusedBatchNormV3___tr4cell_stem_0/comb_iter_2/combine/add,OpenCL,1151.5,1151.5,1.0
cell_stem_0/comb_iter_2/combine/add,OpenCL,1153.7,1153.7,1.0
cell_stem_0/comb_iter_0/left/Relu,OpenCL,1180.4,1180.4,1.0
cell_stem_0/comb_iter_0/left/separable_5x5_1/separable_conv2d/depthwise,OpenCL,3238.5,3238.5,1.0
cell_stem_0/comb_iter_0/left/separable_5x5_1/separable_conv2d,OpenCL,1204.4,1204.4,1.0
cell_stem_0/comb_iter_0/left/separable_5x5_2/separable_conv2d/depthwise,OpenCL,1873.5,1873.5,1.0
cell_stem_0/comb_iter_0/left/separable_5x5_2/separable_conv2d,OpenCL,1194.0,1194.0,1.0
cell_stem_0/comb_iter_0/right/Relu,OpenCL,1678.1,1678.1,1.0
cell_stem_0/comb_iter_0/right/separable_7x7_1/separable_conv2d/depthwise,OpenCL,21015.4,21015.4,1.0
cell_stem_0/comb_iter_0/right/separable_7x7_1/separable_conv2d,OpenCL,1290.8,1290.8,1.0
cell_stem_0/comb_iter_0/right/separable_7x7_2/separable_conv2d/depthwise,OpenCL,2977.5,2977.5,1.0
cell_stem_0/comb_iter_0/right/separable_7x7_2/separable_conv2d,OpenCL,1201.1,1201.1,1.0
cell_stem_0/comb_iter_0/combine/add,OpenCL,1155.6,1155.6,1.0
cell_stem_0/comb_iter_3/right/AvgPool2D/AvgPool,OpenCL,1176.9,1176.9,1.0
cell_stem_0/comb_iter_3/right/AvgPool2D/AvgPool___tr4cell_stem_0/comb_iter_3/combine/add,OpenCL,1043.111111111111,1069.2,1.0250106518960376
cell_stem_0/comb_iter_3/combine/add,OpenCL,1133.3333333333333,1166.0,1.0288235294117647
cell_stem_0/comb_iter_4/left/Relu,OpenCL,378.0,962.2,2.5455026455026455
cell_stem_0/comb_iter_4/left/separable_3x3_1/separable_conv2d/depthwise,OpenCL,1179.4444444444443,1209.5,1.0254828073480924
cell_stem_0/comb_iter_4/left/separable_3x3_1/separable_conv2d,OpenCL,1111.9,1111.9,1.0
cell_stem_0/comb_iter_4/left/separable_3x3_2/separable_conv2d/depthwise,OpenCL,1182.2,1182.2,1.0
cell_stem_0/comb_iter_4/left/separable_3x3_2/separable_conv2d,OpenCL,1147.5,1147.5,1.0
cell_stem_0/comb_iter_4/right/MaxPool2D/MaxPool,OpenCL,1139.0,1139.0,1.0
cell_stem_0/comb_iter_4/left/bn_sep_3x3_2/FusedBatchNormV3___tr4cell_stem_0/comb_iter_4/combine/add,OpenCL,370.5,889.3,2.4002699055330634
cell_stem_0/comb_iter_4/right/MaxPool2D/MaxPool___tr4cell_stem_0/comb_iter_4/combine/add,OpenCL,343.0,864.4,2.520116618075802
cell_stem_0/comb_iter_4/combine/add,OpenCL,493.5,927.7,1.8798378926038501
cell_stem_0/cell_output/concat,OpenCL,27294.0,27294.0,1.0
cell_stem_1/Relu_1,OpenCL,1403.2857142857142,1650.7,1.1763106993790085
cell_stem_1/Relu_1___tr4cell_stem_1/1x1/Conv2D,OpenCL,1239.1,1239.1,1.0
cell_stem_1/1x1/Conv2D,OpenCL,3421.1,3421.1,1.0
cell_stem_1/comb_iter_1/left/MaxPool2D/MaxPool,OpenCL,664.4,970.7,1.4610174593618304
cell_stem_1/Relu,OpenCL,1718.0,1718.0,1.0
cell_stem_1/AvgPool2D,OpenCL,1079.3,1079.3,1.0
cell_stem_1/path1_conv/Conv2D,OpenCL,1335.4,1335.4,1.0
cell_stem_1/Pad/paddings,CPU,0.9,2.5,2.7777777777777777
cell_stem_1/Pad_Gather_Index,CPU,0.0,1.2,0
cell_stem_1/Pad_Gather,CPU,0.0,1.3,0
cell_stem_1/Pad,CPU,3335.4444444444443,13032.9,3.907395316299677
cell_stem_1/strided_slice/stack,CPU,0.875,2.2,2.5142857142857147
cell_stem_1/strided_slice/stack_1,CPU,0.8888888888888888,1.8,2.0250000000000004
cell_stem_1/strided_slice/stack_2,CPU,0.7777777777777778,1.8,2.3142857142857145
cell_stem_1/Pad___tr4cell_stem_1/strided_slice,OpenCL,8595.4,8595.4,1.0
cell_stem_1/strided_slice,CPU,3935.6,17450.2,4.433936375647932
cell_stem_1/strided_slice___tr4cell_stem_1/AvgPool2D_1,OpenCL,7788.7,7788.7,1.0
cell_stem_1/AvgPool2D_1,OpenCL,1131.6,1131.6,1.0
cell_stem_1/path2_conv/Conv2D,OpenCL,1214.9,1214.9,1.0
cell_stem_1/concat,OpenCL,13646.0,13646.0,1.0
cell_stem_1/final_path_bn/FusedBatchNormV3,OpenCL,1107.9,1107.9,1.0
cell_stem_1/comb_iter_1/right/Relu,OpenCL,997.3,997.3,1.0
cell_stem_1/comb_iter_1/right/separable_7x7_1/separable_conv2d/depthwise,OpenCL,4911.6,4911.6,1.0
cell_stem_1/comb_iter_1/right/separable_7x7_1/separable_conv2d,OpenCL,1109.1,1109.1,1.0
cell_stem_1/comb_iter_1/right/separable_7x7_2/separable_conv2d/depthwise,OpenCL,1237.111111111111,1279.7,1.0344260822705227
cell_stem_1/comb_iter_1/right/separable_7x7_2/separable_conv2d,OpenCL,1163.6,1163.6,1.0
cell_stem_1/comb_iter_1/left/MaxPool2D/MaxPool___tr4cell_stem_1/comb_iter_1/combine/add,OpenCL,651.5,992.4,1.5232540291634689
cell_stem_1/comb_iter_1/right/bn_sep_7x7_2/FusedBatchNormV3___tr4cell_stem_1/comb_iter_1/combine/add,OpenCL,332.5,854.8,2.570827067669173
cell_stem_1/comb_iter_1/combine/add,OpenCL,502.0,962.5,1.9173306772908367
cell_stem_1/comb_iter_2/left/AvgPool2D/AvgPool,OpenCL,635.2,943.6,1.4855163727959697
cell_stem_1/comb_iter_2/right/Relu,OpenCL,534.6,876.4,1.639356528245417
cell_stem_1/comb_iter_2/right/separable_5x5_1/separable_conv2d/depthwise,OpenCL,2328.5,2328.5,1.0
cell_stem_1/comb_iter_2/right/separable_5x5_1/separable_conv2d,OpenCL,1103.5,1103.5,1.0
cell_stem_1/comb_iter_2/right/separable_5x5_2/separable_conv2d/depthwise,OpenCL,1106.8,1106.8,1.0
cell_stem_1/comb_iter_2/right/separable_5x5_2/separable_conv2d,OpenCL,1089.8,1089.8,1.0
cell_stem_1/comb_iter_2/left/AvgPool2D/AvgPool___tr4cell_stem_1/comb_iter_2/combine/add,OpenCL,400.6666666666667,969.4,2.419467554076539
cell_stem_1/comb_iter_2/right/bn_sep_5x5_2/FusedBatchNormV3___tr4cell_stem_1/comb_iter_2/combine/add,OpenCL,1054.2,1054.2,1.0
cell_stem_1/comb_iter_2/combine/add,OpenCL,1035.7,1035.7,1.0
cell_stem_1/comb_iter_0/left/Relu,OpenCL,1065.4444444444443,1105.3,1.0374074460319116
cell_stem_1/comb_iter_0/left/separable_5x5_1/separable_conv2d/depthwise,OpenCL,2262.5,2262.5,1.0
cell_stem_1/comb_iter_0/left/separable_5x5_1/separable_conv2d,OpenCL,1124.6,1124.6,1.0
cell_stem_1/comb_iter_0/left/separable_5x5_2/separable_conv2d/depthwise,OpenCL,1190.5,1190.5,1.0
cell_stem_1/comb_iter_0/left/separable_5x5_2/separable_conv2d,OpenCL,1131.3,1131.3,1.0
cell_stem_1/comb_iter_0/right/Relu,OpenCL,1077.9,1077.9,1.0
cell_stem_1/comb_iter_0/right/separable_7x7_1/separable_conv2d/depthwise,OpenCL,3999.3,3999.3,1.0
cell_stem_1/comb_iter_0/right/separable_7x7_1/separable_conv2d,OpenCL,1163.9,1163.9,1.0
cell_stem_1/comb_iter_0/right/separable_7x7_2/separable_conv2d/depthwise,OpenCL,1226.8,1226.8,1.0
cell_stem_1/comb_iter_0/right/separable_7x7_2/separable_conv2d,OpenCL,1084.3,1084.3,1.0
cell_stem_1/comb_iter_0/combine/add,OpenCL,1080.7,1080.7,1.0
cell_stem_1/comb_iter_3/right/AvgPool2D/AvgPool,OpenCL,1085.7,1085.7,1.0
cell_stem_1/comb_iter_3/right/AvgPool2D/AvgPool___tr4cell_stem_1/comb_iter_3/combine/add,OpenCL,1016.7777777777778,1048.1,1.0308053764615888
cell_stem_1/comb_iter_3/combine/add,OpenCL,1091.7,1091.7,1.0
cell_stem_1/comb_iter_4/left/Relu,OpenCL,1086.1,1086.1,1.0
cell_stem_1/comb_iter_4/left/separable_3x3_1/separable_conv2d/depthwise,OpenCL,1099.3,1099.3,1.0
cell_stem_1/comb_iter_4/left/separable_3x3_1/separable_conv2d,OpenCL,1116.6,1116.6,1.0
cell_stem_1/comb_iter_4/left/separable_3x3_2/separable_conv2d/depthwise,OpenCL,1088.1,1088.1,1.0
cell_stem_1/comb_iter_4/left/separable_3x3_2/separable_conv2d,OpenCL,1150.0,1150.0,1.0
cell_stem_1/comb_iter_4/right/MaxPool2D/MaxPool,OpenCL,1106.9,1106.9,1.0
cell_stem_1/comb_iter_4/left/bn_sep_3x3_2/FusedBatchNormV3___tr4cell_stem_1/comb_iter_4/combine/add,OpenCL,1075.111111111111,1102.3,1.0252893757751136
cell_stem_1/comb_iter_4/right/MaxPool2D/MaxPool___tr4cell_stem_1/comb_iter_4/combine/add,OpenCL,1073.3,1073.3,1.0
cell_stem_1/comb_iter_4/combine/add,OpenCL,1043.5,1043.5,1.0
cell_stem_1/cell_output/concat,OpenCL,10069.6,10069.6,1.0
cell_1/Relu,OpenCL,1131.3,1131.3,1.0
cell_1/Relu___tr4cell_1/prev_1x1/Conv2D,OpenCL,1133.9,1133.9,1.0
cell_1/prev_1x1/Conv2D,OpenCL,3432.6,3432.6,1.0
cell_0/Relu,OpenCL,1266.3,1266.3,1.0
cell_0/Relu___tr4cell_0/AvgPool2D,OpenCL,1213.6,1213.6,1.0
cell_0/AvgPool2D,OpenCL,1112.1,1112.1,1.0
cell_0/path1_conv/Conv2D,OpenCL,1242.6,1242.6,1.0
cell_0/Pad/paddings,CPU,0.0,2.6,0
cell_0/Pad,CPU,1617.0,6881.3,4.255596784168213
cell_0/strided_slice/stack,CPU,0.0,2.1,0
cell_0/strided_slice/stack_1,CPU,0.0,2.0,0
cell_0/strided_slice/stack_2,CPU,0.9,1.4,1.5555555555555554
cell_0/strided_slice,CPU,1675.6,5645.0,3.3689424683695393
cell_0/strided_slice___tr4cell_0/AvgPool2D_1,OpenCL,6077.9,6077.9,1.0
cell_0/AvgPool2D_1,OpenCL,1020.5,1081.2,1.0594806467417932
cell_0/path2_conv/Conv2D,OpenCL,1216.5,1216.5,1.0
cell_0/concat,OpenCL,1074.4,1074.4,1.0
cell_0/final_path_bn/FusedBatchNormV3,OpenCL,1031.4,1031.4,1.0
cell_0/Relu_1,OpenCL,1836.7,1836.7,1.0
cell_0/Relu_1___tr4cell_0/1x1/Conv2D,OpenCL,1063.8,1063.8,1.0
cell_0/1x1/Conv2D,OpenCL,3442.3,3442.3,1.0
cell_0/comb_iter_0/left/Relu,OpenCL,695.75,1008.3,1.4492274523895077
cell_0/comb_iter_0/left/separable_5x5_1/separable_conv2d/depthwise,OpenCL,1313.0,1313.0,1.0
cell_0/comb_iter_0/left/separable_5x5_1/separable_conv2d,OpenCL,1898.5,1898.5,1.0
cell_0/comb_iter_0/left/separable_5x5_2/separable_conv2d/depthwise,OpenCL,1253.0,1337.5,1.067438148443735
cell_0/comb_iter_0/left/separable_5x5_2/separable_conv2d,OpenCL,1844.0,1844.0,1.0
cell_0/comb_iter_0/right/Relu,OpenCL,412.6666666666667,978.7,2.371647819063005
cell_0/comb_iter_0/right/separable_3x3_1/separable_conv2d/depthwise,OpenCL,1144.6,1144.6,1.0
cell_0/comb_iter_0/right/separable_3x3_1/separable_conv2d,OpenCL,2017.7,2017.7,1.0
cell_0/comb_iter_0/right/separable_3x3_2/separable_conv2d/depthwise,OpenCL,1160.5,1160.5,1.0
cell_0/comb_iter_0/right/separable_3x3_2/separable_conv2d,OpenCL,1931.0,1931.0,1.0
cell_0/comb_iter_0/combine/add,OpenCL,1053.2,1053.2,1.0
cell_0/comb_iter_1/left/Relu,OpenCL,445.3333333333333,983.6,2.2086826347305393
cell_0/comb_iter_1/left/separable_5x5_1/separable_conv2d/depthwise,OpenCL,1229.6,1229.6,1.0
cell_0/comb_iter_1/left/separable_5x5_1/separable_conv2d,OpenCL,1849.6,1849.6,1.0
cell_0/comb_iter_1/left/separable_5x5_2/separable_conv2d/depthwise,OpenCL,1261.6,1261.6,1.0
cell_0/comb_iter_1/left/separable_5x5_2/separable_conv2d,OpenCL,1840.8,1840.8,1.0
cell_0/comb_iter_1/right/Relu,OpenCL,375.6666666666667,968.1,2.5770186335403724
cell_0/comb_iter_1/right/separable_3x3_1/separable_conv2d/depthwise,OpenCL,1097.3,1097.3,1.0
cell_0/comb_iter_1/right/separable_3x3_1/separable_conv2d,OpenCL,1936.1,1936.1,1.0
cell_0/comb_iter_1/right/separable_3x3_2/separable_conv2d/depthwise,OpenCL,1095.5,1095.5,1.0
cell_0/comb_iter_1/right/separable_3x3_2/separable_conv2d,OpenCL,1931.6,1931.6,1.0
cell_0/comb_iter_1/combine/add,OpenCL,518.3333333333334,1010.2,1.9489389067524114
cell_0/comb_iter_2/left/AvgPool2D/AvgPool,OpenCL,1160.0,1160.0,1.0
cell_0/comb_iter_2/left/AvgPool2D/AvgPool___tr4cell_0/comb_iter_2/combine/add,OpenCL,373.0,973.1,2.6088471849865953
cell_0/final_path_bn/FusedBatchNormV3___tr4cell_0/comb_iter_2/combine/add,OpenCL,1044.8,1044.8,1.0
cell_0/comb_iter_2/combine/add,OpenCL,534.5,944.2,1.766510757717493
cell_0/comb_iter_3/left/AvgPool2D/AvgPool,OpenCL,1171.9,1171.9,1.0
cell_0/comb_iter_3/right/AvgPool2D/AvgPool,OpenCL,1166.1,1166.1,1.0
cell_0/comb_iter_3/left/AvgPool2D/AvgPool___tr4cell_0/comb_iter_3/combine/add,OpenCL,347.3333333333333,953.6,2.745489443378119
cell_0/comb_iter_3/right/AvgPool2D/AvgPool___tr4cell_0/comb_iter_3/combine/add,OpenCL,1024.0,1024.0,1.0
cell_0/comb_iter_3/combine/add,OpenCL,1068.4,1068.4,1.0
cell_0/comb_iter_4/left/Relu,OpenCL,440.3333333333333,980.8,2.2274034822104465
cell_0/comb_iter_4/left/separable_3x3_1/separable_conv2d/depthwise,OpenCL,1168.7,1168.7,1.0
cell_0/comb_iter_4/left/separable_3x3_1/separable_conv2d,OpenCL,1975.6,1975.6,1.0
cell_0/comb_iter_4/left/separable_3x3_2/separable_conv2d/depthwise,OpenCL,1143.2,1143.2,1.0
cell_0/comb_iter_4/left/separable_3x3_2/separable_conv2d,OpenCL,1973.1,1973.1,1.0
cell_0/comb_iter_4/combine/add,OpenCL,1141.4,1141.4,1.0
cell_0/comb_iter_2/combine/add___tr4cell_0/cell_output/concat,OpenCL,1133.6,1133.6,1.0
cell_0/comb_iter_3/combine/add___tr4cell_0/cell_output/concat,OpenCL,1130.8,1130.8,1.0
cell_0/cell_output/concat,OpenCL,1893.4,1893.4,1.0
cell_1/Relu_1,OpenCL,1566.6,1566.6,1.0
cell_1/1x1/Conv2D,OpenCL,9236.9,9236.9,1.0
cell_1/comb_iter_0/left/Relu,OpenCL,1221.5,1221.5,1.0
cell_1/comb_iter_0/left/separable_5x5_1/separable_conv2d/depthwise,OpenCL,1239.7,1239.7,1.0
cell_1/comb_iter_0/left/separable_5x5_1/separable_conv2d,OpenCL,1822.3,1822.3,1.0
cell_1/comb_iter_0/left/separable_5x5_2/separable_conv2d/depthwise,OpenCL,1241.4,1241.4,1.0
cell_1/comb_iter_0/left/separable_5x5_2/separable_conv2d,OpenCL,1803.7,1803.7,1.0
cell_1/comb_iter_0/right/Relu,OpenCL,1220.7,1220.7,1.0
cell_1/comb_iter_0/right/separable_3x3_1/separable_conv2d/depthwise,OpenCL,1228.5,1228.5,1.0
cell_1/comb_iter_0/right/separable_3x3_1/separable_conv2d,OpenCL,1962.5,1962.5,1.0
cell_1/comb_iter_0/right/separable_3x3_2/separable_conv2d/depthwise,OpenCL,1242.7,1242.7,1.0
cell_1/comb_iter_0/right/separable_3x3_2/separable_conv2d,OpenCL,1891.7,1891.7,1.0
cell_1/comb_iter_0/combine/add,OpenCL,1222.0,1222.0,1.0
cell_1/comb_iter_1/left/Relu,OpenCL,1212.4,1212.4,1.0
cell_1/comb_iter_1/left/separable_5x5_1/separable_conv2d/depthwise,OpenCL,1228.3,1228.3,1.0
cell_1/comb_iter_1/left/separable_5x5_1/separable_conv2d,OpenCL,1839.0,1839.0,1.0
cell_1/comb_iter_1/left/separable_5x5_2/separable_conv2d/depthwise,OpenCL,1230.3,1230.3,1.0
cell_1/comb_iter_1/left/separable_5x5_2/separable_conv2d,OpenCL,1845.0,1845.0,1.0
cell_1/comb_iter_1/right/Relu,OpenCL,1212.7,1212.7,1.0
cell_1/comb_iter_1/right/separable_3x3_1/separable_conv2d/depthwise,OpenCL,1242.8,1242.8,1.0
cell_1/comb_iter_1/right/separable_3x3_1/separable_conv2d,OpenCL,1966.8,1966.8,1.0
cell_1/comb_iter_1/right/separable_3x3_2/separable_conv2d/depthwise,OpenCL,1233.2,1233.2,1.0
cell_1/comb_iter_1/right/separable_3x3_2/separable_conv2d,OpenCL,1934.8,1934.8,1.0
cell_1/comb_iter_1/combine/add,OpenCL,1224.5,1224.5,1.0
cell_1/comb_iter_2/left/AvgPool2D/AvgPool,OpenCL,1235.7,1235.7,1.0
cell_1/comb_iter_2/left/AvgPool2D/AvgPool___tr4cell_1/comb_iter_2/combine/add,OpenCL,1214.5,1214.5,1.0
cell_1/prev_bn/FusedBatchNormV3___tr4cell_1/comb_iter_2/combine/add,OpenCL,1217.2,1217.2,1.0
cell_1/comb_iter_2/combine/add,OpenCL,1216.5,1216.5,1.0
cell_1/comb_iter_3/left/AvgPool2D/AvgPool,OpenCL,1230.1,1230.1,1.0
cell_1/comb_iter_3/right/AvgPool2D/AvgPool,OpenCL,1221.1,1221.1,1.0
cell_1/comb_iter_3/left/AvgPool2D/AvgPool___tr4cell_1/comb_iter_3/combine/add,OpenCL,1210.2,1210.2,1.0
cell_1/comb_iter_3/right/AvgPool2D/AvgPool___tr4cell_1/comb_iter_3/combine/add,OpenCL,1221.1,1221.1,1.0
cell_1/comb_iter_3/combine/add,OpenCL,1216.6,1216.6,1.0
cell_1/comb_iter_4/left/Relu,OpenCL,1219.9,1219.9,1.0
cell_1/comb_iter_4/left/separable_3x3_1/separable_conv2d/depthwise,OpenCL,1231.4,1231.4,1.0
cell_1/comb_iter_4/left/separable_3x3_1/separable_conv2d,OpenCL,2003.6000000000001,2003.6,0.9999999999999999
cell_1/comb_iter_4/left/separable_3x3_2/separable_conv2d/depthwise,OpenCL,1233.0,1233.0,1.0
cell_1/comb_iter_4/left/separable_3x3_2/separable_conv2d,OpenCL,1988.2,1988.2,1.0
cell_1/comb_iter_4/combine/add,OpenCL,1217.5,1217.5,1.0
cell_1/comb_iter_2/combine/add___tr4cell_1/cell_output/concat,OpenCL,1218.1,1218.1,1.0
cell_1/comb_iter_3/combine/add___tr4cell_1/cell_output/concat,OpenCL,1233.3,1233.3,1.0
cell_1/cell_output/concat,OpenCL,1910.3,1910.3,1.0
cell_3/Relu,OpenCL,1605.4,1605.4,1.0
cell_3/prev_1x1/Conv2D,OpenCL,9301.6,9301.6,1.0
cell_2/Relu,OpenCL,1693.8,1693.8,1.0
cell_2/prev_1x1/Conv2D,OpenCL,9324.7,9324.7,1.0
cell_2/Relu_1,OpenCL,1626.6,1626.6,1.0
cell_2/1x1/Conv2D,OpenCL,9317.3,9317.3,1.0
cell_2/comb_iter_0/left/Relu,OpenCL,1217.8,1217.8,1.0
cell_2/comb_iter_0/left/separable_5x5_1/separable_conv2d/depthwise,OpenCL,1232.5,1232.5,1.0
cell_2/comb_iter_0/left/separable_5x5_1/separable_conv2d,OpenCL,1891.2,1891.2,1.0
cell_2/comb_iter_0/left/separable_5x5_2/separable_conv2d/depthwise,OpenCL,1231.3,1231.3,1.0
cell_2/comb_iter_0/left/separable_5x5_2/separable_conv2d,OpenCL,1851.3,1851.3,1.0
cell_2/comb_iter_0/right/Relu,OpenCL,1214.1,1214.1,1.0
cell_2/comb_iter_0/right/separable_3x3_1/separable_conv2d/depthwise,OpenCL,1231.6,1231.6,1.0
cell_2/comb_iter_0/right/separable_3x3_1/separable_conv2d,OpenCL,2098.1,2098.1,1.0
cell_2/comb_iter_0/right/separable_3x3_2/separable_conv2d/depthwise,OpenCL,1251.6,1251.6,1.0
cell_2/comb_iter_0/right/separable_3x3_2/separable_conv2d,OpenCL,1981.9,1981.9,1.0
cell_2/comb_iter_0/combine/add,OpenCL,1217.0,1217.0,1.0
cell_2/comb_iter_1/left/Relu,OpenCL,1215.0,1215.0,1.0
cell_2/comb_iter_1/left/separable_5x5_1/separable_conv2d/depthwise,OpenCL,1245.4,1245.4,1.0
cell_2/comb_iter_1/left/separable_5x5_1/separable_conv2d,OpenCL,1828.1,1828.1,1.0
cell_2/comb_iter_1/left/separable_5x5_2/separable_conv2d/depthwise,OpenCL,1229.1,1229.1,1.0
cell_2/comb_iter_1/left/separable_5x5_2/separable_conv2d,OpenCL,1895.4,1895.4,1.0
cell_2/comb_iter_1/right/Relu,OpenCL,1211.9,1211.9,1.0
cell_2/comb_iter_1/right/separable_3x3_1/separable_conv2d/depthwise,OpenCL,1229.0,1229.0,1.0
cell_2/comb_iter_1/right/separable_3x3_1/separable_conv2d,OpenCL,2005.3000000000002,2005.3,0.9999999999999999
cell_2/comb_iter_1/right/separable_3x3_2/separable_conv2d/depthwise,OpenCL,1231.0,1231.0,1.0
cell_2/comb_iter_1/right/separable_3x3_2/separable_conv2d,OpenCL,2023.8,2023.8,1.0
cell_2/comb_iter_1/combine/add,OpenCL,1217.4,1217.4,1.0
cell_2/comb_iter_2/left/AvgPool2D/AvgPool,OpenCL,1224.4,1224.4,1.0
cell_2/comb_iter_2/left/AvgPool2D/AvgPool___tr4cell_2/comb_iter_2/combine/add,OpenCL,1211.2,1211.2,1.0
cell_2/prev_bn/FusedBatchNormV3___tr4cell_2/comb_iter_2/combine/add,OpenCL,1210.5,1210.5,1.0
cell_2/comb_iter_2/combine/add,OpenCL,1214.8,1214.8,1.0
cell_2/comb_iter_3/left/AvgPool2D/AvgPool,OpenCL,1229.8,1229.8,1.0
cell_2/comb_iter_3/right/AvgPool2D/AvgPool,OpenCL,1218.1,1218.1,1.0
cell_2/comb_iter_3/left/AvgPool2D/AvgPool___tr4cell_2/comb_iter_3/combine/add,OpenCL,1211.5,1211.5,1.0
cell_2/comb_iter_3/right/AvgPool2D/AvgPool___tr4cell_2/comb_iter_3/combine/add,OpenCL,1213.3,1213.3,1.0
cell_2/comb_iter_3/combine/add,OpenCL,1225.3,1225.3,1.0
cell_2/comb_iter_4/left/Relu,OpenCL,1210.3,1210.3,1.0
cell_2/comb_iter_4/left/separable_3x3_1/separable_conv2d/depthwise,OpenCL,1229.6,1229.6,1.0
cell_2/comb_iter_4/left/separable_3x3_1/separable_conv2d,OpenCL,2005.7999999999997,2005.8,1.0000000000000002
cell_2/comb_iter_4/left/separable_3x3_2/separable_conv2d/depthwise,OpenCL,1230.2,1230.2,1.0
cell_2/comb_iter_4/left/separable_3x3_2/separable_conv2d,OpenCL,2032.7000000000003,2032.7,0.9999999999999999
cell_2/comb_iter_4/combine/add,OpenCL,1217.5,1217.5,1.0
cell_2/comb_iter_2/combine/add___tr4cell_2/cell_output/concat,OpenCL,1217.9,1217.9,1.0
cell_2/comb_iter_3/combine/add___tr4cell_2/cell_output/concat,OpenCL,1210.5,1210.5,1.0
cell_2/cell_output/concat,OpenCL,1884.2,1884.2,1.0
cell_3/Relu_1,OpenCL,1561.7,1561.7,1.0
cell_3/1x1/Conv2D,OpenCL,9300.8,9300.8,1.0
cell_3/comb_iter_0/left/Relu,OpenCL,1218.1,1218.1,1.0
cell_3/comb_iter_0/left/separable_5x5_1/separable_conv2d/depthwise,OpenCL,1232.6,1232.6,1.0
cell_3/comb_iter_0/left/separable_5x5_1/separable_conv2d,OpenCL,1868.3,1868.3,1.0
cell_3/comb_iter_0/left/separable_5x5_2/separable_conv2d/depthwise,OpenCL,1230.5,1230.5,1.0
cell_3/comb_iter_0/left/separable_5x5_2/separable_conv2d,OpenCL,1814.3,1814.3,1.0
cell_3/comb_iter_0/right/Relu,OpenCL,1221.3,1221.3,1.0
cell_3/comb_iter_0/right/separable_3x3_1/separable_conv2d/depthwise,OpenCL,1245.4,1245.4,1.0
cell_3/comb_iter_0/right/separable_3x3_1/separable_conv2d,OpenCL,2081.9,2081.9,1.0
cell_3/comb_iter_0/right/separable_3x3_2/separable_conv2d/depthwise,OpenCL,1254.6,1254.6,1.0
cell_3/comb_iter_0/right/separable_3x3_2/separable_conv2d,OpenCL,1985.4,1985.4,1.0
cell_3/comb_iter_0/combine/add,OpenCL,1240.1,1240.1,1.0
cell_3/comb_iter_1/left/Relu,OpenCL,1215.4,1215.4,1.0
cell_3/comb_iter_1/left/separable_5x5_1/separable_conv2d/depthwise,OpenCL,1229.2,1229.2,1.0
cell_3/comb_iter_1/left/separable_5x5_1/separable_conv2d,OpenCL,1829.7,1829.7,1.0
cell_3/comb_iter_1/left/separable_5x5_2/separable_conv2d/depthwise,OpenCL,1243.8,1243.8,1.0
cell_3/comb_iter_1/left/separable_5x5_2/separable_conv2d,OpenCL,1878.0,2039.0,1.0857294994675186
cell_3/comb_iter_1/right/Relu,OpenCL,1210.7,1210.7,1.0
cell_3/comb_iter_1/right/separable_3x3_1/separable_conv2d/depthwise,OpenCL,1233.4,1233.4,1.0
cell_3/comb_iter_1/right/separable_3x3_1/separable_conv2d,OpenCL,1995.0,1995.0,1.0
cell_3/comb_iter_1/right/separable_3x3_2/separable_conv2d/depthwise,OpenCL,1250.1,1250.1,1.0
cell_3/comb_iter_1/right/separable_3x3_2/separable_conv2d,OpenCL,2033.7,2033.7,1.0
cell_3/comb_iter_1/combine/add,OpenCL,1217.9,1217.9,1.0
cell_3/comb_iter_2/left/AvgPool2D/AvgPool,OpenCL,1223.1,1223.1,1.0
cell_3/comb_iter_2/left/AvgPool2D/AvgPool___tr4cell_3/comb_iter_2/combine/add,OpenCL,1216.7,1216.7,1.0
cell_3/prev_bn/FusedBatchNormV3___tr4cell_3/comb_iter_2/combine/add,OpenCL,1209.5,1209.5,1.0
cell_3/comb_iter_2/combine/add,OpenCL,1227.0,1227.0,1.0
cell_3/comb_iter_3/left/AvgPool2D/AvgPool,OpenCL,1220.9,1220.9,1.0
cell_3/comb_iter_3/right/AvgPool2D/AvgPool,OpenCL,1224.8,1224.8,1.0
cell_3/comb_iter_3/left/AvgPool2D/AvgPool___tr4cell_3/comb_iter_3/combine/add,OpenCL,1212.8,1212.8,1.0
cell_3/comb_iter_3/right/AvgPool2D/AvgPool___tr4cell_3/comb_iter_3/combine/add,OpenCL,1214.1,1214.1,1.0
cell_3/comb_iter_3/combine/add,OpenCL,1191.4,1191.4,1.0
cell_3/comb_iter_4/left/Relu,OpenCL,1141.4,1141.4,1.0
cell_3/comb_iter_4/left/separable_3x3_1/separable_conv2d/depthwise,OpenCL,1192.2,1192.2,1.0
cell_3/comb_iter_4/left/separable_3x3_1/separable_conv2d,OpenCL,2033.3000000000002,2033.3,0.9999999999999999
cell_3/comb_iter_4/left/separable_3x3_2/separable_conv2d/depthwise,OpenCL,1241.4,1241.4,1.0
cell_3/comb_iter_4/left/separable_3x3_2/separable_conv2d,OpenCL,2010.5999999999997,2010.6,1.0000000000000002
cell_3/comb_iter_4/combine/add,OpenCL,1237.6,1237.6,1.0
cell_3/comb_iter_2/combine/add___tr4cell_3/cell_output/concat,OpenCL,1214.7,1214.7,1.0
cell_3/comb_iter_3/combine/add___tr4cell_3/cell_output/concat,OpenCL,1222.2,1222.2,1.0
cell_3/cell_output/concat,OpenCL,1902.0,1902.0,1.0
cell_5/Relu,OpenCL,1572.1,1572.1,1.0
cell_5/prev_1x1/Conv2D,OpenCL,9356.5,9356.5,1.0
cell_4/Relu,OpenCL,1646.5,1646.5,1.0
cell_4/prev_1x1/Conv2D,OpenCL,9265.3,9265.3,1.0
cell_4/Relu_1,OpenCL,1614.125,1719.9,1.0655308603732674
cell_4/1x1/Conv2D,OpenCL,9353.0,9353.0,1.0
cell_4/comb_iter_0/left/Relu,OpenCL,1220.6,1220.6,1.0
cell_4/comb_iter_0/left/separable_5x5_1/separable_conv2d/depthwise,OpenCL,1252.2,1252.2,1.0
cell_4/comb_iter_0/left/separable_5x5_1/separable_conv2d,OpenCL,1912.9,1912.9,1.0
cell_4/comb_iter_0/left/separable_5x5_2/separable_conv2d/depthwise,OpenCL,1236.9,1236.9,1.0
cell_4/comb_iter_0/left/separable_5x5_2/separable_conv2d,OpenCL,1825.2,1825.2,1.0
cell_4/comb_iter_0/right/Relu,OpenCL,1217.3,1217.3,1.0
cell_4/comb_iter_0/right/separable_3x3_1/separable_conv2d/depthwise,OpenCL,1236.6,1236.6,1.0
cell_4/comb_iter_0/right/separable_3x3_1/separable_conv2d,OpenCL,2061.6,2061.6,1.0
cell_4/comb_iter_0/right/separable_3x3_2/separable_conv2d/depthwise,OpenCL,1275.9,1275.9,1.0
cell_4/comb_iter_0/right/separable_3x3_2/separable_conv2d,OpenCL,1944.0,1944.0,1.0
cell_4/comb_iter_0/combine/add,OpenCL,1220.5,1220.5,1.0
cell_4/comb_iter_1/left/Relu,OpenCL,1212.8,1212.8,1.0
cell_4/comb_iter_1/left/separable_5x5_1/separable_conv2d/depthwise,OpenCL,1229.6,1229.6,1.0
cell_4/comb_iter_1/left/separable_5x5_1/separable_conv2d,OpenCL,1826.5,1826.5,1.0
cell_4/comb_iter_1/left/separable_5x5_2/separable_conv2d/depthwise,OpenCL,1240.0,1240.0,1.0
cell_4/comb_iter_1/left/separable_5x5_2/separable_conv2d,OpenCL,1868.5,1868.5,1.0
cell_4/comb_iter_1/right/Relu,OpenCL,1214.8,1214.8,1.0
cell_4/comb_iter_1/right/separable_3x3_1/separable_conv2d/depthwise,OpenCL,1231.8,1231.8,1.0
cell_4/comb_iter_1/right/separable_3x3_1/separable_conv2d,OpenCL,2041.9,2041.9,1.0
cell_4/comb_iter_1/right/separable_3x3_2/separable_conv2d/depthwise,OpenCL,1237.1,1237.1,1.0
cell_4/comb_iter_1/right/separable_3x3_2/separable_conv2d,OpenCL,2023.1,2023.1,1.0
cell_4/comb_iter_1/combine/add,OpenCL,1232.1,1232.1,1.0
cell_4/comb_iter_2/left/AvgPool2D/AvgPool,OpenCL,1225.5,1225.5,1.0
cell_4/comb_iter_2/left/AvgPool2D/AvgPool___tr4cell_4/comb_iter_2/combine/add,OpenCL,1212.3,1212.3,1.0
cell_4/prev_bn/FusedBatchNormV3___tr4cell_4/comb_iter_2/combine/add,OpenCL,1209.4,1209.4,1.0
cell_4/comb_iter_2/combine/add,OpenCL,1216.9,1216.9,1.0
cell_4/comb_iter_3/left/AvgPool2D/AvgPool,OpenCL,1220.0,1220.0,1.0
cell_4/comb_iter_3/right/AvgPool2D/AvgPool,OpenCL,1219.4,1219.4,1.0
cell_4/comb_iter_3/left/AvgPool2D/AvgPool___tr4cell_4/comb_iter_3/combine/add,OpenCL,1218.7,1218.7,1.0
cell_4/comb_iter_3/right/AvgPool2D/AvgPool___tr4cell_4/comb_iter_3/combine/add,OpenCL,1212.4,1212.4,1.0
cell_4/comb_iter_3/combine/add,OpenCL,1223.0,1223.0,1.0
cell_4/comb_iter_4/left/Relu,OpenCL,1210.7,1210.7,1.0
cell_4/comb_iter_4/left/separable_3x3_1/separable_conv2d/depthwise,OpenCL,1229.0,1229.0,1.0
cell_4/comb_iter_4/left/separable_3x3_1/separable_conv2d,OpenCL,2005.0,2005.0,1.0
cell_4/comb_iter_4/left/separable_3x3_2/separable_conv2d/depthwise,OpenCL,1248.2,1248.2,1.0
cell_4/comb_iter_4/left/separable_3x3_2/separable_conv2d,OpenCL,2011.9000000000003,2011.9,0.9999999999999999
cell_4/comb_iter_4/combine/add,OpenCL,1222.8,1222.8,1.0
cell_4/comb_iter_2/combine/add___tr4cell_4/cell_output/concat,OpenCL,1213.9,1213.9,1.0
cell_4/comb_iter_3/combine/add___tr4cell_4/cell_output/concat,OpenCL,1215.9,1215.9,1.0
cell_4/cell_output/concat,OpenCL,1837.0,1837.0,1.0
cell_5/Relu_1,OpenCL,1571.3,1571.3,1.0
cell_5/1x1/Conv2D,OpenCL,9358.5,9358.5,1.0
cell_5/comb_iter_0/left/Relu,OpenCL,1216.9,1216.9,1.0
cell_5/comb_iter_0/left/separable_5x5_1/separable_conv2d/depthwise,OpenCL,1233.4,1233.4,1.0
cell_5/comb_iter_0/left/separable_5x5_1/separable_conv2d,OpenCL,1889.9,1889.9,1.0
cell_5/comb_iter_0/left/separable_5x5_2/separable_conv2d/depthwise,OpenCL,1233.5,1233.5,1.0
cell_5/comb_iter_0/left/separable_5x5_2/separable_conv2d,OpenCL,1793.8,1793.8,1.0
cell_5/comb_iter_0/right/Relu,OpenCL,1214.1,1214.1,1.0
cell_5/comb_iter_0/right/separable_3x3_1/separable_conv2d/depthwise,OpenCL,1227.6,1227.6,1.0
cell_5/comb_iter_0/right/separable_3x3_1/separable_conv2d,OpenCL,2084.2,2084.2,1.0
cell_5/comb_iter_0/right/separable_3x3_2/separable_conv2d/depthwise,OpenCL,1259.4,1259.4,1.0
cell_5/comb_iter_0/right/separable_3x3_2/separable_conv2d,OpenCL,1977.5,1977.5,1.0
cell_5/comb_iter_0/combine/add,OpenCL,1216.0,1216.0,1.0
cell_5/comb_iter_1/left/Relu,OpenCL,1212.6,1212.6,1.0
cell_5/comb_iter_1/left/separable_5x5_1/separable_conv2d/depthwise,OpenCL,1226.4,1226.4,1.0
cell_5/comb_iter_1/left/separable_5x5_1/separable_conv2d,OpenCL,1840.9,1840.9,1.0
cell_5/comb_iter_1/left/separable_5x5_2/separable_conv2d/depthwise,OpenCL,1232.1,1232.1,1.0
cell_5/comb_iter_1/left/separable_5x5_2/separable_conv2d,OpenCL,1874.2222222222222,1933.4,1.0315745790846573
cell_5/comb_iter_1/right/Relu,OpenCL,1238.0,1238.0,1.0
cell_5/comb_iter_1/right/separable_3x3_1/separable_conv2d/depthwise,OpenCL,1230.6,1230.6,1.0
cell_5/comb_iter_1/right/separable_3x3_1/separable_conv2d,OpenCL,2001.3000000000002,2001.3,0.9999999999999999
cell_5/comb_iter_1/right/separable_3x3_2/separable_conv2d/depthwise,OpenCL,1228.8,1228.8,1.0
cell_5/comb_iter_1/right/separable_3x3_2/separable_conv2d,OpenCL,2011.4,2011.4,1.0
cell_5/comb_iter_1/combine/add,OpenCL,1224.6,1224.6,1.0
cell_5/comb_iter_2/left/AvgPool2D/AvgPool,OpenCL,1247.9,1247.9,1.0
cell_5/comb_iter_2/left/AvgPool2D/AvgPool___tr4cell_5/comb_iter_2/combine/add,OpenCL,1212.8,1212.8,1.0
cell_5/prev_bn/FusedBatchNormV3___tr4cell_5/comb_iter_2/combine/add,OpenCL,1210.8,1210.8,1.0
cell_5/comb_iter_2/combine/add,OpenCL,1220.9,1220.9,1.0
cell_5/comb_iter_3/left/AvgPool2D/AvgPool,OpenCL,1219.8,1219.8,1.0
cell_5/comb_iter_3/right/AvgPool2D/AvgPool,OpenCL,1218.7,1218.7,1.0
cell_5/comb_iter_3/left/AvgPool2D/AvgPool___tr4cell_5/comb_iter_3/combine/add,OpenCL,1211.1,1211.1,1.0
cell_5/comb_iter_3/right/AvgPool2D/AvgPool___tr4cell_5/comb_iter_3/combine/add,OpenCL,1210.1,1210.1,1.0
cell_5/comb_iter_3/combine/add,OpenCL,1230.2,1230.2,1.0
cell_5/comb_iter_4/left/Relu,OpenCL,1211.2,1211.2,1.0
cell_5/comb_iter_4/left/separable_3x3_1/separable_conv2d/depthwise,OpenCL,1230.3,1230.3,1.0
cell_5/comb_iter_4/left/separable_3x3_1/separable_conv2d,OpenCL,2001.4000000000003,2001.4,0.9999999999999999
cell_5/comb_iter_4/left/separable_3x3_2/separable_conv2d/depthwise,OpenCL,1230.2,1230.2,1.0
cell_5/comb_iter_4/left/separable_3x3_2/separable_conv2d,OpenCL,2010.4,2010.4,1.0
cell_5/comb_iter_4/combine/add,OpenCL,1228.5,1228.5,1.0
cell_5/comb_iter_2/combine/add___tr4cell_5/cell_output/concat,OpenCL,1228.0,1228.0,1.0
cell_5/comb_iter_3/combine/add___tr4cell_5/cell_output/concat,OpenCL,1210.4,1210.4,1.0
cell_5/cell_output/concat,OpenCL,1862.0,1862.0,1.0
reduction_cell_0/Relu_1,OpenCL,1567.4,1567.4,1.0
reduction_cell_0/1x1/Conv2D,OpenCL,17794.7,17794.7,1.0
reduction_cell_0/comb_iter_1/left/MaxPool2D/MaxPool,OpenCL,1237.8,1237.8,1.0
reduction_cell_0/Relu,OpenCL,1680.5,1680.5,1.0
reduction_cell_0/prev_1x1/Conv2D,OpenCL,18052.3,18052.3,1.0
reduction_cell_0/comb_iter_1/right/Relu,OpenCL,1022.9999999999999,1161.7,1.135581622678397
reduction_cell_0/comb_iter_1/right/separable_7x7_1/separable_conv2d/depthwise,OpenCL,4380.5,4380.5,1.0
reduction_cell_0/comb_iter_1/right/separable_7x7_1/separable_conv2d,OpenCL,2190.7,2190.7,1.0
reduction_cell_0/comb_iter_1/right/separable_7x7_2/separable_conv2d/depthwise,OpenCL,1439.2,1439.2,1.0
reduction_cell_0/comb_iter_1/right/separable_7x7_2/separable_conv2d,OpenCL,2075.7,2075.7,1.0
reduction_cell_0/comb_iter_1/left/MaxPool2D/MaxPool___tr4reduction_cell_0/comb_iter_1/combine/add,OpenCL,616.0,792.5,1.286525974025974
reduction_cell_0/comb_iter_1/right/bn_sep_7x7_2/FusedBatchNormV3___tr4reduction_cell_0/comb_iter_1/combine/add,OpenCL,497.625,636.9,1.279879427279578
reduction_cell_0/comb_iter_1/combine/add,OpenCL,537.6666666666666,607.6,1.1300681959082457
reduction_cell_0/comb_iter_2/left/AvgPool2D/AvgPool,OpenCL,829.375,897.2,1.0817784476262247
reduction_cell_0/comb_iter_2/right/Relu,OpenCL,719.0,870.5,1.2107093184979139
reduction_cell_0/comb_iter_2/right/separable_5x5_1/separable_conv2d/depthwise,OpenCL,2564.7,2564.7,1.0
reduction_cell_0/comb_iter_2/right/separable_5x5_1/separable_conv2d,OpenCL,2093.5,2093.5,1.0
reduction_cell_0/comb_iter_2/right/separable_5x5_2/separable_conv2d/depthwise,OpenCL,1065.0,1065.0,1.0
reduction_cell_0/comb_iter_2/right/separable_5x5_2/separable_conv2d,OpenCL,1997.4,1997.4,1.0
reduction_cell_0/comb_iter_2/left/AvgPool2D/AvgPool___tr4reduction_cell_0/comb_iter_2/combine/add,OpenCL,365.2857142857143,622.1,1.703050449745796
reduction_cell_0/comb_iter_2/right/bn_sep_5x5_2/FusedBatchNormV3___tr4reduction_cell_0/comb_iter_2/combine/add,OpenCL,312.42857142857144,583.4,1.8673068129858252
reduction_cell_0/comb_iter_2/combine/add,OpenCL,285.42857142857144,565.6,1.9815815815815816
reduction_cell_0/comb_iter_0/left/Relu,OpenCL,742.1666666666666,937.7,1.2634628340444645
reduction_cell_0/comb_iter_0/left/separable_5x5_1/separable_conv2d/depthwise,OpenCL,2521.8,2521.8,1.0
reduction_cell_0/comb_iter_0/left/separable_5x5_1/separable_conv2d,OpenCL,1925.5,1925.5,1.0
reduction_cell_0/comb_iter_0/left/separable_5x5_2/separable_conv2d/depthwise,OpenCL,871.5,1023.0,1.1738382099827882
reduction_cell_0/comb_iter_0/left/separable_5x5_2/separable_conv2d,OpenCL,1892.5,1892.5,1.0
reduction_cell_0/comb_iter_0/right/Relu,OpenCL,603.0,967.6,1.604643449419569
reduction_cell_0/comb_iter_0/right/separable_7x7_1/separable_conv2d/depthwise,OpenCL,4214.7,4214.7,1.0
reduction_cell_0/comb_iter_0/right/separable_7x7_1/separable_conv2d,OpenCL,1912.375,2144.3,1.1212759003856463
reduction_cell_0/comb_iter_0/right/separable_7x7_2/separable_conv2d/depthwise,OpenCL,1186.5,1186.5,1.0
reduction_cell_0/comb_iter_0/right/separable_7x7_2/separable_conv2d,OpenCL,1915.1,1915.1,1.0
reduction_cell_0/comb_iter_0/combine/add,OpenCL,277.75,843.5,3.0369036903690367
reduction_cell_0/comb_iter_3/right/AvgPool2D/AvgPool,OpenCL,606.75,979.1,1.6136794396374126
reduction_cell_0/comb_iter_3/right/AvgPool2D/AvgPool___tr4reduction_cell_0/comb_iter_3/combine/add,OpenCL,279.5,842.7,3.015026833631485
reduction_cell_0/comb_iter_3/combine/add,OpenCL,301.5,850.6,2.8212271973466003
reduction_cell_0/comb_iter_4/left/Relu,OpenCL,337.0,861.7,2.556973293768546
reduction_cell_0/comb_iter_4/left/separable_3x3_1/separable_conv2d/depthwise,OpenCL,517.3333333333334,1020.4,1.972422680412371
reduction_cell_0/comb_iter_4/left/separable_3x3_1/separable_conv2d,OpenCL,1964.1,1964.1,1.0
reduction_cell_0/comb_iter_4/left/separable_3x3_2/separable_conv2d/depthwise,OpenCL,1030.7,1030.7,1.0
reduction_cell_0/comb_iter_4/left/separable_3x3_2/separable_conv2d,OpenCL,1965.6,1965.6,1.0
reduction_cell_0/comb_iter_4/right/MaxPool2D/MaxPool,OpenCL,1084.5,1084.5,1.0
reduction_cell_0/comb_iter_4/left/bn_sep_3x3_2/FusedBatchNormV3___tr4reduction_cell_0/comb_iter_4/combine/add,OpenCL,267.3333333333333,930.1,3.4791770573566088
reduction_cell_0/comb_iter_4/right/MaxPool2D/MaxPool___tr4reduction_cell_0/comb_iter_4/combine/add,OpenCL,266.0,927.4,3.4864661654135336
reduction_cell_0/comb_iter_4/combine/add,OpenCL,271.0,932.2,3.4398523985239855
reduction_cell_0/cell_output/concat,OpenCL,6798.3,6798.3,1.0
cell_7/Relu,OpenCL,1262.888888888889,1292.2,1.023209572408939
cell_7/Relu___tr4cell_7/prev_1x1/Conv2D,OpenCL,1215.1,1215.1,1.0
cell_7/prev_1x1/Conv2D,OpenCL,6460.0,6460.0,1.0
cell_6/Relu,OpenCL,1721.6,1721.6,1.0
cell_6/AvgPool2D,OpenCL,1226.1,1226.1,1.0
cell_6/path1_conv/Conv2D,OpenCL,2841.4,2841.4,1.0
cell_6/Pad/paddings,CPU,0.0,2.7,0
cell_6/Pad_Gather_Index,CPU,1.0,1.5,1.5
cell_6/Pad_Gather,CPU,0.0,1.1,0
cell_6/Pad,CPU,3093.875,9697.9,3.1345480990667043
cell_6/strided_slice/stack,CPU,1.0,2.6,2.6
cell_6/strided_slice/stack_1,CPU,0.0,1.9,0
cell_6/strided_slice/stack_2,CPU,0.0,1.8,0
cell_6/Pad___tr4cell_6/strided_slice,OpenCL,7258.9,7258.9,1.0
cell_6/strided_slice,CPU,2500.0,12497.6,4.99904
cell_6/strided_slice___tr4cell_6/AvgPool2D_1,OpenCL,6759.9,6759.9,1.0
cell_6/AvgPool2D_1,OpenCL,1107.2222222222222,1274.7,1.1512594079277472
cell_6/path2_conv/Conv2D,OpenCL,2754.7,2754.7,1.0
cell_6/concat,OpenCL,950.4444444444445,977.0,1.0279401449614216
cell_6/final_path_bn/FusedBatchNormV3,OpenCL,324.3333333333333,912.3,2.812846865364851
cell_6/Relu_1,OpenCL,1232.2,1232.2,1.0
cell_6/Relu_1___tr4cell_6/1x1/Conv2D,OpenCL,1688.888888888889,1743.9,1.0325723684210526
cell_6/1x1/Conv2D,OpenCL,6550.8,6550.8,1.0
cell_6/comb_iter_0/left/Relu,OpenCL,642.5714285714286,814.5,1.2675633614939974
cell_6/comb_iter_0/left/separable_5x5_1/separable_conv2d/depthwise,OpenCL,1054.75,1160.6,1.1003555344868452
cell_6/comb_iter_0/left/separable_5x5_1/separable_conv2d,OpenCL,1990.7,1990.7,1.0
cell_6/comb_iter_0/left/separable_5x5_2/separable_conv2d/depthwise,OpenCL,928.7142857142857,1026.3,1.1050761421319797
cell_6/comb_iter_0/left/separable_5x5_2/separable_conv2d,OpenCL,1926.2,1926.2,1.0
cell_6/comb_iter_0/right/Relu,OpenCL,311.6,764.0,2.45186136071887
cell_6/comb_iter_0/right/separable_3x3_1/separable_conv2d/depthwise,OpenCL,531.0,961.4,1.8105461393596987
cell_6/comb_iter_0/right/separable_3x3_1/separable_conv2d,OpenCL,1980.4,1980.4,1.0
cell_6/comb_iter_0/right/separable_3x3_2/separable_conv2d/depthwise,OpenCL,573.5,973.2,1.6969485614646906
cell_6/comb_iter_0/right/separable_3x3_2/separable_conv2d,OpenCL,1940.1,1940.1,1.0
cell_6/comb_iter_0/combine/add,OpenCL,376.25,881.7,2.343388704318937
cell_6/comb_iter_1/left/Relu,OpenCL,316.0,881.5,2.7895569620253164
cell_6/comb_iter_1/left/separable_5x5_1/separable_conv2d/depthwise,OpenCL,760.2,1001.9,1.3179426466719284
cell_6/comb_iter_1/left/separable_5x5_1/separable_conv2d,OpenCL,1924.3,1924.3,1.0
cell_6/comb_iter_1/left/separable_5x5_2/separable_conv2d/depthwise,OpenCL,1079.8,1079.8,1.0
cell_6/comb_iter_1/left/separable_5x5_2/separable_conv2d,OpenCL,1968.2,1968.2,1.0
cell_6/comb_iter_1/right/Relu,OpenCL,321.75,856.3,2.661383061383061
cell_6/comb_iter_1/right/separable_3x3_1/separable_conv2d/depthwise,OpenCL,494.5,936.3,1.893427704752275
cell_6/comb_iter_1/right/separable_3x3_1/separable_conv2d,OpenCL,1912.8,1912.8,1.0
cell_6/comb_iter_1/right/separable_3x3_2/separable_conv2d/depthwise,OpenCL,608.5,984.4,1.6177485620377978
cell_6/comb_iter_1/right/separable_3x3_2/separable_conv2d,OpenCL,1935.0,2052.0,1.0604651162790697
cell_6/comb_iter_1/combine/add,OpenCL,309.6666666666667,950.2,3.0684607104413346
cell_6/comb_iter_2/left/AvgPool2D/AvgPool,OpenCL,1054.6,1054.6,1.0
cell_6/comb_iter_2/left/AvgPool2D/AvgPool___tr4cell_6/comb_iter_2/combine/add,OpenCL,272.3333333333333,932.1,3.4226438188494495
cell_6/final_path_bn/FusedBatchNormV3___tr4cell_6/comb_iter_2/combine/add,OpenCL,266.0,927.8,3.4879699248120297
cell_6/comb_iter_2/combine/add,OpenCL,271.3333333333333,932.9,3.4382063882063885
cell_6/comb_iter_3/left/AvgPool2D/AvgPool,OpenCL,1113.6,1113.6,1.0
cell_6/comb_iter_3/right/AvgPool2D/AvgPool,OpenCL,1102.2,1102.2,1.0
cell_6/comb_iter_3/left/AvgPool2D/AvgPool___tr4cell_6/comb_iter_3/combine/add,OpenCL,976.375,1036.0,1.0610677250032006
cell_6/comb_iter_3/right/AvgPool2D/AvgPool___tr4cell_6/comb_iter_3/combine/add,OpenCL,1124.4,1124.4,1.0
cell_6/comb_iter_3/combine/add,OpenCL,1122.6,1122.6,1.0
cell_6/comb_iter_4/left/Relu,OpenCL,1117.5,1117.5,1.0
cell_6/comb_iter_4/left/separable_3x3_1/separable_conv2d/depthwise,OpenCL,1234.3,1234.3,1.0
cell_6/comb_iter_4/left/separable_3x3_1/separable_conv2d,OpenCL,1982.2,1982.2,1.0
cell_6/comb_iter_4/left/separable_3x3_2/separable_conv2d/depthwise,OpenCL,1233.5,1233.5,1.0
cell_6/comb_iter_4/left/separable_3x3_2/separable_conv2d,OpenCL,2003.6000000000001,2003.6,0.9999999999999999
cell_6/comb_iter_4/combine/add,OpenCL,1219.2,1219.2,1.0
cell_6/comb_iter_2/combine/add___tr4cell_6/cell_output/concat,OpenCL,1213.6,1213.6,1.0
cell_6/comb_iter_3/combine/add___tr4cell_6/cell_output/concat,OpenCL,1211.3,1211.3,1.0
cell_6/cell_output/concat,OpenCL,1422.1,1422.1,1.0
cell_7/Relu_1,OpenCL,1944.7,1944.7,1.0
cell_7/1x1/Conv2D,OpenCL,9449.0,9449.0,1.0
cell_7/comb_iter_0/left/Relu,OpenCL,1218.8,1218.8,1.0
cell_7/comb_iter_0/left/separable_5x5_1/separable_conv2d/depthwise,OpenCL,1235.9,1235.9,1.0
cell_7/comb_iter_0/left/separable_5x5_1/separable_conv2d,OpenCL,2001.1999999999998,2001.2,1.0000000000000002
cell_7/comb_iter_0/left/separable_5x5_2/separable_conv2d/depthwise,OpenCL,1233.1,1233.1,1.0
cell_7/comb_iter_0/left/separable_5x5_2/separable_conv2d,OpenCL,1980.5,1980.5,1.0
cell_7/comb_iter_0/right/Relu,OpenCL,1226.7,1226.7,1.0
cell_7/comb_iter_0/right/separable_3x3_1/separable_conv2d/depthwise,OpenCL,1243.3,1243.3,1.0
cell_7/comb_iter_0/right/separable_3x3_1/separable_conv2d,OpenCL,2037.1999999999998,2037.2,1.0000000000000002
cell_7/comb_iter_0/right/separable_3x3_2/separable_conv2d/depthwise,OpenCL,1236.8,1236.8,1.0
cell_7/comb_iter_0/right/separable_3x3_2/separable_conv2d,OpenCL,1982.6,1982.6,1.0
cell_7/comb_iter_0/combine/add,OpenCL,1219.1,1219.1,1.0
cell_7/comb_iter_1/left/Relu,OpenCL,1214.1,1214.1,1.0
cell_7/comb_iter_1/left/separable_5x5_1/separable_conv2d/depthwise,OpenCL,1229.8,1229.8,1.0
cell_7/comb_iter_1/left/separable_5x5_1/separable_conv2d,OpenCL,1977.1,1977.1,1.0
cell_7/comb_iter_1/left/separable_5x5_2/separable_conv2d/depthwise,OpenCL,1235.4,1235.4,1.0
cell_7/comb_iter_1/left/separable_5x5_2/separable_conv2d,OpenCL,2030.7,2030.7,1.0
cell_7/comb_iter_1/right/Relu,OpenCL,1233.5,1233.5,1.0
cell_7/comb_iter_1/right/separable_3x3_1/separable_conv2d/depthwise,OpenCL,1233.4,1233.4,1.0
cell_7/comb_iter_1/right/separable_3x3_1/separable_conv2d,OpenCL,1970.6,1970.6,1.0
cell_7/comb_iter_1/right/separable_3x3_2/separable_conv2d/depthwise,OpenCL,1237.4,1237.4,1.0
cell_7/comb_iter_1/right/separable_3x3_2/separable_conv2d,OpenCL,2009.6,2009.6,1.0
cell_7/comb_iter_1/combine/add,OpenCL,1225.2,1225.2,1.0
cell_7/comb_iter_2/left/AvgPool2D/AvgPool,OpenCL,1226.4,1226.4,1.0
cell_7/comb_iter_2/left/AvgPool2D/AvgPool___tr4cell_7/comb_iter_2/combine/add,OpenCL,1225.6,1225.6,1.0
cell_7/prev_bn/FusedBatchNormV3___tr4cell_7/comb_iter_2/combine/add,OpenCL,1210.6,1210.6,1.0
cell_7/comb_iter_2/combine/add,OpenCL,1214.6,1214.6,1.0
cell_7/comb_iter_3/left/AvgPool2D/AvgPool,OpenCL,1221.4,1221.4,1.0
cell_7/comb_iter_3/right/AvgPool2D/AvgPool,OpenCL,1220.1,1220.1,1.0
cell_7/comb_iter_3/left/AvgPool2D/AvgPool___tr4cell_7/comb_iter_3/combine/add,OpenCL,1213.6,1213.6,1.0
cell_7/comb_iter_3/right/AvgPool2D/AvgPool___tr4cell_7/comb_iter_3/combine/add,OpenCL,1211.7,1211.7,1.0
cell_7/comb_iter_3/combine/add,OpenCL,1216.0,1216.0,1.0
cell_7/comb_iter_4/left/Relu,OpenCL,1212.1,1212.1,1.0
cell_7/comb_iter_4/left/separable_3x3_1/separable_conv2d/depthwise,OpenCL,1230.3,1230.3,1.0
cell_7/comb_iter_4/left/separable_3x3_1/separable_conv2d,OpenCL,2002.8999999999999,2002.9,1.0000000000000002
cell_7/comb_iter_4/left/separable_3x3_2/separable_conv2d/depthwise,OpenCL,1230.9,1230.9,1.0
cell_7/comb_iter_4/left/separable_3x3_2/separable_conv2d,OpenCL,2019.8,2019.8,1.0
cell_7/comb_iter_4/combine/add,OpenCL,1223.7,1223.7,1.0
cell_7/comb_iter_2/combine/add___tr4cell_7/cell_output/concat,OpenCL,1218.9,1218.9,1.0
cell_7/comb_iter_3/combine/add___tr4cell_7/cell_output/concat,OpenCL,1210.6,1210.6,1.0
cell_7/cell_output/concat,OpenCL,1273.7777777777778,1315.7,1.0329117236566643
cell_9/Relu,OpenCL,1862.6,1862.6,1.0
cell_9/prev_1x1/Conv2D,OpenCL,9517.7,9517.7,1.0
cell_8/Relu,OpenCL,1920.1,1920.1,1.0
cell_8/prev_1x1/Conv2D,OpenCL,9468.3,9468.3,1.0
cell_8/Relu_1,OpenCL,1993.7777777777778,2040.9,1.023634641105662
cell_8/1x1/Conv2D,OpenCL,9470.7,9470.7,1.0
cell_8/comb_iter_0/left/Relu,OpenCL,1214.5555555555557,1312.7,1.08080687951697
cell_8/comb_iter_0/left/separable_5x5_1/separable_conv2d/depthwise,OpenCL,1238.2,1238.2,1.0
cell_8/comb_iter_0/left/separable_5x5_1/separable_conv2d,OpenCL,1944.8,1944.8,1.0
cell_8/comb_iter_0/left/separable_5x5_2/separable_conv2d/depthwise,OpenCL,1233.8,1233.8,1.0
cell_8/comb_iter_0/left/separable_5x5_2/separable_conv2d,OpenCL,1986.1,1986.1,1.0
cell_8/comb_iter_0/right/Relu,OpenCL,1214.7,1214.7,1.0
cell_8/comb_iter_0/right/separable_3x3_1/separable_conv2d/depthwise,OpenCL,1234.1,1234.1,1.0
cell_8/comb_iter_0/right/separable_3x3_1/separable_conv2d,OpenCL,2037.1999999999998,2037.2,1.0000000000000002
cell_8/comb_iter_0/right/separable_3x3_2/separable_conv2d/depthwise,OpenCL,1231.2,1231.2,1.0
cell_8/comb_iter_0/right/separable_3x3_2/separable_conv2d,OpenCL,2003.7000000000003,2003.7,0.9999999999999999
cell_8/comb_iter_0/combine/add,OpenCL,1221.0,1221.0,1.0
cell_8/comb_iter_1/left/Relu,OpenCL,1219.5,1219.5,1.0
cell_8/comb_iter_1/left/separable_5x5_1/separable_conv2d/depthwise,OpenCL,1254.9,1254.9,1.0
cell_8/comb_iter_1/left/separable_5x5_1/separable_conv2d,OpenCL,1960.4,1960.4,1.0
cell_8/comb_iter_1/left/separable_5x5_2/separable_conv2d/depthwise,OpenCL,1243.6,1243.6,1.0
cell_8/comb_iter_1/left/separable_5x5_2/separable_conv2d,OpenCL,2015.4,2015.4,1.0
cell_8/comb_iter_1/right/Relu,OpenCL,1211.8,1211.8,1.0
cell_8/comb_iter_1/right/separable_3x3_1/separable_conv2d/depthwise,OpenCL,1229.0,1229.0,1.0
cell_8/comb_iter_1/right/separable_3x3_1/separable_conv2d,OpenCL,1980.6,1980.6,1.0
cell_8/comb_iter_1/right/separable_3x3_2/separable_conv2d/depthwise,OpenCL,1256.8,1256.8,1.0
cell_8/comb_iter_1/right/separable_3x3_2/separable_conv2d,OpenCL,1984.5,1984.5,1.0
cell_8/comb_iter_1/combine/add,OpenCL,1218.3,1218.3,1.0
cell_8/comb_iter_2/left/AvgPool2D/AvgPool,OpenCL,1224.0,1224.0,1.0
cell_8/comb_iter_2/left/AvgPool2D/AvgPool___tr4cell_8/comb_iter_2/combine/add,OpenCL,1218.8,1218.8,1.0
cell_8/prev_bn/FusedBatchNormV3___tr4cell_8/comb_iter_2/combine/add,OpenCL,1210.4,1210.4,1.0
cell_8/comb_iter_2/combine/add,OpenCL,1226.3,1226.3,1.0
cell_8/comb_iter_3/left/AvgPool2D/AvgPool,OpenCL,1229.8,1229.8,1.0
cell_8/comb_iter_3/right/AvgPool2D/AvgPool,OpenCL,1226.2,1226.2,1.0
cell_8/comb_iter_3/left/AvgPool2D/AvgPool___tr4cell_8/comb_iter_3/combine/add,OpenCL,1211.7,1211.7,1.0
cell_8/comb_iter_3/right/AvgPool2D/AvgPool___tr4cell_8/comb_iter_3/combine/add,OpenCL,1209.6,1209.6,1.0
cell_8/comb_iter_3/combine/add,OpenCL,1214.9,1214.9,1.0
cell_8/comb_iter_4/left/Relu,OpenCL,1210.4,1210.4,1.0
cell_8/comb_iter_4/left/separable_3x3_1/separable_conv2d/depthwise,OpenCL,1230.0,1230.0,1.0
cell_8/comb_iter_4/left/separable_3x3_1/separable_conv2d,OpenCL,1984.2,1984.2,1.0
cell_8/comb_iter_4/left/separable_3x3_2/separable_conv2d/depthwise,OpenCL,1233.9,1233.9,1.0
cell_8/comb_iter_4/left/separable_3x3_2/separable_conv2d,OpenCL,2011.3,2011.3,1.0
cell_8/comb_iter_4/combine/add,OpenCL,1215.6,1215.6,1.0
cell_8/comb_iter_2/combine/add___tr4cell_8/cell_output/concat,OpenCL,1213.6,1213.6,1.0
cell_8/comb_iter_3/combine/add___tr4cell_8/cell_output/concat,OpenCL,1215.3,1215.3,1.0
cell_8/cell_output/concat,OpenCL,1446.111111111111,1487.3,1.0284825201690357
cell_9/Relu_1,OpenCL,1900.3,1900.3,1.0
cell_9/1x1/Conv2D,OpenCL,9461.7,9461.7,1.0
cell_9/comb_iter_0/left/Relu,OpenCL,1219.8,1219.8,1.0
cell_9/comb_iter_0/left/separable_5x5_1/separable_conv2d/depthwise,OpenCL,1235.9,1235.9,1.0
cell_9/comb_iter_0/left/separable_5x5_1/separable_conv2d,OpenCL,2004.6,2004.6,1.0
cell_9/comb_iter_0/left/separable_5x5_2/separable_conv2d/depthwise,OpenCL,1232.8,1232.8,1.0
cell_9/comb_iter_0/left/separable_5x5_2/separable_conv2d,OpenCL,2002.8999999999999,2002.9,1.0000000000000002
cell_9/comb_iter_0/right/Relu,OpenCL,1215.0,1215.0,1.0
cell_9/comb_iter_0/right/separable_3x3_1/separable_conv2d/depthwise,OpenCL,1241.1,1241.1,1.0
cell_9/comb_iter_0/right/separable_3x3_1/separable_conv2d,OpenCL,2058.8,2058.8,1.0
cell_9/comb_iter_0/right/separable_3x3_2/separable_conv2d/depthwise,OpenCL,1230.4,1230.4,1.0
cell_9/comb_iter_0/right/separable_3x3_2/separable_conv2d,OpenCL,1994.9,1994.9,1.0
cell_9/comb_iter_0/combine/add,OpenCL,1216.8,1216.8,1.0
cell_9/comb_iter_1/left/Relu,OpenCL,1212.6,1212.6,1.0
cell_9/comb_iter_1/left/separable_5x5_1/separable_conv2d/depthwise,OpenCL,1231.0,1231.0,1.0
cell_9/comb_iter_1/left/separable_5x5_1/separable_conv2d,OpenCL,1950.8,1950.8,1.0
cell_9/comb_iter_1/left/separable_5x5_2/separable_conv2d/depthwise,OpenCL,1232.7,1232.7,1.0
cell_9/comb_iter_1/left/separable_5x5_2/separable_conv2d,OpenCL,2083.1,2083.1,1.0
cell_9/comb_iter_1/right/Relu,OpenCL,1212.0,1212.0,1.0
cell_9/comb_iter_1/right/separable_3x3_1/separable_conv2d/depthwise,OpenCL,1235.6,1235.6,1.0
cell_9/comb_iter_1/right/separable_3x3_1/separable_conv2d,OpenCL,2042.5999999999997,2042.6,1.0000000000000002
cell_9/comb_iter_1/right/separable_3x3_2/separable_conv2d/depthwise,OpenCL,1241.9,1241.9,1.0
cell_9/comb_iter_1/right/separable_3x3_2/separable_conv2d,OpenCL,2048.6,2048.6,1.0
cell_9/comb_iter_1/combine/add,OpenCL,1217.9,1217.9,1.0
cell_9/comb_iter_2/left/AvgPool2D/AvgPool,OpenCL,1223.6,1223.6,1.0
cell_9/comb_iter_2/left/AvgPool2D/AvgPool___tr4cell_9/comb_iter_2/combine/add,OpenCL,1219.8,1219.8,1.0
cell_9/prev_bn/FusedBatchNormV3___tr4cell_9/comb_iter_2/combine/add,OpenCL,1210.3,1210.3,1.0
cell_9/comb_iter_2/combine/add,OpenCL,1214.1,1214.1,1.0
cell_9/comb_iter_3/left/AvgPool2D/AvgPool,OpenCL,1220.3,1220.3,1.0
cell_9/comb_iter_3/right/AvgPool2D/AvgPool,OpenCL,1220.0,1220.0,1.0
cell_9/comb_iter_3/left/AvgPool2D/AvgPool___tr4cell_9/comb_iter_3/combine/add,OpenCL,1213.5,1213.5,1.0
cell_9/comb_iter_3/right/AvgPool2D/AvgPool___tr4cell_9/comb_iter_3/combine/add,OpenCL,1209.4,1209.4,1.0
cell_9/comb_iter_3/combine/add,OpenCL,1216.6,1216.6,1.0
cell_9/comb_iter_4/left/Relu,OpenCL,1210.1,1210.1,1.0
cell_9/comb_iter_4/left/separable_3x3_1/separable_conv2d/depthwise,OpenCL,1235.9,1235.9,1.0
cell_9/comb_iter_4/left/separable_3x3_1/separable_conv2d,OpenCL,2047.6999999999998,2047.7,1.0000000000000002
cell_9/comb_iter_4/left/separable_3x3_2/separable_conv2d/depthwise,OpenCL,1236.4,1236.4,1.0
cell_9/comb_iter_4/left/separable_3x3_2/separable_conv2d,OpenCL,2043.3,2043.3,1.0
cell_9/comb_iter_4/combine/add,OpenCL,1218.9,1218.9,1.0
cell_9/comb_iter_2/combine/add___tr4cell_9/cell_output/concat,OpenCL,1210.8,1210.8,1.0
cell_9/comb_iter_3/combine/add___tr4cell_9/cell_output/concat,OpenCL,1215.1,1215.1,1.0
cell_9/cell_output/concat,OpenCL,1276.4,1276.4,1.0
cell_11/Relu,OpenCL,1798.6,1798.6,1.0
cell_11/prev_1x1/Conv2D,OpenCL,9547.1,9547.1,1.0
cell_10/Relu,OpenCL,1987.2,1987.2,1.0
cell_10/prev_1x1/Conv2D,OpenCL,9475.3,9475.3,1.0
cell_10/Relu_1,OpenCL,2002.3,2002.3,1.0
cell_10/1x1/Conv2D,OpenCL,9515.2,9515.2,1.0
cell_10/comb_iter_0/left/Relu,OpenCL,1142.0,1142.0,1.0
cell_10/comb_iter_0/left/separable_5x5_1/separable_conv2d/depthwise,OpenCL,1213.6,1213.6,1.0
cell_10/comb_iter_0/left/separable_5x5_1/separable_conv2d,OpenCL,2003.8,2003.8,1.0
cell_10/comb_iter_0/left/separable_5x5_2/separable_conv2d/depthwise,OpenCL,1189.0,1189.0,1.0
cell_10/comb_iter_0/left/separable_5x5_2/separable_conv2d,OpenCL,2016.8,2016.8,1.0
cell_10/comb_iter_0/right/Relu,OpenCL,1136.3,1136.3,1.0
cell_10/comb_iter_0/right/separable_3x3_1/separable_conv2d/depthwise,OpenCL,1171.6,1171.6,1.0
cell_10/comb_iter_0/right/separable_3x3_1/separable_conv2d,OpenCL,2065.0,2065.0,1.0
cell_10/comb_iter_0/right/separable_3x3_2/separable_conv2d/depthwise,OpenCL,1222.5,1222.5,1.0
cell_10/comb_iter_0/right/separable_3x3_2/separable_conv2d,OpenCL,2033.9,2033.9,1.0
cell_10/comb_iter_0/combine/add,OpenCL,1140.0,1140.0,1.0
cell_10/comb_iter_1/left/Relu,OpenCL,1128.4,1128.4,1.0
cell_10/comb_iter_1/left/separable_5x5_1/separable_conv2d/depthwise,OpenCL,1232.6,1232.6,1.0
cell_10/comb_iter_1/left/separable_5x5_1/separable_conv2d,OpenCL,1968.2,1968.2,1.0
cell_10/comb_iter_1/left/separable_5x5_2/separable_conv2d/depthwise,OpenCL,1192.0,1192.0,1.0
cell_10/comb_iter_1/left/separable_5x5_2/separable_conv2d,OpenCL,2008.0999999999997,2008.1,1.0000000000000002
cell_10/comb_iter_1/right/Relu,OpenCL,1139.9,1139.9,1.0
cell_10/comb_iter_1/right/separable_3x3_1/separable_conv2d/depthwise,OpenCL,1184.2,1184.2,1.0
cell_10/comb_iter_1/right/separable_3x3_1/separable_conv2d,OpenCL,1998.8,1998.8,1.0
cell_10/comb_iter_1/right/separable_3x3_2/separable_conv2d/depthwise,OpenCL,1173.1,1173.1,1.0
cell_10/comb_iter_1/right/separable_3x3_2/separable_conv2d,OpenCL,2027.6000000000001,2027.6,0.9999999999999999
cell_10/comb_iter_1/combine/add,OpenCL,1122.9,1122.9,1.0
cell_10/comb_iter_2/left/AvgPool2D/AvgPool,OpenCL,1170.3,1170.3,1.0
cell_10/comb_iter_2/left/AvgPool2D/AvgPool___tr4cell_10/comb_iter_2/combine/add,OpenCL,1131.4,1131.4,1.0
cell_10/prev_bn/FusedBatchNormV3___tr4cell_10/comb_iter_2/combine/add,OpenCL,1033.9,1033.9,1.0
cell_10/comb_iter_2/combine/add,OpenCL,1041.0,1070.5,1.0283381364073008
cell_10/comb_iter_3/left/AvgPool2D/AvgPool,OpenCL,1170.0,1170.0,1.0
cell_10/comb_iter_3/right/AvgPool2D/AvgPool,OpenCL,1161.3,1161.3,1.0
cell_10/comb_iter_3/left/AvgPool2D/AvgPool___tr4cell_10/comb_iter_3/combine/add,OpenCL,1119.1,1119.1,1.0
cell_10/comb_iter_3/right/AvgPool2D/AvgPool___tr4cell_10/comb_iter_3/combine/add,OpenCL,1114.9,1114.9,1.0
cell_10/comb_iter_3/combine/add,OpenCL,1119.8,1119.8,1.0
cell_10/comb_iter_4/left/Relu,OpenCL,1116.2,1116.2,1.0
cell_10/comb_iter_4/left/separable_3x3_1/separable_conv2d/depthwise,OpenCL,1170.5,1170.5,1.0
cell_10/comb_iter_4/left/separable_3x3_1/separable_conv2d,OpenCL,1960.1,1960.1,1.0
cell_10/comb_iter_4/left/separable_3x3_2/separable_conv2d/depthwise,OpenCL,1159.9,1159.9,1.0
cell_10/comb_iter_4/left/separable_3x3_2/separable_conv2d,OpenCL,1980.7,1980.7,1.0
cell_10/comb_iter_4/combine/add,OpenCL,1120.8,1120.8,1.0
cell_10/comb_iter_2/combine/add___tr4cell_10/cell_output/concat,OpenCL,1116.3,1116.3,1.0
cell_10/comb_iter_3/combine/add___tr4cell_10/cell_output/concat,OpenCL,1120.1,1120.1,1.0
cell_10/cell_output/concat,OpenCL,1487.5,1487.5,1.0
cell_11/Relu_1,OpenCL,1926.9,1926.9,1.0
cell_11/1x1/Conv2D,OpenCL,9535.1,9535.1,1.0
cell_11/comb_iter_0/left/Relu,OpenCL,1127.4,1127.4,1.0
cell_11/comb_iter_0/left/separable_5x5_1/separable_conv2d/depthwise,OpenCL,1230.9,1230.9,1.0
cell_11/comb_iter_0/left/separable_5x5_1/separable_conv2d,OpenCL,1971.3,1971.3,1.0
cell_11/comb_iter_0/left/separable_5x5_2/separable_conv2d/depthwise,OpenCL,1229.5,1229.5,1.0
cell_11/comb_iter_0/left/separable_5x5_2/separable_conv2d,OpenCL,2012.0,2012.0,1.0
cell_11/comb_iter_0/right/Relu,OpenCL,1214.3,1214.3,1.0
cell_11/comb_iter_0/right/separable_3x3_1/separable_conv2d/depthwise,OpenCL,1267.5,1267.5,1.0
cell_11/comb_iter_0/right/separable_3x3_1/separable_conv2d,OpenCL,2020.6,2020.6,1.0
cell_11/comb_iter_0/right/separable_3x3_2/separable_conv2d/depthwise,OpenCL,1229.5,1229.5,1.0
cell_11/comb_iter_0/right/separable_3x3_2/separable_conv2d,OpenCL,1987.5,1987.5,1.0
cell_11/comb_iter_0/combine/add,OpenCL,1218.0,1218.0,1.0
cell_11/comb_iter_1/left/Relu,OpenCL,1218.3,1218.3,1.0
cell_11/comb_iter_1/left/separable_5x5_1/separable_conv2d/depthwise,OpenCL,1234.6,1234.6,1.0
cell_11/comb_iter_1/left/separable_5x5_1/separable_conv2d,OpenCL,1953.6,1953.6,1.0
cell_11/comb_iter_1/left/separable_5x5_2/separable_conv2d/depthwise,OpenCL,1233.5,1233.5,1.0
cell_11/comb_iter_1/left/separable_5x5_2/separable_conv2d,OpenCL,2001.7999999999997,2001.8,1.0000000000000002
cell_11/comb_iter_1/right/Relu,OpenCL,1210.9,1210.9,1.0
cell_11/comb_iter_1/right/separable_3x3_1/separable_conv2d/depthwise,OpenCL,1233.3,1233.3,1.0
cell_11/comb_iter_1/right/separable_3x3_1/separable_conv2d,OpenCL,2015.2,2015.2,1.0
cell_11/comb_iter_1/right/separable_3x3_2/separable_conv2d/depthwise,OpenCL,1236.5,1236.5,1.0
cell_11/comb_iter_1/right/separable_3x3_2/separable_conv2d,OpenCL,1964.3,1964.3,1.0
cell_11/comb_iter_1/combine/add,OpenCL,1218.0,1218.0,1.0
cell_11/comb_iter_2/left/AvgPool2D/AvgPool,OpenCL,1223.5,1223.5,1.0
cell_11/comb_iter_2/left/AvgPool2D/AvgPool___tr4cell_11/comb_iter_2/combine/add,OpenCL,1216.9,1216.9,1.0
cell_11/prev_bn/FusedBatchNormV3___tr4cell_11/comb_iter_2/combine/add,OpenCL,1210.9,1210.9,1.0
cell_11/comb_iter_2/combine/add,OpenCL,1222.3,1222.3,1.0
cell_11/comb_iter_3/left/AvgPool2D/AvgPool,OpenCL,1195.1,1195.1,1.0
cell_11/comb_iter_3/right/AvgPool2D/AvgPool,OpenCL,1221.7,1221.7,1.0
cell_11/comb_iter_3/left/AvgPool2D/AvgPool___tr4cell_11/comb_iter_3/combine/add,OpenCL,1223.9,1223.9,1.0
cell_11/comb_iter_3/right/AvgPool2D/AvgPool___tr4cell_11/comb_iter_3/combine/add,OpenCL,1210.3,1210.3,1.0
cell_11/comb_iter_3/combine/add,OpenCL,1213.5,1213.5,1.0
cell_11/comb_iter_4/left/Relu,OpenCL,1210.1,1210.1,1.0
cell_11/comb_iter_4/left/separable_3x3_1/separable_conv2d/depthwise,OpenCL,1230.2,1230.2,1.0
cell_11/comb_iter_4/left/separable_3x3_1/separable_conv2d,OpenCL,2000.0,2000.0,1.0
cell_11/comb_iter_4/left/separable_3x3_2/separable_conv2d/depthwise,OpenCL,1243.4,1243.4,1.0
cell_11/comb_iter_4/left/separable_3x3_2/separable_conv2d,OpenCL,1999.3,1999.3,1.0
cell_11/comb_iter_4/combine/add,OpenCL,1217.2,1217.2,1.0
cell_11/comb_iter_2/combine/add___tr4cell_11/cell_output/concat,OpenCL,1212.8,1212.8,1.0
cell_11/comb_iter_3/combine/add___tr4cell_11/cell_output/concat,OpenCL,1215.7,1215.7,1.0
cell_11/cell_output/concat,OpenCL,1274.0,1274.0,1.0
reduction_cell_1/Relu_1,OpenCL,1805.5,1805.5,1.0
reduction_cell_1/1x1/Conv2D,OpenCL,18142.3,18142.3,1.0
reduction_cell_1/comb_iter_1/left/MaxPool2D/MaxPool,OpenCL,1240.7,1240.7,1.0
reduction_cell_1/Relu,OpenCL,2037.1999999999998,2037.2,1.0000000000000002
reduction_cell_1/prev_1x1/Conv2D,OpenCL,18230.9,18230.9,1.0
reduction_cell_1/comb_iter_1/right/Relu,OpenCL,567.5,959.7,1.6911013215859032
reduction_cell_1/comb_iter_1/right/separable_7x7_1/separable_conv2d/depthwise,OpenCL,2509.0,2509.0,1.0
reduction_cell_1/comb_iter_1/right/separable_7x7_1/separable_conv2d,OpenCL,2460.8,2460.8,1.0
reduction_cell_1/comb_iter_1/right/separable_7x7_2/separable_conv2d/depthwise,OpenCL,1167.5,1167.5,1.0
reduction_cell_1/comb_iter_1/right/separable_7x7_2/separable_conv2d,OpenCL,2375.0,2375.0,1.0
reduction_cell_1/comb_iter_1/left/MaxPool2D/MaxPool___tr4reduction_cell_1/comb_iter_1/combine/add,OpenCL,933.4285714285714,1097.4,1.1756657483930213
reduction_cell_1/comb_iter_1/right/bn_sep_7x7_2/FusedBatchNormV3___tr4reduction_cell_1/comb_iter_1/combine/add,OpenCL,597.6,920.4,1.540160642570281
reduction_cell_1/comb_iter_1/combine/add,OpenCL,484.42857142857144,673.8,1.3909171335889117
reduction_cell_1/comb_iter_2/left/AvgPool2D/AvgPool,OpenCL,668.0,779.0,1.1661676646706587
reduction_cell_1/comb_iter_2/right/Relu,OpenCL,529.25,665.6,1.257628719886632
reduction_cell_1/comb_iter_2/right/separable_5x5_1/separable_conv2d/depthwise,OpenCL,1466.0,1501.7,1.0243519781718964
reduction_cell_1/comb_iter_2/right/separable_5x5_1/separable_conv2d,OpenCL,2393.3,2393.3,1.0
reduction_cell_1/comb_iter_2/right/separable_5x5_2/separable_conv2d/depthwise,OpenCL,637.8571428571429,808.1,1.2668980963045913
reduction_cell_1/comb_iter_2/right/separable_5x5_2/separable_conv2d,OpenCL,2384.2,2384.2,1.0
reduction_cell_1/comb_iter_2/left/AvgPool2D/AvgPool___tr4reduction_cell_1/comb_iter_2/combine/add,OpenCL,450.7142857142857,636.6,1.4124247226624407
reduction_cell_1/comb_iter_2/right/bn_sep_5x5_2/FusedBatchNormV3___tr4reduction_cell_1/comb_iter_2/combine/add,OpenCL,416.42857142857144,653.9,1.5702572898799312
reduction_cell_1/comb_iter_2/combine/add,OpenCL,433.3333333333333,740.6,1.7090769230769232
reduction_cell_1/comb_iter_0/left/Relu,OpenCL,524.875,667.9,1.2724934508216241
reduction_cell_1/comb_iter_0/left/separable_5x5_1/separable_conv2d/depthwise,OpenCL,1358.888888888889,1392.8,1.0249550286181521
reduction_cell_1/comb_iter_0/left/separable_5x5_1/separable_conv2d,OpenCL,2317.7,2317.7,1.0
reduction_cell_1/comb_iter_0/left/separable_5x5_2/separable_conv2d/depthwise,OpenCL,630.1428571428571,784.6,1.2451144865109953
reduction_cell_1/comb_iter_0/left/separable_5x5_2/separable_conv2d,OpenCL,2294.5,2294.5,1.0
reduction_cell_1/comb_iter_0/right/Relu,OpenCL,573.8571428571429,765.4,1.33378142892706
reduction_cell_1/comb_iter_0/right/separable_7x7_1/separable_conv2d/depthwise,OpenCL,2375.0,2375.0,1.0
reduction_cell_1/comb_iter_0/right/separable_7x7_1/separable_conv2d,OpenCL,2218.1111111111113,2279.4,1.0276311175675
reduction_cell_1/comb_iter_0/right/separable_7x7_2/separable_conv2d/depthwise,OpenCL,769.2857142857143,908.1,1.1804456824512535
reduction_cell_1/comb_iter_0/right/separable_7x7_2/separable_conv2d,OpenCL,2270.6,2270.6,1.0
reduction_cell_1/comb_iter_0/combine/add,OpenCL,305.5,489.2,1.6013093289689033
reduction_cell_1/comb_iter_3/right/AvgPool2D/AvgPool,OpenCL,477.7142857142857,660.2,1.3819976076555025
reduction_cell_1/comb_iter_3/right/AvgPool2D/AvgPool___tr4reduction_cell_1/comb_iter_3/combine/add,OpenCL,321.875,513.5,1.5953398058252428
reduction_cell_1/comb_iter_3/combine/add,OpenCL,309.85714285714283,580.6,1.8737667127708624
reduction_cell_1/comb_iter_4/left/Relu,OpenCL,301.125,488.8,1.6232461602324617
reduction_cell_1/comb_iter_4/left/separable_3x3_1/separable_conv2d/depthwise,OpenCL,302.875,488.7,1.6135369376805613
reduction_cell_1/comb_iter_4/left/separable_3x3_1/separable_conv2d,OpenCL,2277.0,2277.0,1.0
reduction_cell_1/comb_iter_4/left/separable_3x3_2/separable_conv2d/depthwise,OpenCL,321.0,343.2,1.0691588785046728
reduction_cell_1/comb_iter_4/left/separable_3x3_2/separable_conv2d,OpenCL,2194.3,2194.3,1.0
reduction_cell_1/comb_iter_4/right/MaxPool2D/MaxPool,OpenCL,696.2857142857143,860.0,1.2351251538777184
reduction_cell_1/comb_iter_4/left/bn_sep_3x3_2/FusedBatchNormV3___tr4reduction_cell_1/comb_iter_4/combine/add,OpenCL,305.85714285714283,580.6,1.8982718355908457
reduction_cell_1/comb_iter_4/right/MaxPool2D/MaxPool___tr4reduction_cell_1/comb_iter_4/combine/add,OpenCL,283.4,749.6,2.645024700070572
reduction_cell_1/comb_iter_4/combine/add,OpenCL,274.6,747.2,2.721048798252003
reduction_cell_1/cell_output/concat,OpenCL,3301.8,3301.8,1.0
cell_13/Relu,OpenCL,1639.0,1639.0,1.0
cell_13/Relu___tr4cell_13/prev_1x1/Conv2D,OpenCL,1593.0,1593.0,1.0
cell_13/prev_1x1/Conv2D,OpenCL,7735.1,7735.1,1.0
cell_12/Relu,OpenCL,1978.3,1978.3,1.0
cell_12/AvgPool2D,OpenCL,1095.4,1095.4,1.0
cell_12/path1_conv/Conv2D,OpenCL,3322.9,3322.9,1.0
cell_12/Pad/paddings,CPU,0.9,2.6,2.888888888888889
cell_12/Pad_Gather_Index,CPU,0.0,1.8,0
cell_12/Pad_Gather,CPU,0.0,1.2,0
cell_12/Pad,CPU,1599.111111111111,5696.4,3.5622290161200665
cell_12/strided_slice/stack,CPU,0.875,2.5,2.857142857142857
cell_12/strided_slice/stack_1,CPU,0.0,1.5,0
cell_12/strided_slice/stack_2,CPU,0.0,1.3,0
cell_12/Pad___tr4cell_12/strided_slice,OpenCL,6125.1,6125.1,1.0
cell_12/strided_slice,CPU,1263.4,6577.2,5.205952192496437
cell_12/strided_slice___tr4cell_12/AvgPool2D_1,OpenCL,5850.4,5850.4,1.0
cell_12/AvgPool2D_1,OpenCL,1325.1,1325.1,1.0
cell_12/path2_conv/Conv2D,OpenCL,3454.2,3454.2,1.0
cell_12/concat,OpenCL,626.4,928.3,1.4819604086845466
cell_12/final_path_bn/FusedBatchNormV3,OpenCL,523.2,877.9,1.6779434250764524
cell_12/Relu_1,OpenCL,1686.2,1686.2,1.0
cell_12/Relu_1___tr4cell_12/1x1/Conv2D,OpenCL,1702.2,1702.2,1.0
cell_12/1x1/Conv2D,OpenCL,8015.900000000001,8015.9,0.9999999999999999
cell_12/comb_iter_0/left/Relu,OpenCL,500.4,857.6,1.7138289368505197
cell_12/comb_iter_0/left/separable_5x5_1/separable_conv2d/depthwise,OpenCL,536.6,890.8,1.6600819977636971
cell_12/comb_iter_0/left/separable_5x5_1/separable_conv2d,OpenCL,2311.9,2311.9,1.0
cell_12/comb_iter_0/left/separable_5x5_2/separable_conv2d/depthwise,OpenCL,779.8,1008.0,1.2926391382405746
cell_12/comb_iter_0/left/separable_5x5_2/separable_conv2d,OpenCL,2335.1,2335.1,1.0
cell_12/comb_iter_0/right/Relu,OpenCL,926.1666666666666,1271.9,1.3732949433147383
cell_12/comb_iter_0/right/separable_3x3_1/separable_conv2d/depthwise,OpenCL,339.2,785.1,2.3145636792452833
cell_12/comb_iter_0/right/separable_3x3_1/separable_conv2d,OpenCL,2372.9,2372.9,1.0
cell_12/comb_iter_0/right/separable_3x3_2/separable_conv2d/depthwise,OpenCL,485.6666666666667,813.1,1.6741935483870967
cell_12/comb_iter_0/right/separable_3x3_2/separable_conv2d,OpenCL,2312.9,2312.9,1.0
cell_12/comb_iter_0/combine/add,OpenCL,1049.2,1049.2,1.0
cell_12/comb_iter_1/left/Relu,OpenCL,983.25,1045.6,1.0634121535723366
cell_12/comb_iter_1/left/separable_5x5_1/separable_conv2d/depthwise,OpenCL,1184.8,1184.8,1.0
cell_12/comb_iter_1/left/separable_5x5_1/separable_conv2d,OpenCL,2447.2,2447.2,1.0
cell_12/comb_iter_1/left/separable_5x5_2/separable_conv2d/depthwise,OpenCL,622.8,928.8,1.4913294797687862
cell_12/comb_iter_1/left/separable_5x5_2/separable_conv2d,OpenCL,2393.7,2393.7,1.0
cell_12/comb_iter_1/right/Relu,OpenCL,384.6666666666667,976.3,2.5380415944540724
cell_12/comb_iter_1/right/separable_3x3_1/separable_conv2d/depthwise,OpenCL,1237.1,1237.1,1.0
cell_12/comb_iter_1/right/separable_3x3_1/separable_conv2d,OpenCL,2416.7,2416.7,1.0
cell_12/comb_iter_1/right/separable_3x3_2/separable_conv2d/depthwise,OpenCL,1243.6,1243.6,1.0
cell_12/comb_iter_1/right/separable_3x3_2/separable_conv2d,OpenCL,2478.4,2478.4,1.0
cell_12/comb_iter_1/combine/add,OpenCL,1091.8,1091.8,1.0
cell_12/comb_iter_2/left/AvgPool2D/AvgPool,OpenCL,1237.3,1237.3,1.0
cell_12/comb_iter_2/left/AvgPool2D/AvgPool___tr4cell_12/comb_iter_2/combine/add,OpenCL,1218.7,1218.7,1.0
cell_12/final_path_bn/FusedBatchNormV3___tr4cell_12/comb_iter_2/combine/add,OpenCL,1228.0,1228.0,1.0
cell_12/comb_iter_2/combine/add,OpenCL,1219.4,1219.4,1.0
cell_12/comb_iter_3/left/AvgPool2D/AvgPool,OpenCL,1232.9,1232.9,1.0
cell_12/comb_iter_3/right/AvgPool2D/AvgPool,OpenCL,1225.9,1225.9,1.0
cell_12/comb_iter_3/left/AvgPool2D/AvgPool___tr4cell_12/comb_iter_3/combine/add,OpenCL,1216.3,1216.3,1.0
cell_12/comb_iter_3/right/AvgPool2D/AvgPool___tr4cell_12/comb_iter_3/combine/add,OpenCL,1217.7,1217.7,1.0
cell_12/comb_iter_3/combine/add,OpenCL,1229.8,1229.8,1.0
cell_12/comb_iter_4/left/Relu,OpenCL,1213.4,1213.4,1.0
cell_12/comb_iter_4/left/separable_3x3_1/separable_conv2d/depthwise,OpenCL,1236.6,1236.6,1.0
cell_12/comb_iter_4/left/separable_3x3_1/separable_conv2d,OpenCL,2442.6,2442.6,1.0
cell_12/comb_iter_4/left/separable_3x3_2/separable_conv2d/depthwise,OpenCL,443.3333333333333,1018.8,2.298045112781955
cell_12/comb_iter_4/left/separable_3x3_2/separable_conv2d,OpenCL,2431.9,2431.9,1.0
cell_12/comb_iter_4/combine/add,OpenCL,1159.7,1159.7,1.0
cell_12/comb_iter_2/combine/add___tr4cell_12/cell_output/concat,OpenCL,1225.1,1225.1,1.0
cell_12/comb_iter_3/combine/add___tr4cell_12/cell_output/concat,OpenCL,1222.1,1222.1,1.0
cell_12/cell_output/concat,OpenCL,1299.5,1299.5,1.0
cell_13/Relu_1,OpenCL,2444.5,2444.5,1.0
cell_13/1x1/Conv2D,OpenCL,11519.8,11519.8,1.0
cell_13/comb_iter_0/left/Relu,OpenCL,1217.5,1217.5,1.0
cell_13/comb_iter_0/left/separable_5x5_1/separable_conv2d/depthwise,OpenCL,1240.8,1240.8,1.0
cell_13/comb_iter_0/left/separable_5x5_1/separable_conv2d,OpenCL,2287.6,2287.6,1.0
cell_13/comb_iter_0/left/separable_5x5_2/separable_conv2d/depthwise,OpenCL,1241.1,1241.1,1.0
cell_13/comb_iter_0/left/separable_5x5_2/separable_conv2d,OpenCL,2496.2,2496.2,1.0
cell_13/comb_iter_0/right/Relu,OpenCL,520.8,869.0,1.6685867895545317
cell_13/comb_iter_0/right/separable_3x3_1/separable_conv2d/depthwise,OpenCL,1085.9,1085.9,1.0
cell_13/comb_iter_0/right/separable_3x3_1/separable_conv2d,OpenCL,2310.7,2310.7,1.0
cell_13/comb_iter_0/right/separable_3x3_2/separable_conv2d/depthwise,OpenCL,1166.4,1166.4,1.0
cell_13/comb_iter_0/right/separable_3x3_2/separable_conv2d,OpenCL,2435.7,2435.7,1.0
cell_13/comb_iter_0/combine/add,OpenCL,1104.9,1104.9,1.0
cell_13/comb_iter_1/left/Relu,OpenCL,1223.3,1223.3,1.0
cell_13/comb_iter_1/left/separable_5x5_1/separable_conv2d/depthwise,OpenCL,1231.8,1231.8,1.0
cell_13/comb_iter_1/left/separable_5x5_1/separable_conv2d,OpenCL,2339.9,2339.9,1.0
cell_13/comb_iter_1/left/separable_5x5_2/separable_conv2d/depthwise,OpenCL,1164.0,1164.0,1.0
cell_13/comb_iter_1/left/separable_5x5_2/separable_conv2d,OpenCL,2377.7,2377.7,1.0
cell_13/comb_iter_1/right/Relu,OpenCL,1065.6666666666667,1093.1,1.0257428839537064
cell_13/comb_iter_1/right/separable_3x3_1/separable_conv2d/depthwise,OpenCL,1179.9,1179.9,1.0
cell_13/comb_iter_1/right/separable_3x3_1/separable_conv2d,OpenCL,2316.4,2316.4,1.0
cell_13/comb_iter_1/right/separable_3x3_2/separable_conv2d/depthwise,OpenCL,1247.3,1247.3,1.0
cell_13/comb_iter_1/right/separable_3x3_2/separable_conv2d,OpenCL,2394.5,2394.5,1.0
cell_13/comb_iter_1/combine/add,OpenCL,1151.8,1151.8,1.0
cell_13/comb_iter_2/left/AvgPool2D/AvgPool,OpenCL,1229.8,1229.8,1.0
cell_13/comb_iter_2/left/AvgPool2D/AvgPool___tr4cell_13/comb_iter_2/combine/add,OpenCL,1216.8,1216.8,1.0
cell_13/prev_bn/FusedBatchNormV3___tr4cell_13/comb_iter_2/combine/add,OpenCL,1214.2,1214.2,1.0
cell_13/comb_iter_2/combine/add,OpenCL,1216.5,1216.5,1.0
cell_13/comb_iter_3/left/AvgPool2D/AvgPool,OpenCL,1225.4,1225.4,1.0
cell_13/comb_iter_3/right/AvgPool2D/AvgPool,OpenCL,1221.8,1221.8,1.0
cell_13/comb_iter_3/left/AvgPool2D/AvgPool___tr4cell_13/comb_iter_3/combine/add,OpenCL,1230.9,1230.9,1.0
cell_13/comb_iter_3/right/AvgPool2D/AvgPool___tr4cell_13/comb_iter_3/combine/add,OpenCL,1212.8,1212.8,1.0
cell_13/comb_iter_3/combine/add,OpenCL,1216.7,1216.7,1.0
cell_13/comb_iter_4/left/Relu,OpenCL,1214.9,1214.9,1.0
cell_13/comb_iter_4/left/separable_3x3_1/separable_conv2d/depthwise,OpenCL,1237.3,1237.3,1.0
cell_13/comb_iter_4/left/separable_3x3_1/separable_conv2d,OpenCL,2516.0,2516.0,1.0
cell_13/comb_iter_4/left/separable_3x3_2/separable_conv2d/depthwise,OpenCL,421.4,833.5,1.9779307071665877
cell_13/comb_iter_4/left/separable_3x3_2/separable_conv2d,OpenCL,2373.8,2373.8,1.0
cell_13/comb_iter_4/combine/add,OpenCL,1224.3,1224.3,1.0
cell_13/comb_iter_2/combine/add___tr4cell_13/cell_output/concat,OpenCL,1227.5,1227.5,1.0
cell_13/comb_iter_3/combine/add___tr4cell_13/cell_output/concat,OpenCL,1215.4,1215.4,1.0
cell_13/cell_output/concat,OpenCL,1285.8,1285.8,1.0
cell_15/Relu,OpenCL,2445.6,2445.6,1.0
cell_15/prev_1x1/Conv2D,OpenCL,11640.0,11640.0,1.0
cell_14/Relu,OpenCL,2506.5,2506.5,1.0
cell_14/prev_1x1/Conv2D,OpenCL,11650.2,11650.2,1.0
cell_14/Relu_1,OpenCL,2412.9,2412.9,1.0
cell_14/1x1/Conv2D,OpenCL,11570.4,11570.4,1.0
cell_14/comb_iter_0/left/Relu,OpenCL,1219.1,1219.1,1.0
cell_14/comb_iter_0/left/separable_5x5_1/separable_conv2d/depthwise,OpenCL,1245.9,1245.9,1.0
cell_14/comb_iter_0/left/separable_5x5_1/separable_conv2d,OpenCL,2399.6,2399.6,1.0
cell_14/comb_iter_0/left/separable_5x5_2/separable_conv2d/depthwise,OpenCL,1173.4,1173.4,1.0
cell_14/comb_iter_0/left/separable_5x5_2/separable_conv2d,OpenCL,2441.2,2441.2,1.0
cell_14/comb_iter_0/right/Relu,OpenCL,1069.4444444444443,1113.8,1.0414753246753248
cell_14/comb_iter_0/right/separable_3x3_1/separable_conv2d/depthwise,OpenCL,1162.1,1162.1,1.0
cell_14/comb_iter_0/right/separable_3x3_1/separable_conv2d,OpenCL,2477.8,2477.8,1.0
cell_14/comb_iter_0/right/separable_3x3_2/separable_conv2d/depthwise,OpenCL,516.6666666666666,1023.3,1.9805806451612904
cell_14/comb_iter_0/right/separable_3x3_2/separable_conv2d,OpenCL,2450.6,2450.6,1.0
cell_14/comb_iter_0/combine/add,OpenCL,975.625,1027.6,1.0532735426008968
cell_14/comb_iter_1/left/Relu,OpenCL,1067.6,1067.6,1.0
cell_14/comb_iter_1/left/separable_5x5_1/separable_conv2d/depthwise,OpenCL,1093.6,1093.6,1.0
cell_14/comb_iter_1/left/separable_5x5_1/separable_conv2d,OpenCL,2339.6,2339.6,1.0
cell_14/comb_iter_1/left/separable_5x5_2/separable_conv2d/depthwise,OpenCL,1174.3,1174.3,1.0
cell_14/comb_iter_1/left/separable_5x5_2/separable_conv2d,OpenCL,2488.3,2488.3,1.0
cell_14/comb_iter_1/right/Relu,OpenCL,1079.8,1079.8,1.0
cell_14/comb_iter_1/right/separable_3x3_1/separable_conv2d/depthwise,OpenCL,1166.6,1166.6,1.0
cell_14/comb_iter_1/right/separable_3x3_1/separable_conv2d,OpenCL,2366.0,2366.0,1.0
cell_14/comb_iter_1/right/separable_3x3_2/separable_conv2d/depthwise,OpenCL,1075.9,1075.9,1.0
cell_14/comb_iter_1/right/separable_3x3_2/separable_conv2d,OpenCL,2381.9,2381.9,1.0
cell_14/comb_iter_1/combine/add,OpenCL,1138.7,1138.7,1.0
cell_14/comb_iter_2/left/AvgPool2D/AvgPool,OpenCL,1153.5,1153.5,1.0
cell_14/comb_iter_2/left/AvgPool2D/AvgPool___tr4cell_14/comb_iter_2/combine/add,OpenCL,1122.4,1122.4,1.0
cell_14/prev_bn/FusedBatchNormV3___tr4cell_14/comb_iter_2/combine/add,OpenCL,1119.4,1119.4,1.0
cell_14/comb_iter_2/combine/add,OpenCL,1221.2,1221.2,1.0
cell_14/comb_iter_3/left/AvgPool2D/AvgPool,OpenCL,1155.3,1155.3,1.0
cell_14/comb_iter_3/right/AvgPool2D/AvgPool,OpenCL,1157.0,1157.0,1.0
cell_14/comb_iter_3/left/AvgPool2D/AvgPool___tr4cell_14/comb_iter_3/combine/add,OpenCL,1127.9,1127.9,1.0
cell_14/comb_iter_3/right/AvgPool2D/AvgPool___tr4cell_14/comb_iter_3/combine/add,OpenCL,1119.3,1119.3,1.0
cell_14/comb_iter_3/combine/add,OpenCL,1127.8,1127.8,1.0
cell_14/comb_iter_4/left/Relu,OpenCL,1119.8,1119.8,1.0
cell_14/comb_iter_4/left/separable_3x3_1/separable_conv2d/depthwise,OpenCL,1139.0,1139.0,1.0
cell_14/comb_iter_4/left/separable_3x3_1/separable_conv2d,OpenCL,2397.1,2397.1,1.0
cell_14/comb_iter_4/left/separable_3x3_2/separable_conv2d/depthwise,OpenCL,1052.6666666666667,1084.1,1.0298606713109562
cell_14/comb_iter_4/left/separable_3x3_2/separable_conv2d,OpenCL,2381.1,2381.1,1.0
cell_14/comb_iter_4/combine/add,OpenCL,1131.2,1131.2,1.0
cell_14/comb_iter_2/combine/add___tr4cell_14/cell_output/concat,OpenCL,1121.3,1121.3,1.0
cell_14/comb_iter_3/combine/add___tr4cell_14/cell_output/concat,OpenCL,1119.1,1119.1,1.0
cell_14/cell_output/concat,OpenCL,1252.4,1252.4,1.0
cell_15/Relu_1,OpenCL,2433.5,2433.5,1.0
cell_15/1x1/Conv2D,OpenCL,11524.9,11524.9,1.0
cell_15/comb_iter_0/left/Relu,OpenCL,1218.5,1218.5,1.0
cell_15/comb_iter_0/left/separable_5x5_1/separable_conv2d/depthwise,OpenCL,1237.6,1237.6,1.0
cell_15/comb_iter_0/left/separable_5x5_1/separable_conv2d,OpenCL,2240.7,2240.7,1.0
cell_15/comb_iter_0/left/separable_5x5_2/separable_conv2d/depthwise,OpenCL,1234.5,1234.5,1.0
cell_15/comb_iter_0/left/separable_5x5_2/separable_conv2d,OpenCL,2365.2,2365.2,1.0
cell_15/comb_iter_0/right/Relu,OpenCL,1152.9,1152.9,1.0
cell_15/comb_iter_0/right/separable_3x3_1/separable_conv2d/depthwise,OpenCL,1242.8,1242.8,1.0
cell_15/comb_iter_0/right/separable_3x3_1/separable_conv2d,OpenCL,2260.1,2260.1,1.0
cell_15/comb_iter_0/right/separable_3x3_2/separable_conv2d/depthwise,OpenCL,1237.5,1237.5,1.0
cell_15/comb_iter_0/right/separable_3x3_2/separable_conv2d,OpenCL,2396.9,2396.9,1.0
cell_15/comb_iter_0/combine/add,OpenCL,1226.0,1226.0,1.0
cell_15/comb_iter_1/left/Relu,OpenCL,1214.8,1214.8,1.0
cell_15/comb_iter_1/left/separable_5x5_1/separable_conv2d/depthwise,OpenCL,1206.7,1206.7,1.0
cell_15/comb_iter_1/left/separable_5x5_1/separable_conv2d,OpenCL,2294.9,2294.9,1.0
cell_15/comb_iter_1/left/separable_5x5_2/separable_conv2d/depthwise,OpenCL,1229.5,1229.5,1.0
cell_15/comb_iter_1/left/separable_5x5_2/separable_conv2d,OpenCL,2431.0,2431.0,1.0
cell_15/comb_iter_1/right/Relu,OpenCL,1078.4,1078.4,1.0
cell_15/comb_iter_1/right/separable_3x3_1/separable_conv2d/depthwise,OpenCL,1181.9,1181.9,1.0
cell_15/comb_iter_1/right/separable_3x3_1/separable_conv2d,OpenCL,2387.9,2387.9,1.0
cell_15/comb_iter_1/right/separable_3x3_2/separable_conv2d/depthwise,OpenCL,445.3333333333333,1005.6,2.2580838323353296
cell_15/comb_iter_1/right/separable_3x3_2/separable_conv2d,OpenCL,2372.1,2372.1,1.0
cell_15/comb_iter_1/combine/add,OpenCL,1222.7,1222.7,1.0
cell_15/comb_iter_2/left/AvgPool2D/AvgPool,OpenCL,1255.4,1255.4,1.0
cell_15/comb_iter_2/left/AvgPool2D/AvgPool___tr4cell_15/comb_iter_2/combine/add,OpenCL,1215.2,1215.2,1.0
cell_15/prev_bn/FusedBatchNormV3___tr4cell_15/comb_iter_2/combine/add,OpenCL,1212.9,1212.9,1.0
cell_15/comb_iter_2/combine/add,OpenCL,1233.9,1233.9,1.0
cell_15/comb_iter_3/left/AvgPool2D/AvgPool,OpenCL,1222.4,1222.4,1.0
cell_15/comb_iter_3/right/AvgPool2D/AvgPool,OpenCL,1268.7,1268.7,1.0
cell_15/comb_iter_3/left/AvgPool2D/AvgPool___tr4cell_15/comb_iter_3/combine/add,OpenCL,1214.4,1214.4,1.0
cell_15/comb_iter_3/right/AvgPool2D/AvgPool___tr4cell_15/comb_iter_3/combine/add,OpenCL,1211.8,1211.8,1.0
cell_15/comb_iter_3/combine/add,OpenCL,1214.2,1214.2,1.0
cell_15/comb_iter_4/left/Relu,OpenCL,1211.3,1211.3,1.0
cell_15/comb_iter_4/left/separable_3x3_1/separable_conv2d/depthwise,OpenCL,1231.7,1231.7,1.0
cell_15/comb_iter_4/left/separable_3x3_1/separable_conv2d,OpenCL,2403.5,2403.5,1.0
cell_15/comb_iter_4/left/separable_3x3_2/separable_conv2d/depthwise,OpenCL,1050.0,1079.6,1.028190476190476
cell_15/comb_iter_4/left/separable_3x3_2/separable_conv2d,OpenCL,2339.8,2339.8,1.0
cell_15/comb_iter_4/combine/add,OpenCL,1221.9,1221.9,1.0
cell_15/comb_iter_2/combine/add___tr4cell_15/cell_output/concat,OpenCL,1216.3,1216.3,1.0
cell_15/comb_iter_3/combine/add___tr4cell_15/cell_output/concat,OpenCL,1210.5,1210.5,1.0
cell_15/cell_output/concat,OpenCL,1289.3,1289.3,1.0
cell_17/Relu,OpenCL,2478.0,2478.0,1.0
cell_17/prev_1x1/Conv2D,OpenCL,11433.5,11433.5,1.0
cell_16/Relu,OpenCL,2521.9,2521.9,1.0
cell_16/prev_1x1/Conv2D,OpenCL,11444.4,11444.4,1.0
cell_16/Relu_1,OpenCL,2557.0,2557.0,1.0
cell_16/1x1/Conv2D,OpenCL,11472.0,11472.0,1.0
cell_16/comb_iter_0/left/Relu,OpenCL,1219.5,1219.5,1.0
cell_16/comb_iter_0/left/separable_5x5_1/separable_conv2d/depthwise,OpenCL,1236.6,1236.6,1.0
cell_16/comb_iter_0/left/separable_5x5_1/separable_conv2d,OpenCL,2328.9,2328.9,1.0
cell_16/comb_iter_0/left/separable_5x5_2/separable_conv2d/depthwise,OpenCL,1243.1,1243.1,1.0
cell_16/comb_iter_0/left/separable_5x5_2/separable_conv2d,OpenCL,2378.9,2378.9,1.0
cell_16/comb_iter_0/right/Relu,OpenCL,1152.5,1152.5,1.0
cell_16/comb_iter_0/right/separable_3x3_1/separable_conv2d/depthwise,OpenCL,1247.1,1247.1,1.0
cell_16/comb_iter_0/right/separable_3x3_1/separable_conv2d,OpenCL,2337.2,2337.2,1.0
cell_16/comb_iter_0/right/separable_3x3_2/separable_conv2d/depthwise,OpenCL,1163.2,1163.2,1.0
cell_16/comb_iter_0/right/separable_3x3_2/separable_conv2d,OpenCL,2304.2,2304.2,1.0
cell_16/comb_iter_0/combine/add,OpenCL,1141.3,1141.3,1.0
cell_16/comb_iter_1/left/Relu,OpenCL,1153.4,1153.4,1.0
cell_16/comb_iter_1/left/separable_5x5_1/separable_conv2d/depthwise,OpenCL,1177.9,1177.9,1.0
cell_16/comb_iter_1/left/separable_5x5_1/separable_conv2d,OpenCL,2345.1,2345.1,1.0
cell_16/comb_iter_1/left/separable_5x5_2/separable_conv2d/depthwise,OpenCL,1238.2,1238.2,1.0
cell_16/comb_iter_1/left/separable_5x5_2/separable_conv2d,OpenCL,2329.8,2329.8,1.0
cell_16/comb_iter_1/right/Relu,OpenCL,1218.2,1218.2,1.0
cell_16/comb_iter_1/right/separable_3x3_1/separable_conv2d/depthwise,OpenCL,1251.6,1251.6,1.0
cell_16/comb_iter_1/right/separable_3x3_1/separable_conv2d,OpenCL,2300.2,2300.2,1.0
cell_16/comb_iter_1/right/separable_3x3_2/separable_conv2d/depthwise,OpenCL,1154.3,1154.3,1.0
cell_16/comb_iter_1/right/separable_3x3_2/separable_conv2d,OpenCL,2342.2,2342.2,1.0
cell_16/comb_iter_1/combine/add,OpenCL,1220.1,1220.1,1.0
cell_16/comb_iter_2/left/AvgPool2D/AvgPool,OpenCL,1238.0,1238.0,1.0
cell_16/comb_iter_2/left/AvgPool2D/AvgPool___tr4cell_16/comb_iter_2/combine/add,OpenCL,1215.5,1215.5,1.0
cell_16/prev_bn/FusedBatchNormV3___tr4cell_16/comb_iter_2/combine/add,OpenCL,1130.2,1130.2,1.0
cell_16/comb_iter_2/combine/add,OpenCL,1156.0,1156.0,1.0
cell_16/comb_iter_3/left/AvgPool2D/AvgPool,OpenCL,1224.5,1224.5,1.0
cell_16/comb_iter_3/right/AvgPool2D/AvgPool,OpenCL,1220.1,1220.1,1.0
cell_16/comb_iter_3/left/AvgPool2D/AvgPool___tr4cell_16/comb_iter_3/combine/add,OpenCL,1213.8,1213.8,1.0
cell_16/comb_iter_3/right/AvgPool2D/AvgPool___tr4cell_16/comb_iter_3/combine/add,OpenCL,1211.5,1211.5,1.0
cell_16/comb_iter_3/combine/add,OpenCL,1222.5,1222.5,1.0
cell_16/comb_iter_4/left/Relu,OpenCL,1226.2,1226.2,1.0
cell_16/comb_iter_4/left/separable_3x3_1/separable_conv2d/depthwise,OpenCL,1235.9,1235.9,1.0
cell_16/comb_iter_4/left/separable_3x3_1/separable_conv2d,OpenCL,2501.5,2501.5,1.0
cell_16/comb_iter_4/left/separable_3x3_2/separable_conv2d/depthwise,OpenCL,427.5,901.7,2.1092397660818714
cell_16/comb_iter_4/left/separable_3x3_2/separable_conv2d,OpenCL,2370.4,2370.4,1.0
cell_16/comb_iter_4/combine/add,OpenCL,1225.3,1225.3,1.0
cell_16/comb_iter_2/combine/add___tr4cell_16/cell_output/concat,OpenCL,1218.3,1218.3,1.0
cell_16/comb_iter_3/combine/add___tr4cell_16/cell_output/concat,OpenCL,1240.1,1240.1,1.0
cell_16/cell_output/concat,OpenCL,1302.2,1302.2,1.0
cell_17/Relu_1,OpenCL,2444.6,2444.6,1.0
cell_17/1x1/Conv2D,OpenCL,11553.6,11553.6,1.0
cell_17/comb_iter_0/left/Relu,OpenCL,1222.4444444444443,1278.6,1.0459371023450281
cell_17/comb_iter_0/left/separable_5x5_1/separable_conv2d/depthwise,OpenCL,1221.9,1221.9,1.0
cell_17/comb_iter_0/left/separable_5x5_1/separable_conv2d,OpenCL,2256.6,2256.6,1.0
cell_17/comb_iter_0/left/separable_5x5_2/separable_conv2d/depthwise,OpenCL,1179.5,1179.5,1.0
cell_17/comb_iter_0/left/separable_5x5_2/separable_conv2d,OpenCL,2354.5,2354.5,1.0
cell_17/comb_iter_0/right/Relu,OpenCL,1043.8,1043.8,1.0
cell_17/comb_iter_0/right/separable_3x3_1/separable_conv2d/depthwise,OpenCL,1167.2,1167.2,1.0
cell_17/comb_iter_0/right/separable_3x3_1/separable_conv2d,OpenCL,2273.7,2273.7,1.0
cell_17/comb_iter_0/right/separable_3x3_2/separable_conv2d/depthwise,OpenCL,1186.5,1186.5,1.0
cell_17/comb_iter_0/right/separable_3x3_2/separable_conv2d,OpenCL,2387.2,2387.2,1.0
cell_17/comb_iter_0/combine/add,OpenCL,1100.2,1100.2,1.0
cell_17/comb_iter_1/left/Relu,OpenCL,1148.3,1148.3,1.0
cell_17/comb_iter_1/left/separable_5x5_1/separable_conv2d/depthwise,OpenCL,1130.8,1130.8,1.0
cell_17/comb_iter_1/left/separable_5x5_1/separable_conv2d,OpenCL,2281.7,2281.7,1.0
cell_17/comb_iter_1/left/separable_5x5_2/separable_conv2d/depthwise,OpenCL,1172.2,1172.2,1.0
cell_17/comb_iter_1/left/separable_5x5_2/separable_conv2d,OpenCL,2320.0,2320.0,1.0
cell_17/comb_iter_1/right/Relu,OpenCL,1063.7,1063.7,1.0
cell_17/comb_iter_1/right/separable_3x3_1/separable_conv2d/depthwise,OpenCL,1083.6,1083.6,1.0
cell_17/comb_iter_1/right/separable_3x3_1/separable_conv2d,OpenCL,2284.1,2284.1,1.0
cell_17/comb_iter_1/right/separable_3x3_2/separable_conv2d/depthwise,OpenCL,1049.0,1073.4,1.0232602478551003
cell_17/comb_iter_1/right/separable_3x3_2/separable_conv2d,OpenCL,2287.8,2287.8,1.0
cell_17/comb_iter_1/combine/add,OpenCL,1061.5,1061.5,1.0
cell_17/comb_iter_2/left/AvgPool2D/AvgPool,OpenCL,1154.8,1154.8,1.0
cell_17/comb_iter_2/left/AvgPool2D/AvgPool___tr4cell_17/comb_iter_2/combine/add,OpenCL,1128.9,1128.9,1.0
cell_17/prev_bn/FusedBatchNormV3___tr4cell_17/comb_iter_2/combine/add,OpenCL,1133.0,1133.0,1.0
cell_17/comb_iter_2/combine/add,OpenCL,1150.2,1150.2,1.0
cell_17/comb_iter_3/left/AvgPool2D/AvgPool,OpenCL,1151.5,1151.5,1.0
cell_17/comb_iter_3/right/AvgPool2D/AvgPool,OpenCL,1156.3,1156.3,1.0
cell_17/comb_iter_3/left/AvgPool2D/AvgPool___tr4cell_17/comb_iter_3/combine/add,OpenCL,1132.7,1132.7,1.0
cell_17/comb_iter_3/right/AvgPool2D/AvgPool___tr4cell_17/comb_iter_3/combine/add,OpenCL,1119.5,1119.5,1.0
cell_17/comb_iter_3/combine/add,OpenCL,1120.2,1120.2,1.0
cell_17/comb_iter_4/left/Relu,OpenCL,1121.4,1121.4,1.0
cell_17/comb_iter_4/left/separable_3x3_1/separable_conv2d/depthwise,OpenCL,1137.7,1137.7,1.0
cell_17/comb_iter_4/left/separable_3x3_1/separable_conv2d,OpenCL,2399.1,2399.1,1.0
cell_17/comb_iter_4/left/separable_3x3_2/separable_conv2d/depthwise,OpenCL,448.0,919.3,2.0520089285714285
cell_17/comb_iter_4/left/separable_3x3_2/separable_conv2d,OpenCL,2326.8,2326.8,1.0
cell_17/comb_iter_4/combine/add,OpenCL,1134.7,1134.7,1.0
cell_17/comb_iter_2/combine/add___tr4cell_17/cell_output/concat,OpenCL,1229.0,1229.0,1.0
cell_17/comb_iter_3/combine/add___tr4cell_17/cell_output/concat,OpenCL,1219.6,1219.6,1.0
cell_17/cell_output/concat,OpenCL,1284.3,1284.3,1.0
final_layer/Relu,CPU,351.6,3292.8,9.365187713310581
final_layer/Mean/reduction_indices,CPU,1.0,2.2,2.2
final_layer/Relu___tr4final_layer/Mean,OpenCL,4582.0,4582.0,1.0
final_layer/Mean,CPU,543.9,3110.5,5.718882147453576
final_layer/FC/weights,CPU,0.0,1.8,0
final_layer/FC/MatMul,CPU,14162.555555555555,25150.7,1.775858876693629
final_layer/FC/biases,CPU,0.0,1.0,0
final_layer/FC/BiasAdd,OpenCL,707.25,1083.7,1.5322728879462708
final_layer/predictions,OpenCL,1174.25,1253.7,1.0676602086438152
