conv0/Conv2D,OpenCL,20069.444444444445,20769.6,1.0348866435986157
cell_stem_0/Relu,OpenCL,4032.7000000000003,4032.7,0.9999999999999999
cell_stem_0/1x1/Conv2D,OpenCL,18434.0,18434.0,1.0
cell_stem_0/comb_iter_1/left/MaxPool2D/MaxPool,OpenCL,2787.1,2787.1,1.0
cell_stem_0/comb_iter_1/right/Relu,OpenCL,3882.8,3882.8,1.0
cell_stem_0/comb_iter_1/right/separable_7x7_1/separable_conv2d/depthwise,OpenCL,21120.9,21120.9,1.0
cell_stem_0/comb_iter_1/right/separable_7x7_1/separable_conv2d,OpenCL,5169.5,5169.5,1.0
cell_stem_0/comb_iter_1/right/separable_7x7_2/separable_conv2d/depthwise,OpenCL,8625.1,8625.1,1.0
cell_stem_0/comb_iter_1/right/separable_7x7_2/separable_conv2d,OpenCL,3037.0,3037.0,1.0
cell_stem_0/comb_iter_1/left/MaxPool2D/MaxPool___tr4cell_stem_0/comb_iter_1/combine/add,OpenCL,1130.25,1193.6,1.0560495465604953
cell_stem_0/comb_iter_1/right/bn_sep_7x7_2/FusedBatchNormV3___tr4cell_stem_0/comb_iter_1/combine/add,OpenCL,1184.8,1184.8,1.0
cell_stem_0/comb_iter_1/combine/add,OpenCL,1580.7,1580.7,1.0
cell_stem_0/comb_iter_2/left/AvgPool2D/AvgPool,OpenCL,2257.2,2257.2,1.0
cell_stem_0/comb_iter_2/right/Relu,OpenCL,3965.5,3965.5,1.0
cell_stem_0/comb_iter_2/right/separable_5x5_1/separable_conv2d/depthwise,OpenCL,12235.5,12937.9,1.0574067263291242
cell_stem_0/comb_iter_2/right/separable_5x5_1/separable_conv2d,OpenCL,5030.8,5030.8,1.0
cell_stem_0/comb_iter_2/right/separable_5x5_2/separable_conv2d/depthwise,OpenCL,5448.4,5448.4,1.0
cell_stem_0/comb_iter_2/right/separable_5x5_2/separable_conv2d,OpenCL,3086.3,3086.3,1.0
cell_stem_0/comb_iter_2/left/AvgPool2D/AvgPool___tr4cell_stem_0/comb_iter_2/combine/add,OpenCL,1221.9,1221.9,1.0
cell_stem_0/comb_iter_2/right/bn_sep_5x5_2/FusedBatchNormV3___tr4cell_stem_0/comb_iter_2/combine/add,OpenCL,1167.0,1167.0,1.0
cell_stem_0/comb_iter_2/combine/add,OpenCL,1555.9,1555.9,1.0
cell_stem_0/comb_iter_0/left/Relu,OpenCL,1963.0,1963.0,1.0
cell_stem_0/comb_iter_0/left/separable_5x5_1/separable_conv2d/depthwise,OpenCL,9691.1,9691.1,1.0
cell_stem_0/comb_iter_0/left/separable_5x5_1/separable_conv2d,OpenCL,3104.3,3104.3,1.0
cell_stem_0/comb_iter_0/left/separable_5x5_2/separable_conv2d/depthwise,OpenCL,5400.8,5400.8,1.0
cell_stem_0/comb_iter_0/left/separable_5x5_2/separable_conv2d,OpenCL,2948.3,2948.3,1.0
cell_stem_0/comb_iter_0/right/Relu,OpenCL,4231.5,4231.5,1.0
cell_stem_0/comb_iter_0/right/separable_7x7_1/separable_conv2d/depthwise,OpenCL,21277.8,21277.8,1.0
cell_stem_0/comb_iter_0/right/separable_7x7_1/separable_conv2d,OpenCL,5002.0,5002.0,1.0
cell_stem_0/comb_iter_0/right/separable_7x7_2/separable_conv2d/depthwise,OpenCL,8564.2,8564.2,1.0
cell_stem_0/comb_iter_0/right/separable_7x7_2/separable_conv2d,OpenCL,3048.0,3048.0,1.0
cell_stem_0/comb_iter_0/combine/add,OpenCL,1580.0,1580.0,1.0
cell_stem_0/comb_iter_3/right/AvgPool2D/AvgPool,OpenCL,2144.6,2144.6,1.0
cell_stem_0/comb_iter_3/right/AvgPool2D/AvgPool___tr4cell_stem_0/comb_iter_3/combine/add,OpenCL,1138.8,1138.8,1.0
cell_stem_0/comb_iter_3/combine/add,OpenCL,1572.5,1572.5,1.0
cell_stem_0/comb_iter_4/left/Relu,OpenCL,1170.6666666666667,1229.3,1.0500854214123005
cell_stem_0/comb_iter_4/left/separable_3x3_1/separable_conv2d/depthwise,OpenCL,3379.8,3379.8,1.0
cell_stem_0/comb_iter_4/left/separable_3x3_1/separable_conv2d,OpenCL,3073.1,3073.1,1.0
cell_stem_0/comb_iter_4/left/separable_3x3_2/separable_conv2d/depthwise,OpenCL,3242.7,3242.7,1.0
cell_stem_0/comb_iter_4/left/separable_3x3_2/separable_conv2d,OpenCL,2960.9,2960.9,1.0
cell_stem_0/comb_iter_4/right/MaxPool2D/MaxPool,OpenCL,2294.2,2294.2,1.0
cell_stem_0/comb_iter_4/left/bn_sep_3x3_2/FusedBatchNormV3___tr4cell_stem_0/comb_iter_4/combine/add,OpenCL,1164.3,1164.3,1.0
cell_stem_0/comb_iter_4/right/MaxPool2D/MaxPool___tr4cell_stem_0/comb_iter_4/combine/add,OpenCL,1174.9,1174.9,1.0
cell_stem_0/comb_iter_4/combine/add,OpenCL,1556.9,1556.9,1.0
cell_stem_0/cell_output/concat,OpenCL,32889.6,32889.6,1.0
cell_stem_1/Relu_1,OpenCL,2504.75,3181.9,1.2703463419502945
cell_stem_1/Relu_1___tr4cell_stem_1/1x1/Conv2D,OpenCL,2366.4,2366.4,1.0
cell_stem_1/1x1/Conv2D,OpenCL,14421.7,14421.7,1.0
cell_stem_1/comb_iter_1/left/MaxPool2D/MaxPool,OpenCL,1776.5714285714287,1952.8,1.099195882920553
cell_stem_1/Relu,OpenCL,3851.4,3851.4,1.0
cell_stem_1/AvgPool2D,OpenCL,2150.6,2150.6,1.0
cell_stem_1/path1_conv/Conv2D,OpenCL,4988.3,4988.3,1.0
cell_stem_1/Pad/paddings,CPU,0.9,2.2,2.4444444444444446
cell_stem_1/Pad_Gather_Index,CPU,0.0,1.4,0
cell_stem_1/Pad_Gather,CPU,0.0,1.1,0
cell_stem_1/Pad,CPU,7251.0,27786.6,3.8321059164253204
cell_stem_1/strided_slice/stack,CPU,0.0,1.9,0
cell_stem_1/strided_slice/stack_1,CPU,0.0,1.8,0
cell_stem_1/strided_slice/stack_2,CPU,0.0,1.5,0
cell_stem_1/Pad___tr4cell_stem_1/strided_slice,OpenCL,17371.0,18086.6,1.041195095273732
cell_stem_1/strided_slice,CPU,7072.7,37011.8,5.233051027189052
cell_stem_1/strided_slice___tr4cell_stem_1/AvgPool2D_1,OpenCL,19803.4,19803.4,1.0
cell_stem_1/AvgPool2D_1,OpenCL,3350.6,3350.6,1.0
cell_stem_1/path2_conv/Conv2D,OpenCL,5038.1,5038.1,1.0
cell_stem_1/concat,OpenCL,16800.4,16800.4,1.0
cell_stem_1/final_path_bn/FusedBatchNormV3,OpenCL,1631.3,1631.3,1.0
cell_stem_1/comb_iter_1/right/Relu,OpenCL,1552.0,1552.0,1.0
cell_stem_1/comb_iter_1/right/separable_7x7_1/separable_conv2d/depthwise,OpenCL,6753.5,6753.5,1.0
cell_stem_1/comb_iter_1/right/separable_7x7_1/separable_conv2d,OpenCL,2521.9,2521.9,1.0
cell_stem_1/comb_iter_1/right/separable_7x7_2/separable_conv2d/depthwise,OpenCL,2962.5,2962.5,1.0
cell_stem_1/comb_iter_1/right/separable_7x7_2/separable_conv2d,OpenCL,2514.6,2514.6,1.0
cell_stem_1/comb_iter_1/left/MaxPool2D/MaxPool___tr4cell_stem_1/comb_iter_1/combine/add,OpenCL,714.4285714285714,875.1,1.224895020995801
cell_stem_1/comb_iter_1/right/bn_sep_7x7_2/FusedBatchNormV3___tr4cell_stem_1/comb_iter_1/combine/add,OpenCL,725.7777777777778,750.1,1.0335119412124922
cell_stem_1/comb_iter_1/combine/add,OpenCL,1128.3,1128.3,1.0
cell_stem_1/comb_iter_2/left/AvgPool2D/AvgPool,OpenCL,1574.0,1611.4,1.0237611181702668
cell_stem_1/comb_iter_2/right/Relu,OpenCL,1489.6,1489.6,1.0
cell_stem_1/comb_iter_2/right/separable_5x5_1/separable_conv2d/depthwise,OpenCL,3343.8,3343.8,1.0
cell_stem_1/comb_iter_2/right/separable_5x5_1/separable_conv2d,OpenCL,2492.8,2492.8,1.0
cell_stem_1/comb_iter_2/right/separable_5x5_2/separable_conv2d/depthwise,OpenCL,2031.3333333333335,2117.2,1.0422710863144073
cell_stem_1/comb_iter_2/right/separable_5x5_2/separable_conv2d,OpenCL,2599.2,2599.2,1.0
cell_stem_1/comb_iter_2/left/AvgPool2D/AvgPool___tr4cell_stem_1/comb_iter_2/combine/add,OpenCL,1006.5,1170.1,1.1625434674615
cell_stem_1/comb_iter_2/right/bn_sep_5x5_2/FusedBatchNormV3___tr4cell_stem_1/comb_iter_2/combine/add,OpenCL,794.4285714285714,990.3,1.2465563747527422
cell_stem_1/comb_iter_2/combine/add,OpenCL,1193.0,1227.9,1.0292539815590949
cell_stem_1/comb_iter_0/left/Relu,OpenCL,1540.1,1540.1,1.0
cell_stem_1/comb_iter_0/left/separable_5x5_1/separable_conv2d/depthwise,OpenCL,3465.3,3465.3,1.0
cell_stem_1/comb_iter_0/left/separable_5x5_1/separable_conv2d,OpenCL,2629.2,2629.2,1.0
cell_stem_1/comb_iter_0/left/separable_5x5_2/separable_conv2d/depthwise,OpenCL,2201.9,2201.9,1.0
cell_stem_1/comb_iter_0/left/separable_5x5_2/separable_conv2d,OpenCL,2586.2,2586.2,1.0
cell_stem_1/comb_iter_0/right/Relu,OpenCL,1595.1,1595.1,1.0
cell_stem_1/comb_iter_0/right/separable_7x7_1/separable_conv2d/depthwise,OpenCL,5431.5,5431.5,1.0
cell_stem_1/comb_iter_0/right/separable_7x7_1/separable_conv2d,OpenCL,2603.3,2603.3,1.0
cell_stem_1/comb_iter_0/right/separable_7x7_2/separable_conv2d/depthwise,OpenCL,2982.0,2982.0,1.0
cell_stem_1/comb_iter_0/right/separable_7x7_2/separable_conv2d,OpenCL,2584.1,2584.1,1.0
cell_stem_1/comb_iter_0/combine/add,OpenCL,1251.3,1251.3,1.0
cell_stem_1/comb_iter_3/right/AvgPool2D/AvgPool,OpenCL,1635.0,1635.0,1.0
cell_stem_1/comb_iter_3/right/AvgPool2D/AvgPool___tr4cell_stem_1/comb_iter_3/combine/add,OpenCL,1057.7777777777778,1093.8,1.0340546218487394
cell_stem_1/comb_iter_3/combine/add,OpenCL,1250.8,1250.8,1.0
cell_stem_1/comb_iter_4/left/Relu,OpenCL,649.5714285714286,785.9,1.2098746426215088
cell_stem_1/comb_iter_4/left/separable_3x3_1/separable_conv2d/depthwise,OpenCL,1538.3,1538.3,1.0
cell_stem_1/comb_iter_4/left/separable_3x3_1/separable_conv2d,OpenCL,2600.9,2600.9,1.0
cell_stem_1/comb_iter_4/left/separable_3x3_2/separable_conv2d/depthwise,OpenCL,1570.5,1570.5,1.0
cell_stem_1/comb_iter_4/left/separable_3x3_2/separable_conv2d,OpenCL,2599.9,2599.9,1.0
cell_stem_1/comb_iter_4/right/MaxPool2D/MaxPool,OpenCL,1683.4444444444443,1762.9,1.0471982047389612
cell_stem_1/comb_iter_4/left/bn_sep_3x3_2/FusedBatchNormV3___tr4cell_stem_1/comb_iter_4/combine/add,OpenCL,995.0,1020.0,1.0251256281407035
cell_stem_1/comb_iter_4/right/MaxPool2D/MaxPool___tr4cell_stem_1/comb_iter_4/combine/add,OpenCL,910.4444444444445,957.3,1.0514644862094216
cell_stem_1/comb_iter_4/combine/add,OpenCL,1255.4,1255.4,1.0
cell_stem_1/cell_output/concat,OpenCL,18072.5,18072.5,1.0
cell_1/Relu,OpenCL,2017.3000000000002,2017.3,0.9999999999999999
cell_1/Relu___tr4cell_1/prev_1x1/Conv2D,OpenCL,1666.0,1666.0,1.0
cell_1/prev_1x1/Conv2D,OpenCL,12960.0,12960.0,1.0
cell_0/Relu,OpenCL,2265.7,2265.7,1.0
cell_0/Relu___tr4cell_0/AvgPool2D,OpenCL,2320.1,2320.1,1.0
cell_0/AvgPool2D,OpenCL,1395.6,1395.6,1.0
cell_0/path1_conv/Conv2D,OpenCL,3985.6,3985.6,1.0
cell_0/Pad/paddings,CPU,0.0,1.8,0
cell_0/Pad,CPU,3551.5,12683.6,3.571336055187949
cell_0/strided_slice/stack,CPU,0.0,1.8,0
cell_0/strided_slice/stack_1,CPU,0.0,1.4,0
cell_0/strided_slice/stack_2,CPU,0.0,1.7,0
cell_0/strided_slice,CPU,3188.7,8512.1,2.669457772760059
cell_0/strided_slice___tr4cell_0/AvgPool2D_1,OpenCL,11617.0,11617.0,1.0
cell_0/AvgPool2D_1,OpenCL,2496.5,2496.5,1.0
cell_0/path2_conv/Conv2D,OpenCL,4058.0999999999995,4058.1,1.0000000000000002
cell_0/concat,OpenCL,1541.7,1541.7,1.0
cell_0/final_path_bn/FusedBatchNormV3,OpenCL,1279.5,1279.5,1.0
cell_0/Relu_1,OpenCL,3155.4,3155.4,1.0
cell_0/Relu_1___tr4cell_0/1x1/Conv2D,OpenCL,1630.9,1630.9,1.0
cell_0/1x1/Conv2D,OpenCL,12940.8,12940.8,1.0
cell_0/comb_iter_0/left/Relu,OpenCL,1200.111111111111,1327.9,1.1064808813998706
cell_0/comb_iter_0/left/separable_5x5_1/separable_conv2d/depthwise,OpenCL,3530.4,3530.4,1.0
cell_0/comb_iter_0/left/separable_5x5_1/separable_conv2d,OpenCL,7165.2,7165.2,1.0
cell_0/comb_iter_0/left/separable_5x5_2/separable_conv2d/depthwise,OpenCL,3512.9,3512.9,1.0
cell_0/comb_iter_0/left/separable_5x5_2/separable_conv2d,OpenCL,7140.6,7140.6,1.0
cell_0/comb_iter_0/right/Relu,OpenCL,1116.2857142857142,1547.2,1.3860250831840288
cell_0/comb_iter_0/right/separable_3x3_1/separable_conv2d/depthwise,OpenCL,2230.7,2230.7,1.0
cell_0/comb_iter_0/right/separable_3x3_1/separable_conv2d,OpenCL,7116.8,7116.8,1.0
cell_0/comb_iter_0/right/separable_3x3_2/separable_conv2d/depthwise,OpenCL,2277.285714285714,2710.3,1.1901449093532401
cell_0/comb_iter_0/right/separable_3x3_2/separable_conv2d,OpenCL,7329.3,7329.3,1.0
cell_0/comb_iter_0/combine/add,OpenCL,1531.1,1531.1,1.0
cell_0/comb_iter_1/left/Relu,OpenCL,1200.8,1200.8,1.0
cell_0/comb_iter_1/left/separable_5x5_1/separable_conv2d/depthwise,OpenCL,3559.3,3559.3,1.0
cell_0/comb_iter_1/left/separable_5x5_1/separable_conv2d,OpenCL,7172.1,7172.1,1.0
cell_0/comb_iter_1/left/separable_5x5_2/separable_conv2d/depthwise,OpenCL,3589.6,3589.6,1.0
cell_0/comb_iter_1/left/separable_5x5_2/separable_conv2d,OpenCL,7125.8,7125.8,1.0
cell_0/comb_iter_1/right/Relu,OpenCL,1217.7,1217.7,1.0
cell_0/comb_iter_1/right/separable_3x3_1/separable_conv2d/depthwise,OpenCL,2213.3,2213.3,1.0
cell_0/comb_iter_1/right/separable_3x3_1/separable_conv2d,OpenCL,7145.2,7145.2,1.0
cell_0/comb_iter_1/right/separable_3x3_2/separable_conv2d/depthwise,OpenCL,2150.222222222222,2210.2,1.0278937577511367
cell_0/comb_iter_1/right/separable_3x3_2/separable_conv2d,OpenCL,7146.2,7146.2,1.0
cell_0/comb_iter_1/combine/add,OpenCL,1507.7,1507.7,1.0
cell_0/comb_iter_2/left/AvgPool2D/AvgPool,OpenCL,2372.5,2521.6,1.062845100105374
cell_0/comb_iter_2/left/AvgPool2D/AvgPool___tr4cell_0/comb_iter_2/combine/add,OpenCL,1254.0,1254.0,1.0
cell_0/final_path_bn/FusedBatchNormV3___tr4cell_0/comb_iter_2/combine/add,OpenCL,1158.0,1184.4,1.02279792746114
cell_0/comb_iter_2/combine/add,OpenCL,1512.5,1512.5,1.0
cell_0/comb_iter_3/left/AvgPool2D/AvgPool,OpenCL,2225.9,2225.9,1.0
cell_0/comb_iter_3/right/AvgPool2D/AvgPool,OpenCL,2204.3,2204.3,1.0
cell_0/comb_iter_3/left/AvgPool2D/AvgPool___tr4cell_0/comb_iter_3/combine/add,OpenCL,1174.8,1174.8,1.0
cell_0/comb_iter_3/right/AvgPool2D/AvgPool___tr4cell_0/comb_iter_3/combine/add,OpenCL,1203.9,1203.9,1.0
cell_0/comb_iter_3/combine/add,OpenCL,1523.4,1523.4,1.0
cell_0/comb_iter_4/left/Relu,OpenCL,1210.9,1210.9,1.0
cell_0/comb_iter_4/left/separable_3x3_1/separable_conv2d/depthwise,OpenCL,2201.6,2201.6,1.0
cell_0/comb_iter_4/left/separable_3x3_1/separable_conv2d,OpenCL,7151.3,7151.3,1.0
cell_0/comb_iter_4/left/separable_3x3_2/separable_conv2d/depthwise,OpenCL,2184.222222222222,2253.0,1.0314884525384067
cell_0/comb_iter_4/left/separable_3x3_2/separable_conv2d,OpenCL,7137.1,7137.1,1.0
cell_0/comb_iter_4/combine/add,OpenCL,1498.8,1498.8,1.0
cell_0/comb_iter_2/combine/add___tr4cell_0/cell_output/concat,OpenCL,1165.7777777777778,1257.1,1.0783358749523446
cell_0/comb_iter_3/combine/add___tr4cell_0/cell_output/concat,OpenCL,1170.7777777777778,1203.1,1.0276074784094142
cell_0/cell_output/concat,OpenCL,5024.4,5024.4,1.0
cell_1/Relu_1,OpenCL,7892.5,7892.5,1.0
cell_1/1x1/Conv2D,OpenCL,36980.9,36980.9,1.0
cell_1/comb_iter_0/left/Relu,OpenCL,1280.8333333333333,1565.0,1.221860767729343
cell_1/comb_iter_0/left/separable_5x5_1/separable_conv2d/depthwise,OpenCL,3560.2,3560.2,1.0
cell_1/comb_iter_0/left/separable_5x5_1/separable_conv2d,OpenCL,7140.3,7140.3,1.0
cell_1/comb_iter_0/left/separable_5x5_2/separable_conv2d/depthwise,OpenCL,3479.8888888888887,3571.0,1.0261821897250871
cell_1/comb_iter_0/left/separable_5x5_2/separable_conv2d,OpenCL,7154.4,7154.4,1.0
cell_1/comb_iter_0/right/Relu,OpenCL,1340.857142857143,1535.7,1.1453121670573194
cell_1/comb_iter_0/right/separable_3x3_1/separable_conv2d/depthwise,OpenCL,2237.5,2237.5,1.0
cell_1/comb_iter_0/right/separable_3x3_1/separable_conv2d,OpenCL,7144.3,7144.3,1.0
cell_1/comb_iter_0/right/separable_3x3_2/separable_conv2d/depthwise,OpenCL,2221.0,2221.0,1.0
cell_1/comb_iter_0/right/separable_3x3_2/separable_conv2d,OpenCL,7119.2,7119.2,1.0
cell_1/comb_iter_0/combine/add,OpenCL,1534.2,1534.2,1.0
cell_1/comb_iter_1/left/Relu,OpenCL,1200.3,1200.3,1.0
cell_1/comb_iter_1/left/separable_5x5_1/separable_conv2d/depthwise,OpenCL,3515.6,3515.6,1.0
cell_1/comb_iter_1/left/separable_5x5_1/separable_conv2d,OpenCL,7167.4,7167.4,1.0
cell_1/comb_iter_1/left/separable_5x5_2/separable_conv2d/depthwise,OpenCL,3699.4,3699.4,1.0
cell_1/comb_iter_1/left/separable_5x5_2/separable_conv2d,OpenCL,7176.7,7176.7,1.0
cell_1/comb_iter_1/right/Relu,OpenCL,1228.888888888889,1312.5,1.0680379746835442
cell_1/comb_iter_1/right/separable_3x3_1/separable_conv2d/depthwise,OpenCL,2216.1,2216.1,1.0
cell_1/comb_iter_1/right/separable_3x3_1/separable_conv2d,OpenCL,7148.8,7148.8,1.0
cell_1/comb_iter_1/right/separable_3x3_2/separable_conv2d/depthwise,OpenCL,2470.222222222222,2532.9,1.0253733357322778
cell_1/comb_iter_1/right/separable_3x3_2/separable_conv2d,OpenCL,7116.2,7116.2,1.0
cell_1/comb_iter_1/combine/add,OpenCL,1515.6,1515.6,1.0
cell_1/comb_iter_2/left/AvgPool2D/AvgPool,OpenCL,2196.1,2196.1,1.0
cell_1/comb_iter_2/left/AvgPool2D/AvgPool___tr4cell_1/comb_iter_2/combine/add,OpenCL,1203.8,1203.8,1.0
cell_1/prev_bn/FusedBatchNormV3___tr4cell_1/comb_iter_2/combine/add,OpenCL,1200.6,1200.6,1.0
cell_1/comb_iter_2/combine/add,OpenCL,1511.5,1511.5,1.0
cell_1/comb_iter_3/left/AvgPool2D/AvgPool,OpenCL,2195.2,2195.2,1.0
cell_1/comb_iter_3/right/AvgPool2D/AvgPool,OpenCL,2243.4,2243.4,1.0
cell_1/comb_iter_3/left/AvgPool2D/AvgPool___tr4cell_1/comb_iter_3/combine/add,OpenCL,1201.2,1201.2,1.0
cell_1/comb_iter_3/right/AvgPool2D/AvgPool___tr4cell_1/comb_iter_3/combine/add,OpenCL,1203.3,1203.3,1.0
cell_1/comb_iter_3/combine/add,OpenCL,1501.6666666666667,1559.2,1.0383129855715871
cell_1/comb_iter_4/left/Relu,OpenCL,1198.6,1198.6,1.0
cell_1/comb_iter_4/left/separable_3x3_1/separable_conv2d/depthwise,OpenCL,2201.0,2201.0,1.0
cell_1/comb_iter_4/left/separable_3x3_1/separable_conv2d,OpenCL,7140.9,7140.9,1.0
cell_1/comb_iter_4/left/separable_3x3_2/separable_conv2d/depthwise,OpenCL,2397.777777777778,2455.4,1.0240315106580167
cell_1/comb_iter_4/left/separable_3x3_2/separable_conv2d,OpenCL,7129.5,7129.5,1.0
cell_1/comb_iter_4/combine/add,OpenCL,1508.6,1508.6,1.0
cell_1/comb_iter_2/combine/add___tr4cell_1/cell_output/concat,OpenCL,1193.2,1193.2,1.0
cell_1/comb_iter_3/combine/add___tr4cell_1/cell_output/concat,OpenCL,1200.0,1200.0,1.0
cell_1/cell_output/concat,OpenCL,4998.4,4998.4,1.0
cell_3/Relu,OpenCL,7913.3,7913.3,1.0
cell_3/prev_1x1/Conv2D,OpenCL,36927.1,36927.1,1.0
cell_2/Relu,OpenCL,8321.7,8321.7,1.0
cell_2/prev_1x1/Conv2D,OpenCL,36724.6,36724.6,1.0
cell_2/Relu_1,OpenCL,8137.0,8137.0,1.0
cell_2/1x1/Conv2D,OpenCL,36792.7,36792.7,1.0
cell_2/comb_iter_0/left/Relu,OpenCL,1408.857142857143,1582.9,1.1235347799634963
cell_2/comb_iter_0/left/separable_5x5_1/separable_conv2d/depthwise,OpenCL,3586.7,3586.7,1.0
cell_2/comb_iter_0/left/separable_5x5_1/separable_conv2d,OpenCL,7144.2,7144.2,1.0
cell_2/comb_iter_0/left/separable_5x5_2/separable_conv2d/depthwise,OpenCL,3923.0,3923.0,1.0
cell_2/comb_iter_0/left/separable_5x5_2/separable_conv2d,OpenCL,7171.7,7171.7,1.0
cell_2/comb_iter_0/right/Relu,OpenCL,1200.7,1200.7,1.0
cell_2/comb_iter_0/right/separable_3x3_1/separable_conv2d/depthwise,OpenCL,2202.1,2202.1,1.0
cell_2/comb_iter_0/right/separable_3x3_1/separable_conv2d,OpenCL,7136.5,7136.5,1.0
cell_2/comb_iter_0/right/separable_3x3_2/separable_conv2d/depthwise,OpenCL,2203.8,2203.8,1.0
cell_2/comb_iter_0/right/separable_3x3_2/separable_conv2d,OpenCL,7151.4,7151.4,1.0
cell_2/comb_iter_0/combine/add,OpenCL,1507.8,1507.8,1.0
cell_2/comb_iter_1/left/Relu,OpenCL,1225.0,1225.0,1.0
cell_2/comb_iter_1/left/separable_5x5_1/separable_conv2d/depthwise,OpenCL,3581.8,3581.8,1.0
cell_2/comb_iter_1/left/separable_5x5_1/separable_conv2d,OpenCL,7156.0,7156.0,1.0
cell_2/comb_iter_1/left/separable_5x5_2/separable_conv2d/depthwise,OpenCL,3697.9,3697.9,1.0
cell_2/comb_iter_1/left/separable_5x5_2/separable_conv2d,OpenCL,7332.4,7332.4,1.0
cell_2/comb_iter_1/right/Relu,OpenCL,1351.8333333333333,1624.5,1.2017013931697695
cell_2/comb_iter_1/right/separable_3x3_1/separable_conv2d/depthwise,OpenCL,2244.2,2244.2,1.0
cell_2/comb_iter_1/right/separable_3x3_1/separable_conv2d,OpenCL,7136.0,7136.0,1.0
cell_2/comb_iter_1/right/separable_3x3_2/separable_conv2d/depthwise,OpenCL,2168.2,2168.2,1.0
cell_2/comb_iter_1/right/separable_3x3_2/separable_conv2d,OpenCL,7093.2,7093.2,1.0
cell_2/comb_iter_1/combine/add,OpenCL,1528.9,1528.9,1.0
cell_2/comb_iter_2/left/AvgPool2D/AvgPool,OpenCL,2220.4,2220.4,1.0
cell_2/comb_iter_2/left/AvgPool2D/AvgPool___tr4cell_2/comb_iter_2/combine/add,OpenCL,1159.3333333333333,1186.7,1.023605520414031
cell_2/prev_bn/FusedBatchNormV3___tr4cell_2/comb_iter_2/combine/add,OpenCL,1221.9,1221.9,1.0
cell_2/comb_iter_2/combine/add,OpenCL,1509.1,1509.1,1.0
cell_2/comb_iter_3/left/AvgPool2D/AvgPool,OpenCL,2192.1,2192.1,1.0
cell_2/comb_iter_3/right/AvgPool2D/AvgPool,OpenCL,2189.3,2189.3,1.0
cell_2/comb_iter_3/left/AvgPool2D/AvgPool___tr4cell_2/comb_iter_3/combine/add,OpenCL,1185.6,1185.6,1.0
cell_2/comb_iter_3/right/AvgPool2D/AvgPool___tr4cell_2/comb_iter_3/combine/add,OpenCL,1198.7,1198.7,1.0
cell_2/comb_iter_3/combine/add,OpenCL,1510.1,1510.1,1.0
cell_2/comb_iter_4/left/Relu,OpenCL,1187.6,1187.6,1.0
cell_2/comb_iter_4/left/separable_3x3_1/separable_conv2d/depthwise,OpenCL,2204.0,2204.0,1.0
cell_2/comb_iter_4/left/separable_3x3_1/separable_conv2d,OpenCL,7117.8,7117.8,1.0
cell_2/comb_iter_4/left/separable_3x3_2/separable_conv2d/depthwise,OpenCL,2498.8,2498.8,1.0
cell_2/comb_iter_4/left/separable_3x3_2/separable_conv2d,OpenCL,7125.7,7125.7,1.0
cell_2/comb_iter_4/combine/add,OpenCL,1496.9,1496.9,1.0
cell_2/comb_iter_2/combine/add___tr4cell_2/cell_output/concat,OpenCL,1199.2,1622.3,1.3528185456971313
cell_2/comb_iter_3/combine/add___tr4cell_2/cell_output/concat,OpenCL,1209.0,1238.4,1.024317617866005
cell_2/cell_output/concat,OpenCL,5012.4,5012.4,1.0
cell_3/Relu_1,OpenCL,7837.6,7837.6,1.0
cell_3/1x1/Conv2D,OpenCL,36716.3,36716.3,1.0
cell_3/comb_iter_0/left/Relu,OpenCL,1973.7,1973.7,1.0
cell_3/comb_iter_0/left/separable_5x5_1/separable_conv2d/depthwise,OpenCL,3643.7,3643.7,1.0
cell_3/comb_iter_0/left/separable_5x5_1/separable_conv2d,OpenCL,7136.2,7136.2,1.0
cell_3/comb_iter_0/left/separable_5x5_2/separable_conv2d/depthwise,OpenCL,3485.3,3485.3,1.0
cell_3/comb_iter_0/left/separable_5x5_2/separable_conv2d,OpenCL,7108.0,7108.0,1.0
cell_3/comb_iter_0/right/Relu,OpenCL,1185.7,1185.7,1.0
cell_3/comb_iter_0/right/separable_3x3_1/separable_conv2d/depthwise,OpenCL,2167.9,2167.9,1.0
cell_3/comb_iter_0/right/separable_3x3_1/separable_conv2d,OpenCL,7102.9,7102.9,1.0
cell_3/comb_iter_0/right/separable_3x3_2/separable_conv2d/depthwise,OpenCL,2172.2,2172.2,1.0
cell_3/comb_iter_0/right/separable_3x3_2/separable_conv2d,OpenCL,7093.4,7093.4,1.0
cell_3/comb_iter_0/combine/add,OpenCL,1509.6666666666667,1580.6,1.0469860896445131
cell_3/comb_iter_1/left/Relu,OpenCL,1193.5,1193.5,1.0
cell_3/comb_iter_1/left/separable_5x5_1/separable_conv2d/depthwise,OpenCL,3515.5,3515.5,1.0
cell_3/comb_iter_1/left/separable_5x5_1/separable_conv2d,OpenCL,7113.0,7113.0,1.0
cell_3/comb_iter_1/left/separable_5x5_2/separable_conv2d/depthwise,OpenCL,4082.0999999999995,4082.1,1.0000000000000002
cell_3/comb_iter_1/left/separable_5x5_2/separable_conv2d,OpenCL,7306.2,7306.2,1.0
cell_3/comb_iter_1/right/Relu,OpenCL,1224.888888888889,1253.9,1.023684687953556
cell_3/comb_iter_1/right/separable_3x3_1/separable_conv2d/depthwise,OpenCL,2180.5,2180.5,1.0
cell_3/comb_iter_1/right/separable_3x3_1/separable_conv2d,OpenCL,7120.9,7120.9,1.0
cell_3/comb_iter_1/right/separable_3x3_2/separable_conv2d/depthwise,OpenCL,2170.1,2170.1,1.0
cell_3/comb_iter_1/right/separable_3x3_2/separable_conv2d,OpenCL,7094.0,7094.0,1.0
cell_3/comb_iter_1/combine/add,OpenCL,1526.8,1526.8,1.0
cell_3/comb_iter_2/left/AvgPool2D/AvgPool,OpenCL,2223.6,2223.6,1.0
cell_3/comb_iter_2/left/AvgPool2D/AvgPool___tr4cell_3/comb_iter_2/combine/add,OpenCL,1184.888888888889,1212.0,1.022880720180045
cell_3/prev_bn/FusedBatchNormV3___tr4cell_3/comb_iter_2/combine/add,OpenCL,1182.2,1182.2,1.0
cell_3/comb_iter_2/combine/add,OpenCL,1508.2,1508.2,1.0
cell_3/comb_iter_3/left/AvgPool2D/AvgPool,OpenCL,2212.7,2212.7,1.0
cell_3/comb_iter_3/right/AvgPool2D/AvgPool,OpenCL,2236.7,2236.7,1.0
cell_3/comb_iter_3/left/AvgPool2D/AvgPool___tr4cell_3/comb_iter_3/combine/add,OpenCL,1188.111111111111,1216.7,1.0240624707752737
cell_3/comb_iter_3/right/AvgPool2D/AvgPool___tr4cell_3/comb_iter_3/combine/add,OpenCL,1201.3,1201.3,1.0
cell_3/comb_iter_3/combine/add,OpenCL,1507.7,1507.7,1.0
cell_3/comb_iter_4/left/Relu,OpenCL,1168.6,1168.6,1.0
cell_3/comb_iter_4/left/separable_3x3_1/separable_conv2d/depthwise,OpenCL,2172.5,2172.5,1.0
cell_3/comb_iter_4/left/separable_3x3_1/separable_conv2d,OpenCL,7087.3,7087.3,1.0
cell_3/comb_iter_4/left/separable_3x3_2/separable_conv2d/depthwise,OpenCL,2867.6,2867.6,1.0
cell_3/comb_iter_4/left/separable_3x3_2/separable_conv2d,OpenCL,7130.9,7130.9,1.0
cell_3/comb_iter_4/combine/add,OpenCL,1501.1,1501.1,1.0
cell_3/comb_iter_2/combine/add___tr4cell_3/cell_output/concat,OpenCL,1187.8,1187.8,1.0
cell_3/comb_iter_3/combine/add___tr4cell_3/cell_output/concat,OpenCL,1211.7,1211.7,1.0
cell_3/cell_output/concat,OpenCL,4980.3,4980.3,1.0
cell_5/Relu,OpenCL,7777.8,7777.8,1.0
cell_5/prev_1x1/Conv2D,OpenCL,36712.8,36712.8,1.0
cell_4/Relu,OpenCL,8522.1,8522.1,1.0
cell_4/prev_1x1/Conv2D,OpenCL,36749.4,36749.4,1.0
cell_4/Relu_1,OpenCL,7775.8,7775.8,1.0
cell_4/1x1/Conv2D,OpenCL,36801.2,36801.2,1.0
cell_4/comb_iter_0/left/Relu,OpenCL,1993.0,1993.0,1.0
cell_4/comb_iter_0/left/separable_5x5_1/separable_conv2d/depthwise,OpenCL,3603.0,3603.0,1.0
cell_4/comb_iter_0/left/separable_5x5_1/separable_conv2d,OpenCL,7134.9,7134.9,1.0
cell_4/comb_iter_0/left/separable_5x5_2/separable_conv2d/depthwise,OpenCL,3542.8,3542.8,1.0
cell_4/comb_iter_0/left/separable_5x5_2/separable_conv2d,OpenCL,7132.3,7132.3,1.0
cell_4/comb_iter_0/right/Relu,OpenCL,1171.6,1171.6,1.0
cell_4/comb_iter_0/right/separable_3x3_1/separable_conv2d/depthwise,OpenCL,2173.6,2173.6,1.0
cell_4/comb_iter_0/right/separable_3x3_1/separable_conv2d,OpenCL,7139.2,7139.2,1.0
cell_4/comb_iter_0/right/separable_3x3_2/separable_conv2d/depthwise,OpenCL,2170.5,2170.5,1.0
cell_4/comb_iter_0/right/separable_3x3_2/separable_conv2d,OpenCL,7091.8,7091.8,1.0
cell_4/comb_iter_0/combine/add,OpenCL,1513.8,1513.8,1.0
cell_4/comb_iter_1/left/Relu,OpenCL,1171.6,1171.6,1.0
cell_4/comb_iter_1/left/separable_5x5_1/separable_conv2d/depthwise,OpenCL,3492.0,3492.0,1.0
cell_4/comb_iter_1/left/separable_5x5_1/separable_conv2d,OpenCL,7142.0,7142.0,1.0
cell_4/comb_iter_1/left/separable_5x5_2/separable_conv2d/depthwise,OpenCL,4209.4,4209.4,1.0
cell_4/comb_iter_1/left/separable_5x5_2/separable_conv2d,OpenCL,7311.3,7311.3,1.0
cell_4/comb_iter_1/right/Relu,OpenCL,1230.6,1230.6,1.0
cell_4/comb_iter_1/right/separable_3x3_1/separable_conv2d/depthwise,OpenCL,2194.4,2194.4,1.0
cell_4/comb_iter_1/right/separable_3x3_1/separable_conv2d,OpenCL,7120.8,7120.8,1.0
cell_4/comb_iter_1/right/separable_3x3_2/separable_conv2d/depthwise,OpenCL,2200.5,2200.5,1.0
cell_4/comb_iter_1/right/separable_3x3_2/separable_conv2d,OpenCL,7123.0,7123.0,1.0
cell_4/comb_iter_1/combine/add,OpenCL,1533.1,1533.1,1.0
cell_4/comb_iter_2/left/AvgPool2D/AvgPool,OpenCL,2223.0,2223.0,1.0
cell_4/comb_iter_2/left/AvgPool2D/AvgPool___tr4cell_4/comb_iter_2/combine/add,OpenCL,1146.111111111111,1173.7,1.0240717401841979
cell_4/prev_bn/FusedBatchNormV3___tr4cell_4/comb_iter_2/combine/add,OpenCL,1179.8,1179.8,1.0
cell_4/comb_iter_2/combine/add,OpenCL,1501.6,1501.6,1.0
cell_4/comb_iter_3/left/AvgPool2D/AvgPool,OpenCL,2174.5,2174.5,1.0
cell_4/comb_iter_3/right/AvgPool2D/AvgPool,OpenCL,2173.7,2173.7,1.0
cell_4/comb_iter_3/left/AvgPool2D/AvgPool___tr4cell_4/comb_iter_3/combine/add,OpenCL,1199.1,1199.1,1.0
cell_4/comb_iter_3/right/AvgPool2D/AvgPool___tr4cell_4/comb_iter_3/combine/add,OpenCL,1220.4,1220.4,1.0
cell_4/comb_iter_3/combine/add,OpenCL,1514.7,1514.7,1.0
cell_4/comb_iter_4/left/Relu,OpenCL,1226.8,1226.8,1.0
cell_4/comb_iter_4/left/separable_3x3_1/separable_conv2d/depthwise,OpenCL,2219.2,2219.2,1.0
cell_4/comb_iter_4/left/separable_3x3_1/separable_conv2d,OpenCL,7134.0,7134.0,1.0
cell_4/comb_iter_4/left/separable_3x3_2/separable_conv2d/depthwise,OpenCL,2854.6,2854.6,1.0
cell_4/comb_iter_4/left/separable_3x3_2/separable_conv2d,OpenCL,7148.7,7148.7,1.0
cell_4/comb_iter_4/combine/add,OpenCL,1499.7,1499.7,1.0
cell_4/comb_iter_2/combine/add___tr4cell_4/cell_output/concat,OpenCL,1156.5555555555557,1183.3,1.023124219425497
cell_4/comb_iter_3/combine/add___tr4cell_4/cell_output/concat,OpenCL,1199.7,1199.7,1.0
cell_4/cell_output/concat,OpenCL,5048.6,5048.6,1.0
cell_5/Relu_1,OpenCL,7800.3,7800.3,1.0
cell_5/1x1/Conv2D,OpenCL,36908.4,36908.4,1.0
cell_5/comb_iter_0/left/Relu,OpenCL,1963.4,1963.4,1.0
cell_5/comb_iter_0/left/separable_5x5_1/separable_conv2d/depthwise,OpenCL,3640.2,3640.2,1.0
cell_5/comb_iter_0/left/separable_5x5_1/separable_conv2d,OpenCL,7117.9,7117.9,1.0
cell_5/comb_iter_0/left/separable_5x5_2/separable_conv2d/depthwise,OpenCL,3499.2,3499.2,1.0
cell_5/comb_iter_0/left/separable_5x5_2/separable_conv2d,OpenCL,7103.2,7103.2,1.0
cell_5/comb_iter_0/right/Relu,OpenCL,1129.4444444444443,1157.5,1.0248401377274965
cell_5/comb_iter_0/right/separable_3x3_1/separable_conv2d/depthwise,OpenCL,2160.1,2160.1,1.0
cell_5/comb_iter_0/right/separable_3x3_1/separable_conv2d,OpenCL,7082.5,7082.5,1.0
cell_5/comb_iter_0/right/separable_3x3_2/separable_conv2d/depthwise,OpenCL,2145.8,2145.8,1.0
cell_5/comb_iter_0/right/separable_3x3_2/separable_conv2d,OpenCL,7096.3,7096.3,1.0
cell_5/comb_iter_0/combine/add,OpenCL,1519.7,1519.7,1.0
cell_5/comb_iter_1/left/Relu,OpenCL,1158.4,1158.4,1.0
cell_5/comb_iter_1/left/separable_5x5_1/separable_conv2d/depthwise,OpenCL,3520.9,3520.9,1.0
cell_5/comb_iter_1/left/separable_5x5_1/separable_conv2d,OpenCL,7106.9,7106.9,1.0
cell_5/comb_iter_1/left/separable_5x5_2/separable_conv2d/depthwise,OpenCL,4090.6000000000004,4090.6,0.9999999999999999
cell_5/comb_iter_1/left/separable_5x5_2/separable_conv2d,OpenCL,7328.6,7328.6,1.0
cell_5/comb_iter_1/right/Relu,OpenCL,1201.7,1201.7,1.0
cell_5/comb_iter_1/right/separable_3x3_1/separable_conv2d/depthwise,OpenCL,2156.6,2156.6,1.0
cell_5/comb_iter_1/right/separable_3x3_1/separable_conv2d,OpenCL,7122.3,7122.3,1.0
cell_5/comb_iter_1/right/separable_3x3_2/separable_conv2d/depthwise,OpenCL,2141.6,2141.6,1.0
cell_5/comb_iter_1/right/separable_3x3_2/separable_conv2d,OpenCL,7078.1,7078.1,1.0
cell_5/comb_iter_1/combine/add,OpenCL,1503.2,1503.2,1.0
cell_5/comb_iter_2/left/AvgPool2D/AvgPool,OpenCL,2150.4,2150.4,1.0
cell_5/comb_iter_2/left/AvgPool2D/AvgPool___tr4cell_5/comb_iter_2/combine/add,OpenCL,1113.111111111111,1144.6,1.028289079656618
cell_5/prev_bn/FusedBatchNormV3___tr4cell_5/comb_iter_2/combine/add,OpenCL,1138.4444444444443,1167.0,1.0250829592035917
cell_5/comb_iter_2/combine/add,OpenCL,1527.5,1527.5,1.0
cell_5/comb_iter_3/left/AvgPool2D/AvgPool,OpenCL,2206.5,2206.5,1.0
cell_5/comb_iter_3/right/AvgPool2D/AvgPool,OpenCL,2199.8,2199.8,1.0
cell_5/comb_iter_3/left/AvgPool2D/AvgPool___tr4cell_5/comb_iter_3/combine/add,OpenCL,1201.2,1201.2,1.0
cell_5/comb_iter_3/right/AvgPool2D/AvgPool___tr4cell_5/comb_iter_3/combine/add,OpenCL,1191.6,1191.6,1.0
cell_5/comb_iter_3/combine/add,OpenCL,1499.7,1499.7,1.0
cell_5/comb_iter_4/left/Relu,OpenCL,1200.3,1200.3,1.0
cell_5/comb_iter_4/left/separable_3x3_1/separable_conv2d/depthwise,OpenCL,2170.1,2170.1,1.0
cell_5/comb_iter_4/left/separable_3x3_1/separable_conv2d,OpenCL,7094.1,7094.1,1.0
cell_5/comb_iter_4/left/separable_3x3_2/separable_conv2d/depthwise,OpenCL,2850.7,2850.7,1.0
cell_5/comb_iter_4/left/separable_3x3_2/separable_conv2d,OpenCL,7121.5,7121.5,1.0
cell_5/comb_iter_4/combine/add,OpenCL,1510.3,1510.3,1.0
cell_5/comb_iter_2/combine/add___tr4cell_5/cell_output/concat,OpenCL,1160.3333333333333,1187.6,1.0234989945417983
cell_5/comb_iter_3/combine/add___tr4cell_5/cell_output/concat,OpenCL,1157.4444444444443,1183.8,1.022770471344917
cell_5/cell_output/concat,OpenCL,4973.5,4973.5,1.0
reduction_cell_0/Relu_1,OpenCL,7794.1,7794.1,1.0
reduction_cell_0/1x1/Conv2D,OpenCL,71171.7,71171.7,1.0
reduction_cell_0/comb_iter_1/left/MaxPool2D/MaxPool,OpenCL,2550.4,2550.4,1.0
reduction_cell_0/Relu,OpenCL,7871.7,7871.7,1.0
reduction_cell_0/prev_1x1/Conv2D,OpenCL,71279.3,71279.3,1.0
reduction_cell_0/comb_iter_1/right/Relu,OpenCL,2179.3333333333335,2782.9,1.2769501376567758
reduction_cell_0/comb_iter_1/right/separable_7x7_1/separable_conv2d/depthwise,OpenCL,5691.8,5691.8,1.0
reduction_cell_0/comb_iter_1/right/separable_7x7_1/separable_conv2d,OpenCL,6620.4,6620.4,1.0
reduction_cell_0/comb_iter_1/right/separable_7x7_2/separable_conv2d/depthwise,OpenCL,3259.3333333333335,3356.6,1.029842503579464
reduction_cell_0/comb_iter_1/right/separable_7x7_2/separable_conv2d,OpenCL,6637.4,6637.4,1.0
reduction_cell_0/comb_iter_1/left/MaxPool2D/MaxPool___tr4reduction_cell_0/comb_iter_1/combine/add,OpenCL,942.7,942.7,1.0
reduction_cell_0/comb_iter_1/right/bn_sep_7x7_2/FusedBatchNormV3___tr4reduction_cell_0/comb_iter_1/combine/add,OpenCL,825.1111111111111,848.5,1.0283463506598438
reduction_cell_0/comb_iter_1/combine/add,OpenCL,1170.4,1170.4,1.0
reduction_cell_0/comb_iter_2/left/AvgPool2D/AvgPool,OpenCL,1753.4,1753.4,1.0
reduction_cell_0/comb_iter_2/right/Relu,OpenCL,1539.9,1539.9,1.0
reduction_cell_0/comb_iter_2/right/separable_5x5_1/separable_conv2d/depthwise,OpenCL,3526.9,3526.9,1.0
reduction_cell_0/comb_iter_2/right/separable_5x5_1/separable_conv2d,OpenCL,6656.6,6656.6,1.0
reduction_cell_0/comb_iter_2/right/separable_5x5_2/separable_conv2d/depthwise,OpenCL,2251.9,2251.9,1.0
reduction_cell_0/comb_iter_2/right/separable_5x5_2/separable_conv2d,OpenCL,6670.6,6670.6,1.0
reduction_cell_0/comb_iter_2/left/AvgPool2D/AvgPool___tr4reduction_cell_0/comb_iter_2/combine/add,OpenCL,981.5,1064.8,1.0848700967906266
reduction_cell_0/comb_iter_2/right/bn_sep_5x5_2/FusedBatchNormV3___tr4reduction_cell_0/comb_iter_2/combine/add,OpenCL,953.25,1052.2,1.1038027799632835
reduction_cell_0/comb_iter_2/combine/add,OpenCL,1688.888888888889,1736.5,1.0281907894736841
reduction_cell_0/comb_iter_0/left/Relu,OpenCL,1649.8,1649.8,1.0
reduction_cell_0/comb_iter_0/left/separable_5x5_1/separable_conv2d/depthwise,OpenCL,3572.0,3572.0,1.0
reduction_cell_0/comb_iter_0/left/separable_5x5_1/separable_conv2d,OpenCL,6735.4,6735.4,1.0
reduction_cell_0/comb_iter_0/left/separable_5x5_2/separable_conv2d/depthwise,OpenCL,2297.8,2297.8,1.0
reduction_cell_0/comb_iter_0/left/separable_5x5_2/separable_conv2d,OpenCL,6714.4,6714.4,1.0
reduction_cell_0/comb_iter_0/right/Relu,OpenCL,1605.8,1605.8,1.0
reduction_cell_0/comb_iter_0/right/separable_7x7_1/separable_conv2d/depthwise,OpenCL,5766.9,5766.9,1.0
reduction_cell_0/comb_iter_0/right/separable_7x7_1/separable_conv2d,OpenCL,6692.8,6692.8,1.0
reduction_cell_0/comb_iter_0/right/separable_7x7_2/separable_conv2d/depthwise,OpenCL,3348.0,3348.0,1.0
reduction_cell_0/comb_iter_0/right/separable_7x7_2/separable_conv2d,OpenCL,6704.9,6704.9,1.0
reduction_cell_0/comb_iter_0/combine/add,OpenCL,1224.6666666666667,1264.7,1.032689167120305
reduction_cell_0/comb_iter_3/right/AvgPool2D/AvgPool,OpenCL,1672.2,1672.2,1.0
reduction_cell_0/comb_iter_3/right/AvgPool2D/AvgPool___tr4reduction_cell_0/comb_iter_3/combine/add,OpenCL,1036.0,1063.0,1.026061776061776
reduction_cell_0/comb_iter_3/combine/add,OpenCL,1281.1,1281.1,1.0
reduction_cell_0/comb_iter_4/left/Relu,OpenCL,1126.0,1126.0,1.0
reduction_cell_0/comb_iter_4/left/separable_3x3_1/separable_conv2d/depthwise,OpenCL,1629.3,1629.3,1.0
reduction_cell_0/comb_iter_4/left/separable_3x3_1/separable_conv2d,OpenCL,6782.8,6782.8,1.0
reduction_cell_0/comb_iter_4/left/separable_3x3_2/separable_conv2d/depthwise,OpenCL,2249.5,2249.5,1.0
reduction_cell_0/comb_iter_4/left/separable_3x3_2/separable_conv2d,OpenCL,6818.2,6818.2,1.0
reduction_cell_0/comb_iter_4/right/MaxPool2D/MaxPool,OpenCL,1871.888888888889,1921.0,1.0262361251261352
reduction_cell_0/comb_iter_4/left/bn_sep_3x3_2/FusedBatchNormV3___tr4reduction_cell_0/comb_iter_4/combine/add,OpenCL,954.875,1014.7,1.0626521796046604
reduction_cell_0/comb_iter_4/right/MaxPool2D/MaxPool___tr4reduction_cell_0/comb_iter_4/combine/add,OpenCL,996.625,1065.9,1.0695095948827293
reduction_cell_0/comb_iter_4/combine/add,OpenCL,1274.8,1274.8,1.0
reduction_cell_0/cell_output/concat,OpenCL,18954.6,18954.6,1.0
cell_7/Relu,OpenCL,3451.8,3451.8,1.0
cell_7/Relu___tr4cell_7/prev_1x1/Conv2D,OpenCL,3494.3,3494.3,1.0
cell_7/prev_1x1/Conv2D,OpenCL,24085.6,24085.6,1.0
cell_6/Relu,OpenCL,8617.7,8617.7,1.0
cell_6/AvgPool2D,OpenCL,2900.5,2900.5,1.0
cell_6/path1_conv/Conv2D,OpenCL,9653.0,9653.0,1.0
cell_6/Pad/paddings,CPU,0.0,2.0,0
cell_6/Pad_Gather_Index,CPU,1.0,1.5,1.5
cell_6/Pad_Gather,CPU,0.0,1.0,0
cell_6/Pad,CPU,6076.0,17697.1,2.9126234364713626
cell_6/strided_slice/stack,CPU,0.8888888888888888,1.8,2.0250000000000004
cell_6/strided_slice/stack_1,CPU,0.0,1.1,0
cell_6/strided_slice/stack_2,CPU,0.0,1.6,0
cell_6/Pad___tr4cell_6/strided_slice,OpenCL,17966.0,17966.0,1.0
cell_6/strided_slice,CPU,4241.4,24269.7,5.722096477578159
cell_6/strided_slice___tr4cell_6/AvgPool2D_1,OpenCL,20310.9,20310.9,1.0
cell_6/AvgPool2D_1,OpenCL,2857.3,2857.3,1.0
cell_6/path2_conv/Conv2D,OpenCL,9667.4,9667.4,1.0
cell_6/concat,OpenCL,2619.5,2619.5,1.0
cell_6/final_path_bn/FusedBatchNormV3,OpenCL,1104.857142857143,1215.3,1.0999612102404965
cell_6/Relu_1,OpenCL,3550.8,3550.8,1.0
cell_6/Relu_1___tr4cell_6/1x1/Conv2D,OpenCL,4600.3,4600.3,1.0
cell_6/1x1/Conv2D,OpenCL,24126.2,24126.2,1.0
cell_6/comb_iter_0/left/Relu,OpenCL,1127.0,1154.1,1.0240461401952083
cell_6/comb_iter_0/left/separable_5x5_1/separable_conv2d/depthwise,OpenCL,2420.9,2420.9,1.0
cell_6/comb_iter_0/left/separable_5x5_1/separable_conv2d,OpenCL,6915.3,6915.3,1.0
cell_6/comb_iter_0/left/separable_5x5_2/separable_conv2d/depthwise,OpenCL,2405.4,2405.4,1.0
cell_6/comb_iter_0/left/separable_5x5_2/separable_conv2d,OpenCL,6905.3,6905.3,1.0
cell_6/comb_iter_0/right/Relu,OpenCL,1107.5,1107.5,1.0
cell_6/comb_iter_0/right/separable_3x3_1/separable_conv2d/depthwise,OpenCL,2172.6,2172.6,1.0
cell_6/comb_iter_0/right/separable_3x3_1/separable_conv2d,OpenCL,7124.7,7124.7,1.0
cell_6/comb_iter_0/right/separable_3x3_2/separable_conv2d/depthwise,OpenCL,1734.5,1734.5,1.0
cell_6/comb_iter_0/right/separable_3x3_2/separable_conv2d,OpenCL,6925.1,6925.1,1.0
cell_6/comb_iter_0/combine/add,OpenCL,1412.5,1412.5,1.0
cell_6/comb_iter_1/left/Relu,OpenCL,1139.8,1139.8,1.0
cell_6/comb_iter_1/left/separable_5x5_1/separable_conv2d/depthwise,OpenCL,2433.3,2433.3,1.0
cell_6/comb_iter_1/left/separable_5x5_1/separable_conv2d,OpenCL,7008.3,7008.3,1.0
cell_6/comb_iter_1/left/separable_5x5_2/separable_conv2d/depthwise,OpenCL,2403.6,2403.6,1.0
cell_6/comb_iter_1/left/separable_5x5_2/separable_conv2d,OpenCL,6852.9,6852.9,1.0
cell_6/comb_iter_1/right/Relu,OpenCL,1122.6,1122.6,1.0
cell_6/comb_iter_1/right/separable_3x3_1/separable_conv2d/depthwise,OpenCL,1716.6,1716.6,1.0
cell_6/comb_iter_1/right/separable_3x3_1/separable_conv2d,OpenCL,6796.4,6796.4,1.0
cell_6/comb_iter_1/right/separable_3x3_2/separable_conv2d/depthwise,OpenCL,1640.111111111111,1708.2,1.0415148025201546
cell_6/comb_iter_1/right/separable_3x3_2/separable_conv2d,OpenCL,7034.7,7034.7,1.0
cell_6/comb_iter_1/combine/add,OpenCL,1442.7142857142858,1671.0,1.1582334884642043
cell_6/comb_iter_2/left/AvgPool2D/AvgPool,OpenCL,1826.0,1826.0,1.0
cell_6/comb_iter_2/left/AvgPool2D/AvgPool___tr4cell_6/comb_iter_2/combine/add,OpenCL,1151.1,1151.1,1.0
cell_6/final_path_bn/FusedBatchNormV3___tr4cell_6/comb_iter_2/combine/add,OpenCL,1092.125,1187.8,1.0876044408835985
cell_6/comb_iter_2/combine/add,OpenCL,1371.2,1371.2,1.0
cell_6/comb_iter_3/left/AvgPool2D/AvgPool,OpenCL,1850.2,1850.2,1.0
cell_6/comb_iter_3/right/AvgPool2D/AvgPool,OpenCL,1807.0,1807.0,1.0
cell_6/comb_iter_3/left/AvgPool2D/AvgPool___tr4cell_6/comb_iter_3/combine/add,OpenCL,1130.8,1130.8,1.0
cell_6/comb_iter_3/right/AvgPool2D/AvgPool___tr4cell_6/comb_iter_3/combine/add,OpenCL,893.5714285714286,998.6,1.1175379696243006
cell_6/comb_iter_3/combine/add,OpenCL,1320.4,1320.4,1.0
cell_6/comb_iter_4/left/Relu,OpenCL,1183.6,1183.6,1.0
cell_6/comb_iter_4/left/separable_3x3_1/separable_conv2d/depthwise,OpenCL,1711.5,1711.5,1.0
cell_6/comb_iter_4/left/separable_3x3_1/separable_conv2d,OpenCL,6834.1,6834.1,1.0
cell_6/comb_iter_4/left/separable_3x3_2/separable_conv2d/depthwise,OpenCL,1667.2,1667.2,1.0
cell_6/comb_iter_4/left/separable_3x3_2/separable_conv2d,OpenCL,6832.0,6832.0,1.0
cell_6/comb_iter_4/combine/add,OpenCL,1350.7,1350.7,1.0
cell_6/comb_iter_2/combine/add___tr4cell_6/cell_output/concat,OpenCL,1181.1,1181.1,1.0
cell_6/comb_iter_3/combine/add___tr4cell_6/cell_output/concat,OpenCL,1075.111111111111,1105.5,1.0282658123191402
cell_6/cell_output/concat,OpenCL,3757.4,3757.4,1.0
cell_7/Relu_1,OpenCL,4813.6,4813.6,1.0
cell_7/1x1/Conv2D,OpenCL,36069.8,36069.8,1.0
cell_7/comb_iter_0/left/Relu,OpenCL,1085.1666666666667,1276.0,1.175856243280602
cell_7/comb_iter_0/left/separable_5x5_1/separable_conv2d/depthwise,OpenCL,2484.5,2484.5,1.0
cell_7/comb_iter_0/left/separable_5x5_1/separable_conv2d,OpenCL,6810.8,6810.8,1.0
cell_7/comb_iter_0/left/separable_5x5_2/separable_conv2d/depthwise,OpenCL,2398.6,2398.6,1.0
cell_7/comb_iter_0/left/separable_5x5_2/separable_conv2d,OpenCL,6912.9,6912.9,1.0
cell_7/comb_iter_0/right/Relu,OpenCL,1077.888888888889,1110.2,1.02997629110401
cell_7/comb_iter_0/right/separable_3x3_1/separable_conv2d/depthwise,OpenCL,1697.25,1835.7,1.0815731330092797
cell_7/comb_iter_0/right/separable_3x3_1/separable_conv2d,OpenCL,6893.5,6893.5,1.0
cell_7/comb_iter_0/right/separable_3x3_2/separable_conv2d/depthwise,OpenCL,1671.4,1671.4,1.0
cell_7/comb_iter_0/right/separable_3x3_2/separable_conv2d,OpenCL,6850.3,6850.3,1.0
cell_7/comb_iter_0/combine/add,OpenCL,1403.1,1403.1,1.0
cell_7/comb_iter_1/left/Relu,OpenCL,1181.9,1181.9,1.0
cell_7/comb_iter_1/left/separable_5x5_1/separable_conv2d/depthwise,OpenCL,2428.4,2428.4,1.0
cell_7/comb_iter_1/left/separable_5x5_1/separable_conv2d,OpenCL,6861.5,6861.5,1.0
cell_7/comb_iter_1/left/separable_5x5_2/separable_conv2d/depthwise,OpenCL,2399.1,2399.1,1.0
cell_7/comb_iter_1/left/separable_5x5_2/separable_conv2d,OpenCL,6831.5,6831.5,1.0
cell_7/comb_iter_1/right/Relu,OpenCL,970.125,1026.0,1.0575956706609972
cell_7/comb_iter_1/right/separable_3x3_1/separable_conv2d/depthwise,OpenCL,1644.142857142857,1880.4,1.1436962377269964
cell_7/comb_iter_1/right/separable_3x3_1/separable_conv2d,OpenCL,6871.1,6871.1,1.0
cell_7/comb_iter_1/right/separable_3x3_2/separable_conv2d/depthwise,OpenCL,1609.75,1750.8,1.0876223015996271
cell_7/comb_iter_1/right/separable_3x3_2/separable_conv2d,OpenCL,6908.2,6908.2,1.0
cell_7/comb_iter_1/combine/add,OpenCL,1358.8,1358.8,1.0
cell_7/comb_iter_2/left/AvgPool2D/AvgPool,OpenCL,1807.1,1807.1,1.0
cell_7/comb_iter_2/left/AvgPool2D/AvgPool___tr4cell_7/comb_iter_2/combine/add,OpenCL,1139.2,1139.2,1.0
cell_7/prev_bn/FusedBatchNormV3___tr4cell_7/comb_iter_2/combine/add,OpenCL,1115.5555555555557,1141.2,1.022988047808765
cell_7/comb_iter_2/combine/add,OpenCL,1323.0,1323.0,1.0
cell_7/comb_iter_3/left/AvgPool2D/AvgPool,OpenCL,1752.9,1752.9,1.0
cell_7/comb_iter_3/right/AvgPool2D/AvgPool,OpenCL,1725.2,1725.2,1.0
cell_7/comb_iter_3/left/AvgPool2D/AvgPool___tr4cell_7/comb_iter_3/combine/add,OpenCL,1129.5,1129.5,1.0
cell_7/comb_iter_3/right/AvgPool2D/AvgPool___tr4cell_7/comb_iter_3/combine/add,OpenCL,1062.7777777777778,1093.9,1.0292838473601673
cell_7/comb_iter_3/combine/add,OpenCL,1327.8,1327.8,1.0
cell_7/comb_iter_4/left/Relu,OpenCL,1190.0,1190.0,1.0
cell_7/comb_iter_4/left/separable_3x3_1/separable_conv2d/depthwise,OpenCL,1686.8,1686.8,1.0
cell_7/comb_iter_4/left/separable_3x3_1/separable_conv2d,OpenCL,6979.8,6979.8,1.0
cell_7/comb_iter_4/left/separable_3x3_2/separable_conv2d/depthwise,OpenCL,1649.7,1649.7,1.0
cell_7/comb_iter_4/left/separable_3x3_2/separable_conv2d,OpenCL,6809.5,6809.5,1.0
cell_7/comb_iter_4/combine/add,OpenCL,1322.5,1322.5,1.0
cell_7/comb_iter_2/combine/add___tr4cell_7/cell_output/concat,OpenCL,1151.5,1151.5,1.0
cell_7/comb_iter_3/combine/add___tr4cell_7/cell_output/concat,OpenCL,1095.6666666666667,1123.3,1.0252205658655307
cell_7/cell_output/concat,OpenCL,3740.6,3740.6,1.0
cell_9/Relu,OpenCL,4806.3,4806.3,1.0
cell_9/prev_1x1/Conv2D,OpenCL,36236.3,36236.3,1.0
cell_8/Relu,OpenCL,5040.2,5040.2,1.0
cell_8/prev_1x1/Conv2D,OpenCL,35762.9,35762.9,1.0
cell_8/Relu_1,OpenCL,5223.3,5223.3,1.0
cell_8/1x1/Conv2D,OpenCL,35807.0,35807.0,1.0
cell_8/comb_iter_0/left/Relu,OpenCL,1114.5555555555557,1164.4,1.0447213637723058
cell_8/comb_iter_0/left/separable_5x5_1/separable_conv2d/depthwise,OpenCL,2414.8,2414.8,1.0
cell_8/comb_iter_0/left/separable_5x5_1/separable_conv2d,OpenCL,6815.1,6815.1,1.0
cell_8/comb_iter_0/left/separable_5x5_2/separable_conv2d/depthwise,OpenCL,2804.8,2804.8,1.0
cell_8/comb_iter_0/left/separable_5x5_2/separable_conv2d,OpenCL,7041.4,7041.4,1.0
cell_8/comb_iter_0/right/Relu,OpenCL,1151.5,1151.5,1.0
cell_8/comb_iter_0/right/separable_3x3_1/separable_conv2d/depthwise,OpenCL,1672.1,1672.1,1.0
cell_8/comb_iter_0/right/separable_3x3_1/separable_conv2d,OpenCL,6834.9,6834.9,1.0
cell_8/comb_iter_0/right/separable_3x3_2/separable_conv2d/depthwise,OpenCL,1652.8,1652.8,1.0
cell_8/comb_iter_0/right/separable_3x3_2/separable_conv2d,OpenCL,6839.5,6839.5,1.0
cell_8/comb_iter_0/combine/add,OpenCL,1299.4,1299.4,1.0
cell_8/comb_iter_1/left/Relu,OpenCL,1107.5,1107.5,1.0
cell_8/comb_iter_1/left/separable_5x5_1/separable_conv2d/depthwise,OpenCL,2363.2,2363.2,1.0
cell_8/comb_iter_1/left/separable_5x5_1/separable_conv2d,OpenCL,6794.0,6794.0,1.0
cell_8/comb_iter_1/left/separable_5x5_2/separable_conv2d/depthwise,OpenCL,2363.7,2363.7,1.0
cell_8/comb_iter_1/left/separable_5x5_2/separable_conv2d,OpenCL,6886.2,6886.2,1.0
cell_8/comb_iter_1/right/Relu,OpenCL,952.75,1022.0,1.072684334820257
cell_8/comb_iter_1/right/separable_3x3_1/separable_conv2d/depthwise,OpenCL,1760.4285714285713,1973.7,1.121147447861722
cell_8/comb_iter_1/right/separable_3x3_1/separable_conv2d,OpenCL,6845.0,6845.0,1.0
cell_8/comb_iter_1/right/separable_3x3_2/separable_conv2d/depthwise,OpenCL,1678.7,1678.7,1.0
cell_8/comb_iter_1/right/separable_3x3_2/separable_conv2d,OpenCL,6914.8,6914.8,1.0
cell_8/comb_iter_1/combine/add,OpenCL,1362.25,1520.5,1.11616810423931
cell_8/comb_iter_2/left/AvgPool2D/AvgPool,OpenCL,1702.5,1702.5,1.0
cell_8/comb_iter_2/left/AvgPool2D/AvgPool___tr4cell_8/comb_iter_2/combine/add,OpenCL,1006.5,1068.0,1.061102831594635
cell_8/prev_bn/FusedBatchNormV3___tr4cell_8/comb_iter_2/combine/add,OpenCL,1022.5555555555554,1057.2,1.0338802564381182
cell_8/comb_iter_2/combine/add,OpenCL,1318.3,1318.3,1.0
cell_8/comb_iter_3/left/AvgPool2D/AvgPool,OpenCL,1717.1,1717.1,1.0
cell_8/comb_iter_3/right/AvgPool2D/AvgPool,OpenCL,1733.5,1733.5,1.0
cell_8/comb_iter_3/left/AvgPool2D/AvgPool___tr4cell_8/comb_iter_3/combine/add,OpenCL,1135.1,1135.1,1.0
cell_8/comb_iter_3/right/AvgPool2D/AvgPool___tr4cell_8/comb_iter_3/combine/add,OpenCL,1103.8,1103.8,1.0
cell_8/comb_iter_3/combine/add,OpenCL,1325.3,1325.3,1.0
cell_8/comb_iter_4/left/Relu,OpenCL,1146.5,1146.5,1.0
cell_8/comb_iter_4/left/separable_3x3_1/separable_conv2d/depthwise,OpenCL,1673.2,1673.2,1.0
cell_8/comb_iter_4/left/separable_3x3_1/separable_conv2d,OpenCL,6844.5,6844.5,1.0
cell_8/comb_iter_4/left/separable_3x3_2/separable_conv2d/depthwise,OpenCL,1643.8,1643.8,1.0
cell_8/comb_iter_4/left/separable_3x3_2/separable_conv2d,OpenCL,6778.6,6778.6,1.0
cell_8/comb_iter_4/combine/add,OpenCL,1298.8,1298.8,1.0
cell_8/comb_iter_2/combine/add___tr4cell_8/cell_output/concat,OpenCL,1175.6,1175.6,1.0
cell_8/comb_iter_3/combine/add___tr4cell_8/cell_output/concat,OpenCL,919.25,986.8,1.0734838183301605
cell_8/cell_output/concat,OpenCL,3651.2,3651.2,1.0
cell_9/Relu_1,OpenCL,4730.6,4730.6,1.0
cell_9/1x1/Conv2D,OpenCL,35903.3,35903.3,1.0
cell_9/comb_iter_0/left/Relu,OpenCL,1163.2857142857142,1302.3,1.1195014122559253
cell_9/comb_iter_0/left/separable_5x5_1/separable_conv2d/depthwise,OpenCL,2421.6,2421.6,1.0
cell_9/comb_iter_0/left/separable_5x5_1/separable_conv2d,OpenCL,6743.0,6743.0,1.0
cell_9/comb_iter_0/left/separable_5x5_2/separable_conv2d/depthwise,OpenCL,2384.125,2575.1,1.0801027630682116
cell_9/comb_iter_0/left/separable_5x5_2/separable_conv2d,OpenCL,6792.0,6792.0,1.0
cell_9/comb_iter_0/right/Relu,OpenCL,1077.7777777777778,1102.9,1.0233092783505155
cell_9/comb_iter_0/right/separable_3x3_1/separable_conv2d/depthwise,OpenCL,1631.4,1631.4,1.0
cell_9/comb_iter_0/right/separable_3x3_1/separable_conv2d,OpenCL,6919.2,6919.2,1.0
cell_9/comb_iter_0/right/separable_3x3_2/separable_conv2d/depthwise,OpenCL,1680.4,1680.4,1.0
cell_9/comb_iter_0/right/separable_3x3_2/separable_conv2d,OpenCL,6757.1,6757.1,1.0
cell_9/comb_iter_0/combine/add,OpenCL,1339.5,1339.5,1.0
cell_9/comb_iter_1/left/Relu,OpenCL,1140.7,1140.7,1.0
cell_9/comb_iter_1/left/separable_5x5_1/separable_conv2d/depthwise,OpenCL,2383.0,2383.0,1.0
cell_9/comb_iter_1/left/separable_5x5_1/separable_conv2d,OpenCL,6787.2,6787.2,1.0
cell_9/comb_iter_1/left/separable_5x5_2/separable_conv2d/depthwise,OpenCL,2359.7,2359.7,1.0
cell_9/comb_iter_1/left/separable_5x5_2/separable_conv2d,OpenCL,6770.7,6770.7,1.0
cell_9/comb_iter_1/right/Relu,OpenCL,1123.9,1123.9,1.0
cell_9/comb_iter_1/right/separable_3x3_1/separable_conv2d/depthwise,OpenCL,1605.142857142857,1828.6,1.1392132431470274
cell_9/comb_iter_1/right/separable_3x3_1/separable_conv2d,OpenCL,7037.2,7037.2,1.0
cell_9/comb_iter_1/right/separable_3x3_2/separable_conv2d/depthwise,OpenCL,1672.7,1672.7,1.0
cell_9/comb_iter_1/right/separable_3x3_2/separable_conv2d,OpenCL,6775.2,6775.2,1.0
cell_9/comb_iter_1/combine/add,OpenCL,1359.5,1359.5,1.0
cell_9/comb_iter_2/left/AvgPool2D/AvgPool,OpenCL,1746.7,1746.7,1.0
cell_9/comb_iter_2/left/AvgPool2D/AvgPool___tr4cell_9/comb_iter_2/combine/add,OpenCL,1135.4,1135.4,1.0
cell_9/prev_bn/FusedBatchNormV3___tr4cell_9/comb_iter_2/combine/add,OpenCL,993.75,1069.5,1.0762264150943397
cell_9/comb_iter_2/combine/add,OpenCL,1305.0,1305.0,1.0
cell_9/comb_iter_3/left/AvgPool2D/AvgPool,OpenCL,1736.2,1736.2,1.0
cell_9/comb_iter_3/right/AvgPool2D/AvgPool,OpenCL,1723.0,1723.0,1.0
cell_9/comb_iter_3/left/AvgPool2D/AvgPool___tr4cell_9/comb_iter_3/combine/add,OpenCL,985.7142857142857,1114.0,1.1301449275362319
cell_9/comb_iter_3/right/AvgPool2D/AvgPool___tr4cell_9/comb_iter_3/combine/add,OpenCL,1062.0,1062.0,1.0
cell_9/comb_iter_3/combine/add,OpenCL,1327.5,1327.5,1.0
cell_9/comb_iter_4/left/Relu,OpenCL,1162.3,1162.3,1.0
cell_9/comb_iter_4/left/separable_3x3_1/separable_conv2d/depthwise,OpenCL,1658.1,1658.1,1.0
cell_9/comb_iter_4/left/separable_3x3_1/separable_conv2d,OpenCL,6821.5,6821.5,1.0
cell_9/comb_iter_4/left/separable_3x3_2/separable_conv2d/depthwise,OpenCL,1669.6,1669.6,1.0
cell_9/comb_iter_4/left/separable_3x3_2/separable_conv2d,OpenCL,6815.5,6815.5,1.0
cell_9/comb_iter_4/combine/add,OpenCL,1303.5,1303.5,1.0
cell_9/comb_iter_2/combine/add___tr4cell_9/cell_output/concat,OpenCL,1085.9,1085.9,1.0
cell_9/comb_iter_3/combine/add___tr4cell_9/cell_output/concat,OpenCL,957.5,1028.3,1.0739425587467362
cell_9/cell_output/concat,OpenCL,3660.2,3660.2,1.0
cell_11/Relu,OpenCL,4759.7,4759.7,1.0
cell_11/prev_1x1/Conv2D,OpenCL,35732.2,35732.2,1.0
cell_10/Relu,OpenCL,5028.5,5028.5,1.0
cell_10/prev_1x1/Conv2D,OpenCL,35694.2,35694.2,1.0
cell_10/Relu_1,OpenCL,5117.7,5117.7,1.0
cell_10/1x1/Conv2D,OpenCL,36116.2,36116.2,1.0
cell_10/comb_iter_0/left/Relu,OpenCL,1182.111111111111,1234.1,1.0439796973399755
cell_10/comb_iter_0/left/separable_5x5_1/separable_conv2d/depthwise,OpenCL,2404.6,2404.6,1.0
cell_10/comb_iter_0/left/separable_5x5_1/separable_conv2d,OpenCL,6838.3,6838.3,1.0
cell_10/comb_iter_0/left/separable_5x5_2/separable_conv2d/depthwise,OpenCL,2660.4444444444443,2741.5,1.0304669228199133
cell_10/comb_iter_0/left/separable_5x5_2/separable_conv2d,OpenCL,6949.3,6949.3,1.0
cell_10/comb_iter_0/right/Relu,OpenCL,1086.4,1086.4,1.0
cell_10/comb_iter_0/right/separable_3x3_1/separable_conv2d/depthwise,OpenCL,1644.888888888889,1696.9,1.0316198324777088
cell_10/comb_iter_0/right/separable_3x3_1/separable_conv2d,OpenCL,6864.5,6864.5,1.0
cell_10/comb_iter_0/right/separable_3x3_2/separable_conv2d/depthwise,OpenCL,1636.4,1636.4,1.0
cell_10/comb_iter_0/right/separable_3x3_2/separable_conv2d,OpenCL,6796.1,6796.1,1.0
cell_10/comb_iter_0/combine/add,OpenCL,1336.8,1336.8,1.0
cell_10/comb_iter_1/left/Relu,OpenCL,1108.2,1108.2,1.0
cell_10/comb_iter_1/left/separable_5x5_1/separable_conv2d/depthwise,OpenCL,2338.9,2338.9,1.0
cell_10/comb_iter_1/left/separable_5x5_1/separable_conv2d,OpenCL,6846.0,6846.0,1.0
cell_10/comb_iter_1/left/separable_5x5_2/separable_conv2d/depthwise,OpenCL,2340.8888888888887,2420.6,1.0340516423011201
cell_10/comb_iter_1/left/separable_5x5_2/separable_conv2d,OpenCL,6835.5,6835.5,1.0
cell_10/comb_iter_1/right/Relu,OpenCL,1004.9999999999999,1062.4,1.0571144278606968
cell_10/comb_iter_1/right/separable_3x3_1/separable_conv2d/depthwise,OpenCL,1608.5714285714287,1814.8,1.1282060390763764
cell_10/comb_iter_1/right/separable_3x3_1/separable_conv2d,OpenCL,6829.2,6829.2,1.0
cell_10/comb_iter_1/right/separable_3x3_2/separable_conv2d/depthwise,OpenCL,1632.0,1701.4,1.0425245098039215
cell_10/comb_iter_1/right/separable_3x3_2/separable_conv2d,OpenCL,6933.8,6933.8,1.0
cell_10/comb_iter_1/combine/add,OpenCL,1385.6666666666667,1445.4,1.0431080105845563
cell_10/comb_iter_2/left/AvgPool2D/AvgPool,OpenCL,1721.8,1721.8,1.0
cell_10/comb_iter_2/left/AvgPool2D/AvgPool___tr4cell_10/comb_iter_2/combine/add,OpenCL,996.25,1072.3,1.07633626097867
cell_10/prev_bn/FusedBatchNormV3___tr4cell_10/comb_iter_2/combine/add,OpenCL,1068.7,1068.7,1.0
cell_10/comb_iter_2/combine/add,OpenCL,1277.0,1277.0,1.0
cell_10/comb_iter_3/left/AvgPool2D/AvgPool,OpenCL,1712.2,1712.2,1.0
cell_10/comb_iter_3/right/AvgPool2D/AvgPool,OpenCL,1704.9,1704.9,1.0
cell_10/comb_iter_3/left/AvgPool2D/AvgPool___tr4cell_10/comb_iter_3/combine/add,OpenCL,1043.7777777777778,1069.7,1.0248350010645093
cell_10/comb_iter_3/right/AvgPool2D/AvgPool___tr4cell_10/comb_iter_3/combine/add,OpenCL,1015.125,1073.7,1.0577022534170668
cell_10/comb_iter_3/combine/add,OpenCL,1269.2,1269.2,1.0
cell_10/comb_iter_4/left/Relu,OpenCL,1079.0,1079.0,1.0
cell_10/comb_iter_4/left/separable_3x3_1/separable_conv2d/depthwise,OpenCL,1649.0,1649.0,1.0
cell_10/comb_iter_4/left/separable_3x3_1/separable_conv2d,OpenCL,6808.1,6808.1,1.0
cell_10/comb_iter_4/left/separable_3x3_2/separable_conv2d/depthwise,OpenCL,1660.6,1660.6,1.0
cell_10/comb_iter_4/left/separable_3x3_2/separable_conv2d,OpenCL,6774.2,6774.2,1.0
cell_10/comb_iter_4/combine/add,OpenCL,1329.5,1329.5,1.0
cell_10/comb_iter_2/combine/add___tr4cell_10/cell_output/concat,OpenCL,1082.9,1082.9,1.0
cell_10/comb_iter_3/combine/add___tr4cell_10/cell_output/concat,OpenCL,813.1428571428571,944.0,1.1609276177090655
cell_10/cell_output/concat,OpenCL,3703.4,3703.4,1.0
cell_11/Relu_1,OpenCL,4777.1,4777.1,1.0
cell_11/1x1/Conv2D,OpenCL,35879.0,35879.0,1.0
cell_11/comb_iter_0/left/Relu,OpenCL,962.0,1063.2,1.1051975051975051
cell_11/comb_iter_0/left/separable_5x5_1/separable_conv2d/depthwise,OpenCL,2465.8,2465.8,1.0
cell_11/comb_iter_0/left/separable_5x5_1/separable_conv2d,OpenCL,6833.4,6833.4,1.0
cell_11/comb_iter_0/left/separable_5x5_2/separable_conv2d/depthwise,OpenCL,2630.1111111111113,2710.1,1.0304127413290523
cell_11/comb_iter_0/left/separable_5x5_2/separable_conv2d,OpenCL,6868.7,6868.7,1.0
cell_11/comb_iter_0/right/Relu,OpenCL,1116.888888888889,1146.7,1.026691205730203
cell_11/comb_iter_0/right/separable_3x3_1/separable_conv2d/depthwise,OpenCL,1641.2,1641.2,1.0
cell_11/comb_iter_0/right/separable_3x3_1/separable_conv2d,OpenCL,6986.5,6986.5,1.0
cell_11/comb_iter_0/right/separable_3x3_2/separable_conv2d/depthwise,OpenCL,1687.2,1687.2,1.0
cell_11/comb_iter_0/right/separable_3x3_2/separable_conv2d,OpenCL,6898.3,6898.3,1.0
cell_11/comb_iter_0/combine/add,OpenCL,1336.0,1336.0,1.0
cell_11/comb_iter_1/left/Relu,OpenCL,1126.6,1126.6,1.0
cell_11/comb_iter_1/left/separable_5x5_1/separable_conv2d/depthwise,OpenCL,2389.9,2389.9,1.0
cell_11/comb_iter_1/left/separable_5x5_1/separable_conv2d,OpenCL,6821.1,6821.1,1.0
cell_11/comb_iter_1/left/separable_5x5_2/separable_conv2d/depthwise,OpenCL,2389.0,2389.0,1.0
cell_11/comb_iter_1/left/separable_5x5_2/separable_conv2d,OpenCL,6939.1,6939.1,1.0
cell_11/comb_iter_1/right/Relu,OpenCL,1112.8,1112.8,1.0
cell_11/comb_iter_1/right/separable_3x3_1/separable_conv2d/depthwise,OpenCL,1657.142857142857,1881.4,1.1353275862068966
cell_11/comb_iter_1/right/separable_3x3_1/separable_conv2d,OpenCL,6919.3,6919.3,1.0
cell_11/comb_iter_1/right/separable_3x3_2/separable_conv2d/depthwise,OpenCL,1704.2,1704.2,1.0
cell_11/comb_iter_1/right/separable_3x3_2/separable_conv2d,OpenCL,6959.9,6959.9,1.0
cell_11/comb_iter_1/combine/add,OpenCL,1366.8,1366.8,1.0
cell_11/comb_iter_2/left/AvgPool2D/AvgPool,OpenCL,1789.7,1789.7,1.0
cell_11/comb_iter_2/left/AvgPool2D/AvgPool___tr4cell_11/comb_iter_2/combine/add,OpenCL,1148.7,1148.7,1.0
cell_11/prev_bn/FusedBatchNormV3___tr4cell_11/comb_iter_2/combine/add,OpenCL,763.4,1022.5,1.3394026722556982
cell_11/comb_iter_2/combine/add,OpenCL,1350.6,1350.6,1.0
cell_11/comb_iter_3/left/AvgPool2D/AvgPool,OpenCL,1806.8,1806.8,1.0
cell_11/comb_iter_3/right/AvgPool2D/AvgPool,OpenCL,1789.5,1789.5,1.0
cell_11/comb_iter_3/left/AvgPool2D/AvgPool___tr4cell_11/comb_iter_3/combine/add,OpenCL,1098.6666666666667,1124.2,1.023240291262136
cell_11/comb_iter_3/right/AvgPool2D/AvgPool___tr4cell_11/comb_iter_3/combine/add,OpenCL,1157.9,1157.9,1.0
cell_11/comb_iter_3/combine/add,OpenCL,1364.1,1364.1,1.0
cell_11/comb_iter_4/left/Relu,OpenCL,1143.0,1143.0,1.0
cell_11/comb_iter_4/left/separable_3x3_1/separable_conv2d/depthwise,OpenCL,1653.6,1653.6,1.0
cell_11/comb_iter_4/left/separable_3x3_1/separable_conv2d,OpenCL,6868.4,6868.4,1.0
cell_11/comb_iter_4/left/separable_3x3_2/separable_conv2d/depthwise,OpenCL,1667.6666666666667,1719.1,1.030841495102938
cell_11/comb_iter_4/left/separable_3x3_2/separable_conv2d,OpenCL,6883.9,6883.9,1.0
cell_11/comb_iter_4/combine/add,OpenCL,1379.7,1379.7,1.0
cell_11/comb_iter_2/combine/add___tr4cell_11/cell_output/concat,OpenCL,1181.2,1181.2,1.0
cell_11/comb_iter_3/combine/add___tr4cell_11/cell_output/concat,OpenCL,1017.6666666666667,1048.7,1.030494595479856
cell_11/cell_output/concat,OpenCL,3678.8,3678.8,1.0
reduction_cell_1/Relu_1,OpenCL,4814.5,4814.5,1.0
reduction_cell_1/1x1/Conv2D,OpenCL,70372.9,70372.9,1.0
reduction_cell_1/comb_iter_1/left/MaxPool2D/MaxPool,OpenCL,2581.2,2581.2,1.0
reduction_cell_1/Relu,OpenCL,4931.7,4931.7,1.0
reduction_cell_1/prev_1x1/Conv2D,OpenCL,70632.6,70632.6,1.0
reduction_cell_1/comb_iter_1/right/Relu,OpenCL,2078.0,2078.0,1.0
reduction_cell_1/comb_iter_1/right/separable_7x7_1/separable_conv2d/depthwise,OpenCL,3621.8,3621.8,1.0
reduction_cell_1/comb_iter_1/right/separable_7x7_1/separable_conv2d,OpenCL,7291.8,7291.8,1.0
reduction_cell_1/comb_iter_1/right/separable_7x7_2/separable_conv2d/depthwise,OpenCL,2243.5,2243.5,1.0
reduction_cell_1/comb_iter_1/right/separable_7x7_2/separable_conv2d,OpenCL,7261.8,7261.8,1.0
reduction_cell_1/comb_iter_1/left/MaxPool2D/MaxPool___tr4reduction_cell_1/comb_iter_1/combine/add,OpenCL,889.3333333333334,914.5,1.0282983508245878
reduction_cell_1/comb_iter_1/right/bn_sep_7x7_2/FusedBatchNormV3___tr4reduction_cell_1/comb_iter_1/combine/add,OpenCL,1014.4444444444445,1043.1,1.0282475355969332
reduction_cell_1/comb_iter_1/combine/add,OpenCL,1162.8,1162.8,1.0
reduction_cell_1/comb_iter_2/left/AvgPool2D/AvgPool,OpenCL,1814.6,1814.6,1.0
reduction_cell_1/comb_iter_2/right/Relu,OpenCL,1561.2,1561.2,1.0
reduction_cell_1/comb_iter_2/right/separable_5x5_1/separable_conv2d/depthwise,OpenCL,2410.3,2410.3,1.0
reduction_cell_1/comb_iter_2/right/separable_5x5_1/separable_conv2d,OpenCL,7266.6,7266.6,1.0
reduction_cell_1/comb_iter_2/right/separable_5x5_2/separable_conv2d/depthwise,OpenCL,1708.5,1708.5,1.0
reduction_cell_1/comb_iter_2/right/separable_5x5_2/separable_conv2d,OpenCL,7240.6,7240.6,1.0
reduction_cell_1/comb_iter_2/left/AvgPool2D/AvgPool___tr4reduction_cell_1/comb_iter_2/combine/add,OpenCL,773.0,867.5,1.1222509702457957
reduction_cell_1/comb_iter_2/right/bn_sep_5x5_2/FusedBatchNormV3___tr4reduction_cell_1/comb_iter_2/combine/add,OpenCL,1051.9,1051.9,1.0
reduction_cell_1/comb_iter_2/combine/add,OpenCL,1144.5,1144.5,1.0
reduction_cell_1/comb_iter_0/left/Relu,OpenCL,1527.5,1527.5,1.0
reduction_cell_1/comb_iter_0/left/separable_5x5_1/separable_conv2d/depthwise,OpenCL,2420.1,2420.1,1.0
reduction_cell_1/comb_iter_0/left/separable_5x5_1/separable_conv2d,OpenCL,7316.6,7316.6,1.0
reduction_cell_1/comb_iter_0/left/separable_5x5_2/separable_conv2d/depthwise,OpenCL,1648.9,1648.9,1.0
reduction_cell_1/comb_iter_0/left/separable_5x5_2/separable_conv2d,OpenCL,7186.3,7186.3,1.0
reduction_cell_1/comb_iter_0/right/Relu,OpenCL,1533.0,1533.0,1.0
reduction_cell_1/comb_iter_0/right/separable_7x7_1/separable_conv2d/depthwise,OpenCL,3525.2,3525.2,1.0
reduction_cell_1/comb_iter_0/right/separable_7x7_1/separable_conv2d,OpenCL,7254.0,7254.0,1.0
reduction_cell_1/comb_iter_0/right/separable_7x7_2/separable_conv2d/depthwise,OpenCL,2255.8,2255.8,1.0
reduction_cell_1/comb_iter_0/right/separable_7x7_2/separable_conv2d,OpenCL,7247.6,7247.6,1.0
reduction_cell_1/comb_iter_0/combine/add,OpenCL,1157.7,1157.7,1.0
reduction_cell_1/comb_iter_3/right/AvgPool2D/AvgPool,OpenCL,1795.1,1795.1,1.0
reduction_cell_1/comb_iter_3/right/AvgPool2D/AvgPool___tr4reduction_cell_1/comb_iter_3/combine/add,OpenCL,1061.875,1122.4,1.0569982342554445
reduction_cell_1/comb_iter_3/combine/add,OpenCL,1110.7777777777778,1137.8,1.0243272981894567
reduction_cell_1/comb_iter_4/left/Relu,OpenCL,875.2222222222222,913.7,1.0439634378570524
reduction_cell_1/comb_iter_4/left/separable_3x3_1/separable_conv2d/depthwise,OpenCL,1235.3333333333333,1264.1,1.0232865623313545
reduction_cell_1/comb_iter_4/left/separable_3x3_1/separable_conv2d,OpenCL,7291.4,7291.4,1.0
reduction_cell_1/comb_iter_4/left/separable_3x3_2/separable_conv2d/depthwise,OpenCL,1323.7777777777778,1413.7,1.067928487493705
reduction_cell_1/comb_iter_4/left/separable_3x3_2/separable_conv2d,OpenCL,7317.4,7317.4,1.0
reduction_cell_1/comb_iter_4/right/MaxPool2D/MaxPool,OpenCL,1957.7,1957.7,1.0
reduction_cell_1/comb_iter_4/left/bn_sep_3x3_2/FusedBatchNormV3___tr4reduction_cell_1/comb_iter_4/combine/add,OpenCL,998.6666666666666,1032.9,1.0342790387182912
reduction_cell_1/comb_iter_4/right/MaxPool2D/MaxPool___tr4reduction_cell_1/comb_iter_4/combine/add,OpenCL,1014.1111111111112,1042.3,1.0277966473101785
reduction_cell_1/comb_iter_4/combine/add,OpenCL,1141.0,1141.0,1.0
reduction_cell_1/cell_output/concat,OpenCL,7992.5,7992.5,1.0
cell_13/Relu,OpenCL,2310.9,2310.9,1.0
cell_13/Relu___tr4cell_13/prev_1x1/Conv2D,OpenCL,2320.1,2320.1,1.0
cell_13/prev_1x1/Conv2D,OpenCL,26490.4,26490.4,1.0
cell_12/Relu,OpenCL,5010.6,5010.6,1.0
cell_12/AvgPool2D,OpenCL,2026.7,2026.7,1.0
cell_12/path1_conv/Conv2D,OpenCL,10377.8,10377.8,1.0
cell_12/Pad/paddings,CPU,0.0,2.0,0
cell_12/Pad_Gather_Index,CPU,0.0,1.4,0
cell_12/Pad_Gather,CPU,0.0,1.0,0
cell_12/Pad,CPU,3146.7,10107.8,3.2121905488289317
cell_12/strided_slice/stack,CPU,0.0,1.6,0
cell_12/strided_slice/stack_1,CPU,0.0,1.7,0
cell_12/strided_slice/stack_2,CPU,0.0,1.3,0
cell_12/Pad___tr4cell_12/strided_slice,OpenCL,11583.3,11583.3,1.0
cell_12/strided_slice,CPU,2122.1,12651.3,5.9616888930776115
cell_12/strided_slice___tr4cell_12/AvgPool2D_1,OpenCL,12711.4,12711.4,1.0
cell_12/AvgPool2D_1,OpenCL,1968.3333333333333,2455.9,1.2477053344623201
cell_12/path2_conv/Conv2D,OpenCL,10406.2,10406.2,1.0
cell_12/concat,OpenCL,1259.8333333333333,1624.7,1.2896150284429158
cell_12/final_path_bn/FusedBatchNormV3,OpenCL,1295.0,1295.0,1.0
cell_12/Relu_1,OpenCL,2297.3,2297.3,1.0
cell_12/Relu_1___tr4cell_12/1x1/Conv2D,OpenCL,2286.5,2286.5,1.0
cell_12/1x1/Conv2D,OpenCL,26578.2,26578.2,1.0
cell_12/comb_iter_0/left/Relu,OpenCL,853.375,924.9,1.0838142668814998
cell_12/comb_iter_0/left/separable_5x5_1/separable_conv2d/depthwise,OpenCL,1684.2,1684.2,1.0
cell_12/comb_iter_0/left/separable_5x5_1/separable_conv2d,OpenCL,7261.5,7261.5,1.0
cell_12/comb_iter_0/left/separable_5x5_2/separable_conv2d/depthwise,OpenCL,1632.3333333333333,1686.7,1.0333061057790485
cell_12/comb_iter_0/left/separable_5x5_2/separable_conv2d,OpenCL,7232.6,7232.6,1.0
cell_12/comb_iter_0/right/Relu,OpenCL,2055.6,2055.6,1.0
cell_12/comb_iter_0/right/separable_3x3_1/separable_conv2d/depthwise,OpenCL,1349.4444444444443,1392.9,1.032202552490737
cell_12/comb_iter_0/right/separable_3x3_1/separable_conv2d,OpenCL,7611.2,7611.2,1.0
cell_12/comb_iter_0/right/separable_3x3_2/separable_conv2d/depthwise,OpenCL,1405.0,1405.0,1.0
cell_12/comb_iter_0/right/separable_3x3_2/separable_conv2d,OpenCL,7254.9,7254.9,1.0
cell_12/comb_iter_0/combine/add,OpenCL,1108.2,1108.2,1.0
cell_12/comb_iter_1/left/Relu,OpenCL,727.8333333333334,851.6,1.1700480879322188
cell_12/comb_iter_1/left/separable_5x5_1/separable_conv2d/depthwise,OpenCL,1676.3,1676.3,1.0
cell_12/comb_iter_1/left/separable_5x5_1/separable_conv2d,OpenCL,7317.1,7317.1,1.0
cell_12/comb_iter_1/left/separable_5x5_2/separable_conv2d/depthwise,OpenCL,1655.2,1655.2,1.0
cell_12/comb_iter_1/left/separable_5x5_2/separable_conv2d,OpenCL,7352.1,7352.1,1.0
cell_12/comb_iter_1/right/Relu,OpenCL,977.25,1036.6,1.0607316449219748
cell_12/comb_iter_1/right/separable_3x3_1/separable_conv2d/depthwise,OpenCL,1277.3333333333333,1307.8,1.0238517745302713
cell_12/comb_iter_1/right/separable_3x3_1/separable_conv2d,OpenCL,7338.2,7338.2,1.0
cell_12/comb_iter_1/right/separable_3x3_2/separable_conv2d/depthwise,OpenCL,1314.7777777777778,1378.0,1.0480858615735653
cell_12/comb_iter_1/right/separable_3x3_2/separable_conv2d,OpenCL,7275.8,7275.8,1.0
cell_12/comb_iter_1/combine/add,OpenCL,1241.1,1241.1,1.0
cell_12/comb_iter_2/left/AvgPool2D/AvgPool,OpenCL,1828.1,1828.1,1.0
cell_12/comb_iter_2/left/AvgPool2D/AvgPool___tr4cell_12/comb_iter_2/combine/add,OpenCL,1066.3333333333333,1094.5,1.0264145045326665
cell_12/final_path_bn/FusedBatchNormV3___tr4cell_12/comb_iter_2/combine/add,OpenCL,1045.888888888889,1073.6,1.0264952724954848
cell_12/comb_iter_2/combine/add,OpenCL,1075.4444444444443,1100.1,1.0229259220993905
cell_12/comb_iter_3/left/AvgPool2D/AvgPool,OpenCL,1747.6,1747.6,1.0
cell_12/comb_iter_3/right/AvgPool2D/AvgPool,OpenCL,1738.8,1738.8,1.0
cell_12/comb_iter_3/left/AvgPool2D/AvgPool___tr4cell_12/comb_iter_3/combine/add,OpenCL,1096.5555555555557,1127.9,1.028584456378559
cell_12/comb_iter_3/right/AvgPool2D/AvgPool___tr4cell_12/comb_iter_3/combine/add,OpenCL,1055.3,1055.3,1.0
cell_12/comb_iter_3/combine/add,OpenCL,1162.3,1162.3,1.0
cell_12/comb_iter_4/left/Relu,OpenCL,894.0,961.8,1.0758389261744965
cell_12/comb_iter_4/left/separable_3x3_1/separable_conv2d/depthwise,OpenCL,1329.9,1329.9,1.0
cell_12/comb_iter_4/left/separable_3x3_1/separable_conv2d,OpenCL,7237.0,7237.0,1.0
cell_12/comb_iter_4/left/separable_3x3_2/separable_conv2d/depthwise,OpenCL,1282.9,1282.9,1.0
cell_12/comb_iter_4/left/separable_3x3_2/separable_conv2d,OpenCL,7310.6,7310.6,1.0
cell_12/comb_iter_4/combine/add,OpenCL,1124.9,1124.9,1.0
cell_12/comb_iter_2/combine/add___tr4cell_12/cell_output/concat,OpenCL,1080.9,1080.9,1.0
cell_12/comb_iter_3/combine/add___tr4cell_12/cell_output/concat,OpenCL,1046.0,1077.5,1.030114722753346
cell_12/cell_output/concat,OpenCL,2510.6,2510.6,1.0
cell_13/Relu_1,OpenCL,2965.3,2965.3,1.0
cell_13/1x1/Conv2D,OpenCL,39371.5,39371.5,1.0
cell_13/comb_iter_0/left/Relu,OpenCL,1325.5,1325.5,1.0
cell_13/comb_iter_0/left/separable_5x5_1/separable_conv2d/depthwise,OpenCL,1756.9,1756.9,1.0
cell_13/comb_iter_0/left/separable_5x5_1/separable_conv2d,OpenCL,7223.3,7223.3,1.0
cell_13/comb_iter_0/left/separable_5x5_2/separable_conv2d/depthwise,OpenCL,1645.0,1699.0,1.0328267477203648
cell_13/comb_iter_0/left/separable_5x5_2/separable_conv2d,OpenCL,7176.2,7176.2,1.0
cell_13/comb_iter_0/right/Relu,OpenCL,1012.7000000000002,1012.7,0.9999999999999999
cell_13/comb_iter_0/right/separable_3x3_1/separable_conv2d/depthwise,OpenCL,1292.0,1292.0,1.0
cell_13/comb_iter_0/right/separable_3x3_1/separable_conv2d,OpenCL,7272.5,7272.5,1.0
cell_13/comb_iter_0/right/separable_3x3_2/separable_conv2d/depthwise,OpenCL,1344.4,1344.4,1.0
cell_13/comb_iter_0/right/separable_3x3_2/separable_conv2d,OpenCL,7238.9,7238.9,1.0
cell_13/comb_iter_0/combine/add,OpenCL,1109.888888888889,1136.8,1.0242466713384724
cell_13/comb_iter_1/left/Relu,OpenCL,975.75,1037.1,1.0628747117601844
cell_13/comb_iter_1/left/separable_5x5_1/separable_conv2d/depthwise,OpenCL,1668.1,1668.1,1.0
cell_13/comb_iter_1/left/separable_5x5_1/separable_conv2d,OpenCL,7167.6,7167.6,1.0
cell_13/comb_iter_1/left/separable_5x5_2/separable_conv2d/depthwise,OpenCL,1667.4,1667.4,1.0
cell_13/comb_iter_1/left/separable_5x5_2/separable_conv2d,OpenCL,7290.5,7290.5,1.0
cell_13/comb_iter_1/right/Relu,OpenCL,974.0,999.0,1.0256673511293635
cell_13/comb_iter_1/right/separable_3x3_1/separable_conv2d/depthwise,OpenCL,1571.75,1689.3,1.074789247653889
cell_13/comb_iter_1/right/separable_3x3_1/separable_conv2d,OpenCL,7521.3,7521.3,1.0
cell_13/comb_iter_1/right/separable_3x3_2/separable_conv2d/depthwise,OpenCL,1393.0,1393.0,1.0
cell_13/comb_iter_1/right/separable_3x3_2/separable_conv2d,OpenCL,7229.0,7229.0,1.0
cell_13/comb_iter_1/combine/add,OpenCL,1081.5,1081.5,1.0
cell_13/comb_iter_2/left/AvgPool2D/AvgPool,OpenCL,1731.6666666666667,1814.6,1.0478922040423484
cell_13/comb_iter_2/left/AvgPool2D/AvgPool___tr4cell_13/comb_iter_2/combine/add,OpenCL,1136.7777777777778,1167.7,1.027201642068224
cell_13/prev_bn/FusedBatchNormV3___tr4cell_13/comb_iter_2/combine/add,OpenCL,813.0,998.8,1.2285362853628536
cell_13/comb_iter_2/combine/add,OpenCL,1199.3,1199.3,1.0
cell_13/comb_iter_3/left/AvgPool2D/AvgPool,OpenCL,1794.5,1794.5,1.0
cell_13/comb_iter_3/right/AvgPool2D/AvgPool,OpenCL,1810.7,1810.7,1.0
cell_13/comb_iter_3/left/AvgPool2D/AvgPool___tr4cell_13/comb_iter_3/combine/add,OpenCL,992.125,1056.4,1.0647851833186344
cell_13/comb_iter_3/right/AvgPool2D/AvgPool___tr4cell_13/comb_iter_3/combine/add,OpenCL,884.8571428571429,999.7,1.1297868905392314
cell_13/comb_iter_3/combine/add,OpenCL,1129.4444444444443,1164.8,1.0313034923757993
cell_13/comb_iter_4/left/Relu,OpenCL,1128.7,1128.7,1.0
cell_13/comb_iter_4/left/separable_3x3_1/separable_conv2d/depthwise,OpenCL,1315.0,1315.0,1.0
cell_13/comb_iter_4/left/separable_3x3_1/separable_conv2d,OpenCL,7271.2,7271.2,1.0
cell_13/comb_iter_4/left/separable_3x3_2/separable_conv2d/depthwise,OpenCL,1354.5555555555557,1391.1,1.0269789188745795
cell_13/comb_iter_4/left/separable_3x3_2/separable_conv2d,OpenCL,7284.0,7284.0,1.0
cell_13/comb_iter_4/combine/add,OpenCL,1129.7777777777778,1156.8,1.0239181746656176
cell_13/comb_iter_2/combine/add___tr4cell_13/cell_output/concat,OpenCL,1090.8,1090.8,1.0
cell_13/comb_iter_3/combine/add___tr4cell_13/cell_output/concat,OpenCL,616.0,784.8,1.274025974025974
cell_13/cell_output/concat,OpenCL,2562.777777777778,2640.7,1.0304053761109906
cell_15/Relu,OpenCL,2981.6,2981.6,1.0
cell_15/prev_1x1/Conv2D,OpenCL,39065.1,39065.1,1.0
cell_14/Relu,OpenCL,3510.8,3510.8,1.0
cell_14/prev_1x1/Conv2D,OpenCL,39507.1,39507.1,1.0
cell_14/Relu_1,OpenCL,3207.6,3207.6,1.0
cell_14/1x1/Conv2D,OpenCL,39449.0,39449.0,1.0
cell_14/comb_iter_0/left/Relu,OpenCL,1245.1,1245.1,1.0
cell_14/comb_iter_0/left/separable_5x5_1/separable_conv2d/depthwise,OpenCL,1833.3,1833.3,1.0
cell_14/comb_iter_0/left/separable_5x5_1/separable_conv2d,OpenCL,7297.3,7297.3,1.0
cell_14/comb_iter_0/left/separable_5x5_2/separable_conv2d/depthwise,OpenCL,1646.625,1770.8,1.0754118272223487
cell_14/comb_iter_0/left/separable_5x5_2/separable_conv2d,OpenCL,7268.1,7268.1,1.0
cell_14/comb_iter_0/right/Relu,OpenCL,1089.7,1089.7,1.0
cell_14/comb_iter_0/right/separable_3x3_1/separable_conv2d/depthwise,OpenCL,1300.0,1300.0,1.0
cell_14/comb_iter_0/right/separable_3x3_1/separable_conv2d,OpenCL,7282.7,7282.7,1.0
cell_14/comb_iter_0/right/separable_3x3_2/separable_conv2d/depthwise,OpenCL,1282.8,1282.8,1.0
cell_14/comb_iter_0/right/separable_3x3_2/separable_conv2d,OpenCL,7188.6,7188.6,1.0
cell_14/comb_iter_0/combine/add,OpenCL,1074.4444444444443,1104.9,1.028345398138573
cell_14/comb_iter_1/left/Relu,OpenCL,971.4444444444445,1002.9,1.0323801898661786
cell_14/comb_iter_1/left/separable_5x5_1/separable_conv2d/depthwise,OpenCL,1658.8,1658.8,1.0
cell_14/comb_iter_1/left/separable_5x5_1/separable_conv2d,OpenCL,7094.5,7094.5,1.0
cell_14/comb_iter_1/left/separable_5x5_2/separable_conv2d/depthwise,OpenCL,1606.5,1606.5,1.0
cell_14/comb_iter_1/left/separable_5x5_2/separable_conv2d,OpenCL,7099.4,7099.4,1.0
cell_14/comb_iter_1/right/Relu,OpenCL,982.2222222222222,1040.0,1.0588235294117647
cell_14/comb_iter_1/right/separable_3x3_1/separable_conv2d/depthwise,OpenCL,1280.3333333333333,1361.0,1.0630044259307472
cell_14/comb_iter_1/right/separable_3x3_1/separable_conv2d,OpenCL,7556.5,7556.5,1.0
cell_14/comb_iter_1/right/separable_3x3_2/separable_conv2d/depthwise,OpenCL,1330.111111111111,1414.9,1.0637457188204829
cell_14/comb_iter_1/right/separable_3x3_2/separable_conv2d,OpenCL,7189.8,7189.8,1.0
cell_14/comb_iter_1/combine/add,OpenCL,1096.5555555555557,1130.2,1.0306819333265782
cell_14/comb_iter_2/left/AvgPool2D/AvgPool,OpenCL,1727.6,1727.6,1.0
cell_14/comb_iter_2/left/AvgPool2D/AvgPool___tr4cell_14/comb_iter_2/combine/add,OpenCL,1005.6,1005.6,1.0
cell_14/prev_bn/FusedBatchNormV3___tr4cell_14/comb_iter_2/combine/add,OpenCL,610.6,826.6,1.3537504094333443
cell_14/comb_iter_2/combine/add,OpenCL,1095.0,1121.8,1.0244748858447488
cell_14/comb_iter_3/left/AvgPool2D/AvgPool,OpenCL,1734.1,1734.1,1.0
cell_14/comb_iter_3/right/AvgPool2D/AvgPool,OpenCL,1706.4,1706.4,1.0
cell_14/comb_iter_3/left/AvgPool2D/AvgPool___tr4cell_14/comb_iter_3/combine/add,OpenCL,1034.0,1034.0,1.0
cell_14/comb_iter_3/right/AvgPool2D/AvgPool___tr4cell_14/comb_iter_3/combine/add,OpenCL,929.3333333333334,975.3,1.0494619799139167
cell_14/comb_iter_3/combine/add,OpenCL,984.75,1045.7,1.0618938816958619
cell_14/comb_iter_4/left/Relu,OpenCL,1018.6666666666666,1054.6,1.0352748691099476
cell_14/comb_iter_4/left/separable_3x3_1/separable_conv2d/depthwise,OpenCL,1286.7,1286.7,1.0
cell_14/comb_iter_4/left/separable_3x3_1/separable_conv2d,OpenCL,7181.8,7181.8,1.0
cell_14/comb_iter_4/left/separable_3x3_2/separable_conv2d/depthwise,OpenCL,1224.3333333333333,1254.4,1.0245575823577457
cell_14/comb_iter_4/left/separable_3x3_2/separable_conv2d,OpenCL,7168.8,7168.8,1.0
cell_14/comb_iter_4/combine/add,OpenCL,985.2222222222222,1026.5,1.0418969211683773
cell_14/comb_iter_2/combine/add___tr4cell_14/cell_output/concat,OpenCL,917.8888888888889,952.3,1.0374894080619779
cell_14/comb_iter_3/combine/add___tr4cell_14/cell_output/concat,OpenCL,894.7777777777778,915.2,1.0228237923755121
cell_14/cell_output/concat,OpenCL,2393.4,2393.4,1.0
cell_15/Relu_1,OpenCL,2929.222222222222,3010.9,1.0278837765049502
cell_15/1x1/Conv2D,OpenCL,39445.6,39445.6,1.0
cell_15/comb_iter_0/left/Relu,OpenCL,1373.5,1373.5,1.0
cell_15/comb_iter_0/left/separable_5x5_1/separable_conv2d/depthwise,OpenCL,1747.2,1747.2,1.0
cell_15/comb_iter_0/left/separable_5x5_1/separable_conv2d,OpenCL,7205.0,7205.0,1.0
cell_15/comb_iter_0/left/separable_5x5_2/separable_conv2d/depthwise,OpenCL,1655.0,1655.0,1.0
cell_15/comb_iter_0/left/separable_5x5_2/separable_conv2d,OpenCL,7186.5,7186.5,1.0
cell_15/comb_iter_0/right/Relu,OpenCL,916.3333333333334,960.9,1.048635867588214
cell_15/comb_iter_0/right/separable_3x3_1/separable_conv2d/depthwise,OpenCL,1252.0,1252.0,1.0
cell_15/comb_iter_0/right/separable_3x3_1/separable_conv2d,OpenCL,7238.4,7238.4,1.0
cell_15/comb_iter_0/right/separable_3x3_2/separable_conv2d/depthwise,OpenCL,1293.9,1293.9,1.0
cell_15/comb_iter_0/right/separable_3x3_2/separable_conv2d,OpenCL,7204.0,7204.0,1.0
cell_15/comb_iter_0/combine/add,OpenCL,1029.2222222222222,1064.1,1.0338875094461837
cell_15/comb_iter_1/left/Relu,OpenCL,1047.3,1047.3,1.0
cell_15/comb_iter_1/left/separable_5x5_1/separable_conv2d/depthwise,OpenCL,1657.8,1657.8,1.0
cell_15/comb_iter_1/left/separable_5x5_1/separable_conv2d,OpenCL,7159.0,7159.0,1.0
cell_15/comb_iter_1/left/separable_5x5_2/separable_conv2d/depthwise,OpenCL,1640.0,1718.9,1.048109756097561
cell_15/comb_iter_1/left/separable_5x5_2/separable_conv2d,OpenCL,7163.2,7163.2,1.0
cell_15/comb_iter_1/right/Relu,OpenCL,1090.1,1090.1,1.0
cell_15/comb_iter_1/right/separable_3x3_1/separable_conv2d/depthwise,OpenCL,1292.125,1429.0,1.1059301538163877
cell_15/comb_iter_1/right/separable_3x3_1/separable_conv2d,OpenCL,7552.8,7552.8,1.0
cell_15/comb_iter_1/right/separable_3x3_2/separable_conv2d/depthwise,OpenCL,1339.2,1339.2,1.0
cell_15/comb_iter_1/right/separable_3x3_2/separable_conv2d,OpenCL,7203.5,7203.5,1.0
cell_15/comb_iter_1/combine/add,OpenCL,1091.3,1091.3,1.0
cell_15/comb_iter_2/left/AvgPool2D/AvgPool,OpenCL,1675.2222222222222,1713.8,1.0230284539364596
cell_15/comb_iter_2/left/AvgPool2D/AvgPool___tr4cell_15/comb_iter_2/combine/add,OpenCL,1042.6,1042.6,1.0
cell_15/prev_bn/FusedBatchNormV3___tr4cell_15/comb_iter_2/combine/add,OpenCL,924.3333333333334,949.7,1.0274432023079698
cell_15/comb_iter_2/combine/add,OpenCL,1035.9,1035.9,1.0
cell_15/comb_iter_3/left/AvgPool2D/AvgPool,OpenCL,1718.4,1718.4,1.0
cell_15/comb_iter_3/right/AvgPool2D/AvgPool,OpenCL,1737.6,1737.6,1.0
cell_15/comb_iter_3/left/AvgPool2D/AvgPool___tr4cell_15/comb_iter_3/combine/add,OpenCL,990.5555555555555,1023.1,1.0328547392035894
cell_15/comb_iter_3/right/AvgPool2D/AvgPool___tr4cell_15/comb_iter_3/combine/add,OpenCL,945.0,979.6,1.0366137566137565
cell_15/comb_iter_3/combine/add,OpenCL,1054.7777777777778,1079.9,1.0238175497735174
cell_15/comb_iter_4/left/Relu,OpenCL,633.3333333333334,802.0,1.266315789473684
cell_15/comb_iter_4/left/separable_3x3_1/separable_conv2d/depthwise,OpenCL,1297.6666666666667,1351.0,1.0410994091959926
cell_15/comb_iter_4/left/separable_3x3_1/separable_conv2d,OpenCL,7255.1,7255.1,1.0
cell_15/comb_iter_4/left/separable_3x3_2/separable_conv2d/depthwise,OpenCL,1308.2,1308.2,1.0
cell_15/comb_iter_4/left/separable_3x3_2/separable_conv2d,OpenCL,7276.6,7276.6,1.0
cell_15/comb_iter_4/combine/add,OpenCL,1099.888888888889,1128.8,1.0262854833821597
cell_15/comb_iter_2/combine/add___tr4cell_15/cell_output/concat,OpenCL,843.0,943.9,1.119691577698695
cell_15/comb_iter_3/combine/add___tr4cell_15/cell_output/concat,OpenCL,1052.111111111111,1078.4,1.0249867990284085
cell_15/cell_output/concat,OpenCL,2521.8,2521.8,1.0
cell_17/Relu,OpenCL,3001.1,3001.1,1.0
cell_17/prev_1x1/Conv2D,OpenCL,40938.0,40938.0,1.0
cell_16/Relu,OpenCL,3453.3,3453.3,1.0
cell_16/prev_1x1/Conv2D,OpenCL,40999.9,40999.9,1.0
cell_16/Relu_1,OpenCL,3090.3,3090.3,1.0
cell_16/1x1/Conv2D,OpenCL,41067.3,41067.3,1.0
cell_16/comb_iter_0/left/Relu,OpenCL,1234.4444444444443,1263.8,1.0237803780378039
cell_16/comb_iter_0/left/separable_5x5_1/separable_conv2d/depthwise,OpenCL,1724.4,1724.4,1.0
cell_16/comb_iter_0/left/separable_5x5_1/separable_conv2d,OpenCL,7198.4,7198.4,1.0
cell_16/comb_iter_0/left/separable_5x5_2/separable_conv2d/depthwise,OpenCL,1666.5,1666.5,1.0
cell_16/comb_iter_0/left/separable_5x5_2/separable_conv2d,OpenCL,7144.1,7144.1,1.0
cell_16/comb_iter_0/right/Relu,OpenCL,957.2857142857143,1053.5,1.1005073869571704
cell_16/comb_iter_0/right/separable_3x3_1/separable_conv2d/depthwise,OpenCL,1316.8,1316.8,1.0
cell_16/comb_iter_0/right/separable_3x3_1/separable_conv2d,OpenCL,7199.8,7199.8,1.0
cell_16/comb_iter_0/right/separable_3x3_2/separable_conv2d/depthwise,OpenCL,1347.7,1347.7,1.0
cell_16/comb_iter_0/right/separable_3x3_2/separable_conv2d,OpenCL,7182.8,7182.8,1.0
cell_16/comb_iter_0/combine/add,OpenCL,1055.7777777777778,1082.9,1.025689328562408
cell_16/comb_iter_1/left/Relu,OpenCL,914.0,1025.1,1.1215536105032822
cell_16/comb_iter_1/left/separable_5x5_1/separable_conv2d/depthwise,OpenCL,1678.0,1678.0,1.0
cell_16/comb_iter_1/left/separable_5x5_1/separable_conv2d,OpenCL,7165.6,7165.6,1.0
cell_16/comb_iter_1/left/separable_5x5_2/separable_conv2d/depthwise,OpenCL,1692.0,1692.0,1.0
cell_16/comb_iter_1/left/separable_5x5_2/separable_conv2d,OpenCL,7290.3,7290.3,1.0
cell_16/comb_iter_1/right/Relu,OpenCL,1138.6666666666667,1172.3,1.0295374707259952
cell_16/comb_iter_1/right/separable_3x3_1/separable_conv2d/depthwise,OpenCL,1384.5555555555557,1418.5,1.0245164914533342
cell_16/comb_iter_1/right/separable_3x3_1/separable_conv2d,OpenCL,7408.2,7408.2,1.0
cell_16/comb_iter_1/right/separable_3x3_2/separable_conv2d/depthwise,OpenCL,1365.0,1448.5,1.0611721611721612
cell_16/comb_iter_1/right/separable_3x3_2/separable_conv2d,OpenCL,7284.0,7284.0,1.0
cell_16/comb_iter_1/combine/add,OpenCL,1133.2222222222222,1159.2,1.0229238160603982
cell_16/comb_iter_2/left/AvgPool2D/AvgPool,OpenCL,1754.3,1754.3,1.0
cell_16/comb_iter_2/left/AvgPool2D/AvgPool___tr4cell_16/comb_iter_2/combine/add,OpenCL,1013.7777777777779,1045.8,1.031587023235423
cell_16/prev_bn/FusedBatchNormV3___tr4cell_16/comb_iter_2/combine/add,OpenCL,1039.125,1106.2,1.064549500781908
cell_16/comb_iter_2/combine/add,OpenCL,1136.111111111111,1172.4,1.0319413202933987
cell_16/comb_iter_3/left/AvgPool2D/AvgPool,OpenCL,1812.1,1812.1,1.0
cell_16/comb_iter_3/right/AvgPool2D/AvgPool,OpenCL,1801.3,1801.3,1.0
cell_16/comb_iter_3/left/AvgPool2D/AvgPool___tr4cell_16/comb_iter_3/combine/add,OpenCL,1141.6,1141.6,1.0
cell_16/comb_iter_3/right/AvgPool2D/AvgPool___tr4cell_16/comb_iter_3/combine/add,OpenCL,965.625,1025.0,1.0614886731391586
cell_16/comb_iter_3/combine/add,OpenCL,1136.2,1136.2,1.0
cell_16/comb_iter_4/left/Relu,OpenCL,915.7142857142857,1016.6,1.1101716068642746
cell_16/comb_iter_4/left/separable_3x3_1/separable_conv2d/depthwise,OpenCL,1317.5,1317.5,1.0
cell_16/comb_iter_4/left/separable_3x3_1/separable_conv2d,OpenCL,7186.1,7186.1,1.0
cell_16/comb_iter_4/left/separable_3x3_2/separable_conv2d/depthwise,OpenCL,1274.875,1441.5,1.1306990881458967
cell_16/comb_iter_4/left/separable_3x3_2/separable_conv2d,OpenCL,7201.2,7201.2,1.0
cell_16/comb_iter_4/combine/add,OpenCL,1081.4444444444443,1114.1,1.0301962395972466
cell_16/comb_iter_2/combine/add___tr4cell_16/cell_output/concat,OpenCL,860.7142857142857,985.7,1.1452116182572616
cell_16/comb_iter_3/combine/add___tr4cell_16/cell_output/concat,OpenCL,841.625,936.4,1.1126095351255012
cell_16/cell_output/concat,OpenCL,2547.5,2547.5,1.0
cell_17/Relu_1,OpenCL,2972.4,2972.4,1.0
cell_17/1x1/Conv2D,OpenCL,41036.8,41036.8,1.0
cell_17/comb_iter_0/left/Relu,OpenCL,1046.142857142857,1185.8,1.1334972006008466
cell_17/comb_iter_0/left/separable_5x5_1/separable_conv2d/depthwise,OpenCL,1770.2,1770.2,1.0
cell_17/comb_iter_0/left/separable_5x5_1/separable_conv2d,OpenCL,7247.8,7247.8,1.0
cell_17/comb_iter_0/left/separable_5x5_2/separable_conv2d/depthwise,OpenCL,1777.111111111111,1821.5,1.0249781167937977
cell_17/comb_iter_0/left/separable_5x5_2/separable_conv2d,OpenCL,7349.5,7349.5,1.0
cell_17/comb_iter_0/right/Relu,OpenCL,1172.7,1172.7,1.0
cell_17/comb_iter_0/right/separable_3x3_1/separable_conv2d/depthwise,OpenCL,1381.5,1381.5,1.0
cell_17/comb_iter_0/right/separable_3x3_1/separable_conv2d,OpenCL,7240.7,7240.7,1.0
cell_17/comb_iter_0/right/separable_3x3_2/separable_conv2d/depthwise,OpenCL,1367.4,1367.4,1.0
cell_17/comb_iter_0/right/separable_3x3_2/separable_conv2d,OpenCL,7233.0,7233.0,1.0
cell_17/comb_iter_0/combine/add,OpenCL,1180.5,1180.5,1.0
cell_17/comb_iter_1/left/Relu,OpenCL,598.5,782.8,1.307936507936508
cell_17/comb_iter_1/left/separable_5x5_1/separable_conv2d/depthwise,OpenCL,1700.6,1700.6,1.0
cell_17/comb_iter_1/left/separable_5x5_1/separable_conv2d,OpenCL,7235.3,7235.3,1.0
cell_17/comb_iter_1/left/separable_5x5_2/separable_conv2d/depthwise,OpenCL,1748.1,1748.1,1.0
cell_17/comb_iter_1/left/separable_5x5_2/separable_conv2d,OpenCL,7305.3,7305.3,1.0
cell_17/comb_iter_1/right/Relu,OpenCL,1133.6,1133.6,1.0
cell_17/comb_iter_1/right/separable_3x3_1/separable_conv2d/depthwise,OpenCL,1377.8,1377.8,1.0
cell_17/comb_iter_1/right/separable_3x3_1/separable_conv2d,OpenCL,7395.0,7395.0,1.0
cell_17/comb_iter_1/right/separable_3x3_2/separable_conv2d/depthwise,OpenCL,1397.2,1397.2,1.0
cell_17/comb_iter_1/right/separable_3x3_2/separable_conv2d,OpenCL,7272.2,7272.2,1.0
cell_17/comb_iter_1/combine/add,OpenCL,1233.3,1233.3,1.0
cell_17/comb_iter_2/left/AvgPool2D/AvgPool,OpenCL,1833.3,1833.3,1.0
cell_17/comb_iter_2/left/AvgPool2D/AvgPool___tr4cell_17/comb_iter_2/combine/add,OpenCL,1157.9,1157.9,1.0
cell_17/prev_bn/FusedBatchNormV3___tr4cell_17/comb_iter_2/combine/add,OpenCL,836.5,1005.3,1.2017931858936042
cell_17/comb_iter_2/combine/add,OpenCL,1245.1,1245.1,1.0
cell_17/comb_iter_3/left/AvgPool2D/AvgPool,OpenCL,1808.8,1808.8,1.0
cell_17/comb_iter_3/right/AvgPool2D/AvgPool,OpenCL,1863.5,1863.5,1.0
cell_17/comb_iter_3/left/AvgPool2D/AvgPool___tr4cell_17/comb_iter_3/combine/add,OpenCL,1124.3,1124.3,1.0
cell_17/comb_iter_3/right/AvgPool2D/AvgPool___tr4cell_17/comb_iter_3/combine/add,OpenCL,1150.4,1150.4,1.0
cell_17/comb_iter_3/combine/add,OpenCL,1112.111111111111,1138.8,1.0239984014387051
cell_17/comb_iter_4/left/Relu,OpenCL,891.7142857142857,1013.6,1.1366869593079143
cell_17/comb_iter_4/left/separable_3x3_1/separable_conv2d/depthwise,OpenCL,1357.8,1357.8,1.0
cell_17/comb_iter_4/left/separable_3x3_1/separable_conv2d,OpenCL,7252.8,7252.8,1.0
cell_17/comb_iter_4/left/separable_3x3_2/separable_conv2d/depthwise,OpenCL,1372.875,1504.9,1.0961668032413732
cell_17/comb_iter_4/left/separable_3x3_2/separable_conv2d,OpenCL,7293.3,7293.3,1.0
cell_17/comb_iter_4/combine/add,OpenCL,1194.111111111111,1222.8,1.0240253093886666
cell_17/comb_iter_2/combine/add___tr4cell_17/cell_output/concat,OpenCL,897.7142857142857,1016.4,1.1322087842138766
cell_17/comb_iter_3/combine/add___tr4cell_17/cell_output/concat,OpenCL,860.875,940.6,1.0926092638304052
cell_17/cell_output/concat,OpenCL,2503.6,2503.6,1.0
final_layer/Relu,CPU,887.9,5241.1,5.902804369861472
final_layer/Mean/reduction_indices,CPU,1.0,2.2,2.2
final_layer/Relu___tr4final_layer/Mean,OpenCL,7342.6,7342.6,1.0
final_layer/Mean,CPU,4436.0,13274.7,2.9924932371505863
final_layer/FC/weights,CPU,0.0,1.1,0
final_layer/FC/MatMul,CPU,24740.0,43181.0,1.745392077607114
final_layer/FC/biases,CPU,0.0,1.0,0
final_layer/FC/BiasAdd,OpenCL,906.2222222222222,1410.8,1.5567925453653753
final_layer/predictions,OpenCL,1964.7777777777778,2410.2,1.2267036136402194
