cell_stem_1/Pad/paddings,CPU,1.0,0.2,0.2
cell_stem_1/strided_slice/stack,CPU,0.0,0.4,0
cell_stem_1/strided_slice/stack_1,CPU,0.0,0.4,0
cell_stem_1/strided_slice/stack_2,CPU,0.0,0.1,0
cell_0/Pad/paddings,CPU,0.0,0.1,0
cell_0/strided_slice/stack,CPU,0.0,0.3,0
cell_0/strided_slice/stack_1,CPU,0.0,0.3,0
cell_0/strided_slice/stack_2,CPU,0.0,0.2,0
cell_4/Pad/paddings,CPU,0.0,0.4,0
cell_4/strided_slice/stack,CPU,0.0,0.4,0
cell_4/strided_slice/stack_1,CPU,0.0,0.2,0
cell_4/strided_slice/stack_2,CPU,0.0,0.4,0
cell_7/Pad/paddings,CPU,0.0,0.1,0
cell_7/strided_slice/stack,CPU,0.0,0.3,0
cell_7/strided_slice/stack_1,CPU,0.0,0.1,0
cell_7/strided_slice/stack_2,CPU,0.0,0.1,0
final_layer/FC/weights,CPU,0.0,0.2,0
final_layer/FC/biases,CPU,0.0,0.2,0
conv0/Conv2D,CPU,1341.4444444444443,1567.6,1.1685910709848422
cell_stem_0/Relu,CPU,255.77777777777777,400.1,1.5642484795829714
cell_stem_0/comb_iter_0/left/Relu,OpenCL,360.6666666666667,1192.2,3.3055452865064696
cell_stem_0/comb_iter_0/right/MaxPool2D/MaxPool,OpenCL,424.375,1063.5,2.506038291605302
cell_stem_0/comb_iter_4/left/Relu,OpenCL,311.625,888.0,2.849578820697954
cell_stem_1/Relu,OpenCL,334.7142857142857,1256.4,3.7536491677336747
cell_stem_0/1x1/Conv2D,CPU,1072.5,1223.2,1.1405128205128205
cell_stem_0/comb_iter_0/left/separable_5x5_1/separable_conv2d/depthwise,CPU,506.70000000000005,560.3,1.105782514308269
cell_stem_0/comb_iter_0/right/1x1/Conv2D,OpenCL,423.75,694.3,1.6384660766961652
cell_stem_0/comb_iter_4/left/separable_3x3_1/separable_conv2d/depthwise,OpenCL,912.1,2343.4,2.5692358294046707
cell_stem_1/AvgPool,OpenCL,336.8333333333333,722.1,2.1437902028698668
cell_stem_1/Pad_Gather_Index,CPU,0.9,0.4,0.4444444444444445
cell_stem_1/Pad_Gather,CPU,0.9,0.3,0.3333333333333333
cell_stem_1/Pad,CPU,486.75,759.3,1.5599383667180275
cell_stem_0/comb_iter_0/left/separable_5x5_1/separable_conv2d,CPU,276.1111111111111,204.5,0.7406438631790745
cell_stem_0/comb_iter_4/left/separable_3x3_1/separable_conv2d,OpenCL,493.77777777777777,142.7,0.288996399639964
cell_stem_1/path1_conv/Conv2D,CPU,248.55555555555554,255.5,1.027939204291462
cell_stem_1/Pad___tr4cell_stem_1/strided_slice,CPU,433.42857142857144,509.1,1.1745880026367832
cell_stem_1/strided_slice,CPU,612.8,611.7,0.9982049608355092
cell_stem_0/split,CPU,143.77777777777777,147.6,1.0265842349304481
cell_stem_1/strided_slice___tr4cell_stem_1/AvgPool_1,CPU,655.3,794.1,1.2118113840988862
cell_stem_1/AvgPool_1,CPU,218.66666666666666,278.8,1.2750000000000001
cell_stem_0/comb_iter_1/left/Relu,OpenCL,524.9,1110.3,2.1152600495332443
cell_stem_0/comb_iter_1/right/MaxPool2D/MaxPool,CPU,220.75,267.7,1.2126840317100793
cell_stem_0/comb_iter_2/left/Relu,CPU,103.11111111111111,180.2,1.7476293103448275
cell_stem_0/comb_iter_2/right/Relu,CPU,125.3,158.3,1.263367916999202
cell_stem_0/comb_iter_3/right/MaxPool2D/MaxPool,CPU,199.0,167.0,0.8391959798994975
cell_stem_0/comb_iter_4/right/Relu,CPU,96.2,173.0,1.7983367983367984
cell_stem_1/path2_conv/Conv2D,CPU,265.4,282.4,1.0640542577241898
cell_stem_0/comb_iter_1/left/separable_7x7_1/separable_conv2d/depthwise,CPU,378.0,398.4,1.053968253968254
cell_stem_0/comb_iter_2/left/separable_5x5_1/separable_conv2d/depthwise,CPU,255.1,288.2,1.1297530380243042
cell_stem_0/comb_iter_2/right/separable_3x3_1/separable_conv2d/depthwise,CPU,190.8,242.6,1.271488469601677
cell_stem_0/comb_iter_4/right/1x1/Conv2D,CPU,301.9,330.5,1.0947333554157006
cell_stem_0/comb_iter_0/left/separable_5x5_2/separable_conv2d/depthwise,CPU,165.9,167.8,1.0114526823387584
cell_stem_0/comb_iter_4/left/separable_3x3_2/separable_conv2d/depthwise,OpenCL,475.3333333333333,1046.5,2.2016129032258065
cell_stem_1/concat,CPU,170.3,216.1,1.2689371697005283
cell_stem_0/comb_iter_1/left/separable_7x7_1/separable_conv2d,CPU,112.8,105.6,0.9361702127659575
cell_stem_0/comb_iter_2/left/separable_5x5_1/separable_conv2d,CPU,105.4,111.3,1.055977229601518
cell_stem_0/comb_iter_2/right/separable_3x3_1/separable_conv2d,CPU,99.1,96.4,0.9727547931382443
cell_stem_0/comb_iter_0/left/separable_5x5_2/separable_conv2d,CPU,95.1,97.7,1.0273396424815984
cell_stem_0/comb_iter_4/left/separable_3x3_2/separable_conv2d,OpenCL,328.0,1009.2,3.076829268292683
cell_stem_1/final_path_bn/FusedBatchNorm,CPU,66.1,80.8,1.2223903177004538
cell_stem_1/comb_iter_0/left/Relu,CPU,52.3,72.3,1.3824091778202676
cell_stem_1/comb_iter_0/right/MaxPool2D/MaxPool,CPU,77.0,103.8,1.348051948051948
cell_stem_1/comb_iter_4/left/Relu,CPU,40.5,52.2,1.288888888888889
cell_stem_0/comb_iter_0/combine/add,CPU,50.77777777777778,96.5,1.900437636761488
cell_stem_0/comb_iter_4/combine/add,CPU,39.2,66.9,1.7066326530612246
cell_stem_1/comb_iter_0/left/separable_5x5_1/separable_conv2d/depthwise,CPU,137.8,137.9,1.0007256894049346
cell_stem_1/comb_iter_4/left/separable_3x3_1/separable_conv2d/depthwise,CPU,100.1,82.2,0.8211788211788212
cell_stem_0/comb_iter_1/left/separable_7x7_2/separable_conv2d/depthwise,CPU,289.4,276.3,0.9547339322736698
cell_stem_0/comb_iter_2/left/separable_5x5_2/separable_conv2d/depthwise,CPU,166.2,156.9,0.9440433212996391
cell_stem_0/comb_iter_2/right/separable_3x3_2/separable_conv2d/depthwise,CPU,74.2,85.0,1.1455525606469001
cell_stem_1/comb_iter_0/left/separable_5x5_1/separable_conv2d,CPU,67.0,60.8,0.9074626865671641
cell_stem_1/comb_iter_4/left/separable_3x3_1/separable_conv2d,CPU,61.3,56.5,0.9216965742251224
cell_stem_0/comb_iter_1/left/separable_7x7_2/separable_conv2d,CPU,80.8,130.6,1.6163366336633662
cell_stem_0/comb_iter_2/left/separable_5x5_2/separable_conv2d,CPU,85.6,99.2,1.1588785046728973
cell_stem_0/comb_iter_2/right/separable_3x3_2/separable_conv2d,CPU,82.7,107.4,1.2986698911729142
cell_stem_0/comb_iter_1/left/bn_sep_7x7_2/FusedBatchNorm___tr4cell_stem_0/comb_iter_1/combine/add,CPU,43.4,73.9,1.7027649769585256
cell_stem_0/comb_iter_1/right/MaxPool2D/MaxPool___tr4cell_stem_0/comb_iter_1/combine/add,CPU,40.5,53.9,1.3308641975308642
cell_stem_0/comb_iter_1/combine/add,CPU,23.285714285714285,52.1,2.2374233128834358
cell_stem_0/comb_iter_2/combine/add,CPU,30.714285714285715,33.9,1.1037209302325581
cell_stem_1/comb_iter_0/left/separable_5x5_2/separable_conv2d/depthwise,CPU,89.5,91.5,1.0223463687150838
cell_stem_1/comb_iter_4/left/separable_3x3_2/separable_conv2d/depthwise,CPU,38.5,42.7,1.1090909090909091
cell_stem_0/comb_iter_3/left/Relu,CPU,23.0,28.8,1.2521739130434784
cell_stem_1/comb_iter_0/left/separable_5x5_2/separable_conv2d,OpenCL,301.0,931.6,3.095016611295681
cell_stem_1/comb_iter_4/left/separable_3x3_2/separable_conv2d,CPU,54.3,58.5,1.0773480662983426
cell_stem_0/comb_iter_3/left/separable_3x3_1/separable_conv2d/depthwise,OpenCL,304.77777777777777,1308.0,4.2916514764856
cell_stem_0/comb_iter_3/left/separable_3x3_1/separable_conv2d,OpenCL,296.625,272.1,0.9173198482932997
cell_stem_1/comb_iter_0/left/bn_sep_5x5_2/FusedBatchNorm___tr4cell_stem_1/comb_iter_0/combine/add,OpenCL,273.14285714285717,1192.7,4.366579497907949
cell_stem_1/comb_iter_0/right/MaxPool2D/MaxPool___tr4cell_stem_1/comb_iter_0/combine/add,CPU,22.1,46.2,2.090497737556561
cell_stem_1/comb_iter_0/combine/add,CPU,15.714285714285712,37.6,2.392727272727273
cell_stem_0/comb_iter_3/left/separable_3x3_2/separable_conv2d/depthwise,OpenCL,287.25,669.0,2.328981723237598
cell_stem_0/comb_iter_3/left/separable_3x3_2/separable_conv2d,OpenCL,310.125,1046.0,3.3728335348649736
cell_stem_0/comb_iter_3/left/bn_sep_3x3_2/FusedBatchNorm___tr4cell_stem_0/comb_iter_3/combine/add,CPU,42.4,90.9,2.143867924528302
cell_stem_0/comb_iter_3/right/MaxPool2D/MaxPool___tr4cell_stem_0/comb_iter_3/combine/add,CPU,43.5,76.0,1.7471264367816093
cell_stem_0/comb_iter_3/combine/add,CPU,17.2,64.1,3.7267441860465116
cell_stem_0/comb_iter_1/combine/add___tr4cell_stem_0/cell_output/concat,CPU,59.1,135.7,2.296108291032149
cell_stem_0/comb_iter_3/combine/add___tr4cell_stem_0/cell_output/concat,CPU,50.2,70.1,1.396414342629482
cell_stem_0/cell_output/concat,CPU,454.8,645.5,1.4193051890941073
cell_stem_1/Relu_1,CPU,151.4,180.3,1.190885072655218
cell_0/Relu,OpenCL,306.2,1220.5,3.985956890920967
cell_stem_1/1x1/Conv2D,CPU,772.0,853.6,1.105699481865285
cell_0/AvgPool,OpenCL,324.125,937.6,2.8927111453914387
cell_0/Pad_Gather_Index,CPU,0.0,0.4,0
cell_0/Pad_Gather,CPU,0.0,0.1,0
cell_0/Pad,CPU,317.55555555555554,434.4,1.3679496151154653
cell_0/path1_conv/Conv2D,CPU,189.5,173.5,0.9155672823218998
cell_0/Pad___tr4cell_0/strided_slice,CPU,496.55555555555554,671.2,1.3517117923472814
cell_0/strided_slice,CPU,325.6,300.2,0.9219901719901719
cell_stem_1/split,OpenCL,500.22222222222223,1001.6,2.0023100844069304
cell_0/strided_slice___tr4cell_0/AvgPool_1,CPU,343.22222222222223,468.5,1.3650048559404337
cell_0/AvgPool_1,CPU,82.88888888888889,140.5,1.6950402144772119
cell_stem_1/comb_iter_1/left/Relu,OpenCL,386.375,258.9,0.6700744095761889
cell_stem_1/comb_iter_1/right/MaxPool2D/MaxPool,CPU,85.33333333333333,148.7,1.7425781249999999
cell_stem_1/comb_iter_2/left/Relu,OpenCL,609.4444444444445,271.3,0.4451595259799453
cell_stem_1/comb_iter_2/right/Relu,CPU,47.375,82.4,1.7393139841688656
cell_stem_1/comb_iter_3/right/MaxPool2D/MaxPool,OpenCL,395.75,1161.6,2.93518635502211
cell_stem_1/comb_iter_4/right/Relu,CPU,39.75,61.2,1.539622641509434
cell_0/path2_conv/Conv2D,CPU,190.0,206.1,1.0847368421052632
cell_stem_1/comb_iter_1/left/separable_7x7_1/separable_conv2d/depthwise,OpenCL,619.1111111111111,1372.2,2.216403445800431
cell_stem_1/comb_iter_2/left/separable_5x5_1/separable_conv2d/depthwise,OpenCL,317.3333333333333,1346.4,4.242857142857144
cell_stem_1/comb_iter_2/right/separable_3x3_1/separable_conv2d/depthwise,OpenCL,519.1,1441.3,2.776536312849162
cell_stem_1/comb_iter_4/right/1x1/Conv2D,CPU,170.9,194.0,1.1351667641895846
cell_0/concat,CPU,68.3,97.3,1.424597364568082
cell_stem_1/comb_iter_1/left/separable_7x7_1/separable_conv2d,CPU,69.0,69.0,1.0
cell_stem_1/comb_iter_2/left/separable_5x5_1/separable_conv2d,CPU,63.70000000000001,86.3,1.354788069073783
cell_stem_1/comb_iter_2/right/separable_3x3_1/separable_conv2d,OpenCL,326.1666666666667,941.6,2.8868676545733263
cell_0/final_path_bn/FusedBatchNorm,CPU,19.5,23.8,1.2205128205128206
cell_stem_1/comb_iter_4/combine/add,CPU,20.6,23.3,1.1310679611650485
cell_0/comb_iter_0/left/Relu,CPU,23.8,24.8,1.0420168067226891
cell_0/comb_iter_0/right/MaxPool2D/MaxPool,CPU,111.4,119.4,1.0718132854578097
cell_0/comb_iter_4/left/Relu,CPU,19.0,20.1,1.0578947368421054
cell_0/comb_iter_0/left/separable_5x5_1/separable_conv2d/depthwise,CPU,160.5,154.3,0.9613707165109034
cell_0/comb_iter_4/left/separable_3x3_1/separable_conv2d/depthwise,CPU,65.6,68.8,1.048780487804878
cell_stem_1/comb_iter_1/left/separable_7x7_2/separable_conv2d/depthwise,CPU,169.8,182.7,1.0759717314487631
cell_stem_1/comb_iter_2/left/separable_5x5_2/separable_conv2d/depthwise,OpenCL,354.625,1015.3,2.8630243214663373
cell_stem_1/comb_iter_2/right/separable_3x3_2/separable_conv2d/depthwise,CPU,35.7,57.3,1.6050420168067225
cell_0/comb_iter_0/left/separable_5x5_1/separable_conv2d,CPU,180.3,190.9,1.0587909040488075
cell_0/comb_iter_4/left/separable_3x3_1/separable_conv2d,CPU,188.2,199.1,1.0579171094580233
cell_stem_1/comb_iter_1/left/separable_7x7_2/separable_conv2d,CPU,55.1,74.1,1.3448275862068964
cell_stem_1/comb_iter_2/left/separable_5x5_2/separable_conv2d,OpenCL,321.14285714285717,1329.5,4.139902135231316
cell_stem_1/comb_iter_2/right/separable_3x3_2/separable_conv2d,CPU,53.3,66.6,1.24953095684803
cell_stem_1/comb_iter_1/left/bn_sep_7x7_2/FusedBatchNorm___tr4cell_stem_1/comb_iter_1/combine/add,CPU,23.0,23.5,1.0217391304347827
cell_stem_1/comb_iter_1/right/MaxPool2D/MaxPool___tr4cell_stem_1/comb_iter_1/combine/add,CPU,24.8,32.6,1.314516129032258
cell_stem_1/comb_iter_1/combine/add,CPU,14.9,23.8,1.5973154362416107
cell_stem_1/comb_iter_2/combine/add,CPU,11.5,39.4,3.426086956521739
cell_0/comb_iter_0/left/separable_5x5_2/separable_conv2d/depthwise,CPU,143.4,153.7,1.0718270571827055
cell_0/comb_iter_4/left/separable_3x3_2/separable_conv2d/depthwise,CPU,64.0,68.1,1.0640625
cell_stem_1/comb_iter_3/left/Relu,CPU,10.1,14.9,1.4752475247524752
cell_0/comb_iter_0/left/separable_5x5_2/separable_conv2d,CPU,179.7,194.0,1.0795770728992766
cell_0/comb_iter_4/left/separable_3x3_2/separable_conv2d,CPU,179.3,195.8,1.0920245398773005
cell_stem_1/comb_iter_3/left/separable_3x3_1/separable_conv2d/depthwise,CPU,38.7,39.8,1.0284237726098189
cell_stem_1/comb_iter_3/left/separable_3x3_1/separable_conv2d,CPU,53.7,65.6,1.2216014897579142
cell_0/comb_iter_0/left/bn_sep_5x5_2/FusedBatchNorm___tr4cell_0/comb_iter_0/combine/add,CPU,37.6,54.3,1.4441489361702127
cell_0/comb_iter_0/right/MaxPool2D/MaxPool___tr4cell_0/comb_iter_0/combine/add,CPU,38.5,54.8,1.4233766233766234
cell_0/comb_iter_0/combine/add,CPU,26.375,38.0,1.4407582938388626
cell_stem_1/comb_iter_3/left/separable_3x3_2/separable_conv2d/depthwise,CPU,36.7,38.0,1.0354223433242506
cell_stem_1/comb_iter_3/left/separable_3x3_2/separable_conv2d,CPU,54.0,53.2,0.9851851851851853
cell_stem_1/comb_iter_3/left/bn_sep_3x3_2/FusedBatchNorm___tr4cell_stem_1/comb_iter_3/combine/add,CPU,28.6,26.4,0.923076923076923
cell_stem_1/comb_iter_3/right/MaxPool2D/MaxPool___tr4cell_stem_1/comb_iter_3/combine/add,CPU,26.9,42.6,1.5836431226765801
cell_stem_1/comb_iter_3/combine/add,CPU,11.5,20.0,1.7391304347826086
cell_stem_1/comb_iter_2/combine/add___tr4cell_stem_1/cell_output/concat,CPU,25.5,33.7,1.3215686274509806
cell_stem_1/comb_iter_4/combine/add___tr4cell_stem_1/cell_output/concat,CPU,26.9,38.5,1.4312267657992566
cell_stem_1/cell_output/concat,CPU,265.1,326.1,1.2301018483591097
cell_0/Relu_1,CPU,46.4,77.4,1.6681034482758623
cell_1/Relu,OpenCL,305.0,1192.0,3.908196721311475
cell_0/Relu_1___tr4cell_0/1x1/Conv2D,CPU,75.4,109.2,1.4482758620689655
cell_0/1x1/Conv2D,OpenCL,531.1111111111111,1062.4,2.000334728033473
cell_1/Relu___tr4cell_1/prev_1x1/Conv2D,OpenCL,312.2857142857143,179.4,0.5744739249771272
cell_1/prev_1x1/Conv2D,OpenCL,514.0,173.2,0.33696498054474705
cell_0/split,CPU,25.4,28.8,1.1338582677165354
cell_1/comb_iter_0/left/Relu,OpenCL,331.0,179.7,0.5429003021148036
cell_1/comb_iter_0/right/MaxPool2D/MaxPool,OpenCL,319.8333333333333,187.8,0.5871808233454925
cell_1/comb_iter_4/left/Relu,OpenCL,285.6666666666667,62.8,0.21983663943990664
cell_0/comb_iter_1/left/Relu,CPU,24.2,28.2,1.1652892561983472
cell_0/comb_iter_1/right/MaxPool2D/MaxPool,CPU,109.9,110.0,1.0009099181073702
cell_0/comb_iter_2/left/Relu,CPU,18.555555555555557,34.1,1.8377245508982034
cell_0/comb_iter_2/right/Relu,CPU,18.6,22.6,1.2150537634408602
cell_0/comb_iter_3/right/MaxPool2D/MaxPool,OpenCL,304.57142857142856,636.2,2.0888367729831145
cell_0/comb_iter_4/left/bn_sep_3x3_2/FusedBatchNorm___tr4cell_0/comb_iter_4/combine/add,CPU,102.8,80.0,0.7782101167315175
cell_0/split___tr4cell_0/comb_iter_4/combine/add,CPU,29.9,45.3,1.5150501672240801
cell_0/comb_iter_4/combine/add,CPU,24.5,32.7,1.3346938775510204
cell_1/comb_iter_0/left/separable_5x5_1/separable_conv2d/depthwise,OpenCL,304.5,1278.1,4.197372742200328
cell_1/comb_iter_4/left/separable_3x3_1/separable_conv2d/depthwise,OpenCL,299.875,705.2,2.3516465193830762
cell_0/comb_iter_1/left/separable_7x7_1/separable_conv2d/depthwise,CPU,301.6,297.8,0.9874005305039787
cell_0/comb_iter_2/left/separable_5x5_1/separable_conv2d/depthwise,CPU,167.7,170.0,1.0137149672033394
cell_0/comb_iter_2/right/separable_3x3_1/separable_conv2d/depthwise,OpenCL,303.55555555555554,774.9,2.5527452415812593
cell_1/comb_iter_0/left/separable_5x5_1/separable_conv2d,OpenCL,306.9,288.1,0.9387422613229066
cell_1/comb_iter_4/left/separable_3x3_1/separable_conv2d,OpenCL,290.44444444444446,290.1,0.9988140780413161
cell_0/comb_iter_1/left/separable_7x7_1/separable_conv2d,OpenCL,298.5,1014.2,3.3976549413735344
cell_0/comb_iter_2/left/separable_5x5_1/separable_conv2d,CPU,186.5,186.4,0.9994638069705094
cell_0/comb_iter_2/right/separable_3x3_1/separable_conv2d,OpenCL,298.7,476.6,1.5955808503515234
cell_1/comb_iter_0/left/separable_5x5_2/separable_conv2d/depthwise,OpenCL,299.8,1261.8,4.208805870580386
cell_1/comb_iter_4/left/separable_3x3_2/separable_conv2d/depthwise,OpenCL,312.0,1180.6,3.783974358974359
cell_0/comb_iter_1/left/separable_7x7_2/separable_conv2d/depthwise,OpenCL,467.8,620.1,1.3255664814023087
cell_0/comb_iter_2/left/separable_5x5_2/separable_conv2d/depthwise,OpenCL,301.2,1256.5,4.171646746347942
cell_0/comb_iter_2/right/separable_3x3_2/separable_conv2d/depthwise,CPU,63.1,95.1,1.507131537242472
cell_1/comb_iter_0/left/separable_5x5_2/separable_conv2d,OpenCL,302.6666666666667,1258.1,4.156718061674008
cell_1/comb_iter_4/left/separable_3x3_2/separable_conv2d,OpenCL,293.6666666666667,136.4,0.464472190692395
cell_0/comb_iter_1/left/separable_7x7_2/separable_conv2d,OpenCL,293.8888888888889,122.4,0.41648393194706995
cell_0/comb_iter_2/left/separable_5x5_2/separable_conv2d,OpenCL,295.6666666666667,504.5,1.706313416009019
cell_0/comb_iter_2/right/separable_3x3_2/separable_conv2d,CPU,190.0,189.4,0.996842105263158
cell_1/comb_iter_0/left/bn_sep_5x5_2/FusedBatchNorm___tr4cell_1/comb_iter_0/combine/add,CPU,42.2,105.0,2.4881516587677726
cell_1/comb_iter_0/right/MaxPool2D/MaxPool___tr4cell_1/comb_iter_0/combine/add,OpenCL,278.55555555555554,965.3,3.465376944555245
cell_1/comb_iter_0/combine/add,CPU,26.9,67.2,2.4981412639405205
cell_0/comb_iter_1/left/bn_sep_7x7_2/FusedBatchNorm___tr4cell_0/comb_iter_1/combine/add,OpenCL,275.9,1368.4,4.959768031895615
cell_0/comb_iter_1/right/MaxPool2D/MaxPool___tr4cell_0/comb_iter_1/combine/add,CPU,37.8,52.4,1.3862433862433863
cell_0/comb_iter_1/combine/add,CPU,24.444444444444443,66.8,2.732727272727273
cell_0/comb_iter_2/combine/add,CPU,22.7,61.4,2.7048458149779737
cell_0/comb_iter_3/left/Relu,CPU,19.2,32.0,1.6666666666666667
cell_0/comb_iter_3/left/separable_3x3_1/separable_conv2d/depthwise,OpenCL,302.5,726.6,2.4019834710743804
cell_0/comb_iter_3/left/separable_3x3_1/separable_conv2d,CPU,180.66666666666666,224.1,1.2404059040590407
cell_0/comb_iter_3/left/separable_3x3_2/separable_conv2d/depthwise,CPU,64.3,77.2,1.2006220839813375
cell_0/comb_iter_3/left/separable_3x3_2/separable_conv2d,CPU,181.33333333333334,194.6,1.0731617647058822
cell_0/comb_iter_3/left/bn_sep_3x3_2/FusedBatchNorm___tr4cell_0/comb_iter_3/combine/add,CPU,45.44444444444444,66.6,1.465525672371638
cell_0/comb_iter_3/right/MaxPool2D/MaxPool___tr4cell_0/comb_iter_3/combine/add,CPU,48.4,70.2,1.450413223140496
cell_0/comb_iter_3/combine/add,CPU,19.75,43.1,2.1822784810126583
cell_0/comb_iter_2/combine/add___tr4cell_0/cell_output/concat,CPU,41.1,53.2,1.294403892944039
cell_0/cell_output/concat,CPU,591.9,630.9,1.0658895083628992
cell_1/Relu_1,CPU,138.1,167.1,1.2099927588703838
cell_2/Relu,OpenCL,477.1111111111111,714.0,1.496506753609688
cell_1/Relu_1___tr4cell_1/1x1/Conv2D,CPU,336.9,393.9,1.1691896705253784
cell_1/1x1/Conv2D,CPU,1118.2,1189.7,1.0639420497227687
cell_2/Relu___tr4cell_2/prev_1x1/Conv2D,OpenCL,500.77777777777777,176.5,0.35245174173507876
cell_2/prev_1x1/Conv2D,OpenCL,933.1111111111111,180.1,0.19301024053346036
cell_1/split,CPU,26.1,32.3,1.2375478927203063
cell_2/comb_iter_0/left/Relu,OpenCL,512.4444444444445,271.8,0.5303989592367736
cell_2/comb_iter_0/right/MaxPool2D/MaxPool,OpenCL,472.0,122.9,0.2603813559322034
cell_2/comb_iter_4/left/Relu,OpenCL,381.0,49.6,0.13018372703412073
cell_1/comb_iter_1/left/Relu,OpenCL,329.25,603.0,1.8314350797266514
cell_1/comb_iter_1/right/MaxPool2D/MaxPool,CPU,109.8,118.3,1.0774134790528234
cell_1/comb_iter_2/left/Relu,CPU,19.1,37.6,1.9685863874345548
cell_1/comb_iter_2/right/Relu,CPU,18.9,21.5,1.1375661375661377
cell_1/comb_iter_3/right/MaxPool2D/MaxPool,CPU,108.7,108.0,0.9935602575896963
cell_1/comb_iter_4/left/bn_sep_3x3_2/FusedBatchNorm___tr4cell_1/comb_iter_4/combine/add,OpenCL,299.0,794.0,2.6555183946488294
cell_1/split___tr4cell_1/comb_iter_4/combine/add,CPU,30.3,110.1,3.6336633663366333
cell_1/comb_iter_4/combine/add,CPU,24.125,59.0,2.4455958549222796
cell_2/comb_iter_0/left/separable_5x5_1/separable_conv2d/depthwise,OpenCL,324.2,1269.6,3.9161011721159777
cell_2/comb_iter_4/left/separable_3x3_1/separable_conv2d/depthwise,OpenCL,307.375,716.3,2.33037820252135
cell_1/comb_iter_1/left/separable_7x7_1/separable_conv2d/depthwise,OpenCL,506.44444444444446,803.2,1.5859587538394033
cell_1/comb_iter_2/left/separable_5x5_1/separable_conv2d/depthwise,CPU,164.2,167.7,1.0213154689403168
cell_1/comb_iter_2/right/separable_3x3_1/separable_conv2d/depthwise,CPU,68.4,72.6,1.0614035087719296
cell_2/comb_iter_0/left/separable_5x5_1/separable_conv2d,CPU,193.0,225.0,1.16580310880829
cell_2/comb_iter_4/left/separable_3x3_1/separable_conv2d,OpenCL,310.44444444444446,137.3,0.44226914817466
cell_1/comb_iter_1/left/separable_7x7_1/separable_conv2d,OpenCL,299.3333333333333,126.4,0.42227171492204907
cell_1/comb_iter_2/left/separable_5x5_1/separable_conv2d,CPU,191.5,197.4,1.030809399477807
cell_1/comb_iter_2/right/separable_3x3_1/separable_conv2d,CPU,195.5,192.6,0.9851662404092071
cell_2/comb_iter_0/left/separable_5x5_2/separable_conv2d/depthwise,CPU,146.1,154.6,1.058179329226557
cell_2/comb_iter_4/left/separable_3x3_2/separable_conv2d/depthwise,OpenCL,298.0,1214.4,4.0751677852349
cell_1/comb_iter_1/left/separable_7x7_2/separable_conv2d/depthwise,OpenCL,489.8,1291.3,2.6363821968150263
cell_1/comb_iter_2/left/separable_5x5_2/separable_conv2d/depthwise,CPU,144.1,144.4,1.0020818875780708
cell_1/comb_iter_2/right/separable_3x3_2/separable_conv2d/depthwise,CPU,63.0,64.8,1.0285714285714285
cell_2/comb_iter_0/left/separable_5x5_2/separable_conv2d,CPU,189.3,190.4,1.00581088219757
cell_2/comb_iter_4/left/separable_3x3_2/separable_conv2d,OpenCL,296.4,113.7,0.3836032388663968
cell_1/comb_iter_1/left/separable_7x7_2/separable_conv2d,OpenCL,292.7,932.1,3.1844892381277763
cell_1/comb_iter_2/left/separable_5x5_2/separable_conv2d,CPU,195.11111111111111,196.7,1.008143507972665
cell_1/comb_iter_2/right/separable_3x3_2/separable_conv2d,CPU,195.4,187.1,0.9575230296827021
cell_2/comb_iter_0/left/bn_sep_5x5_2/FusedBatchNorm___tr4cell_2/comb_iter_0/combine/add,CPU,42.0,77.6,1.8476190476190475
cell_2/comb_iter_0/right/MaxPool2D/MaxPool___tr4cell_2/comb_iter_0/combine/add,OpenCL,272.6,1198.9,4.398019075568599
cell_2/comb_iter_0/combine/add,CPU,29.0,57.2,1.9724137931034484
cell_1/comb_iter_1/left/bn_sep_7x7_2/FusedBatchNorm___tr4cell_1/comb_iter_1/combine/add,CPU,46.111111111111114,85.6,1.8563855421686744
cell_1/comb_iter_1/right/MaxPool2D/MaxPool___tr4cell_1/comb_iter_1/combine/add,CPU,39.9,98.7,2.473684210526316
cell_1/comb_iter_1/combine/add,CPU,20.125,43.2,2.1465838509316773
cell_1/comb_iter_2/combine/add,CPU,29.7,34.8,1.1717171717171717
cell_1/comb_iter_3/left/Relu,CPU,20.1,35.8,1.7810945273631837
cell_1/comb_iter_3/left/separable_3x3_1/separable_conv2d/depthwise,CPU,66.1,65.2,0.9863842662632376
cell_1/comb_iter_3/left/separable_3x3_1/separable_conv2d,CPU,180.7,187.1,1.0354178195904815
cell_1/comb_iter_3/left/separable_3x3_2/separable_conv2d/depthwise,CPU,62.7,64.3,1.0255183413078148
cell_1/comb_iter_3/left/separable_3x3_2/separable_conv2d,CPU,179.6,191.0,1.0634743875278396
cell_1/comb_iter_3/left/bn_sep_3x3_2/FusedBatchNorm___tr4cell_1/comb_iter_3/combine/add,CPU,43.9,101.4,2.3097949886104785
cell_1/comb_iter_3/right/MaxPool2D/MaxPool___tr4cell_1/comb_iter_3/combine/add,CPU,46.2,64.3,1.3917748917748916
cell_1/comb_iter_3/combine/add,CPU,17.6,58.8,3.3409090909090904
cell_1/comb_iter_2/combine/add___tr4cell_1/cell_output/concat,OpenCL,291.8,1308.0,4.482522275531186
cell_1/cell_output/concat,CPU,576.0,588.9,1.0223958333333334
cell_2/Relu_1,CPU,144.25,164.8,1.142461005199307
cell_3/Relu,OpenCL,523.7777777777778,1168.9,2.2316716164616035
cell_2/Relu_1___tr4cell_2/1x1/Conv2D,CPU,345.7,289.9,0.8385883714203066
cell_2/1x1/Conv2D,CPU,1126.9,1147.6,1.018368976839116
cell_3/Relu___tr4cell_3/prev_1x1/Conv2D,CPU,283.44444444444446,400.5,1.4129753038024304
cell_3/prev_1x1/Conv2D,OpenCL,1260.9,1432.1,1.135776032992307
cell_2/split,CPU,24.2,34.0,1.4049586776859504
cell_3/comb_iter_0/left/Relu,CPU,39.0,60.3,1.546153846153846
cell_3/comb_iter_0/right/MaxPool2D/MaxPool,OpenCL,338.3333333333333,714.5,2.111822660098522
cell_3/comb_iter_4/left/Relu,OpenCL,280.8888888888889,237.1,0.8441060126582277
cell_2/comb_iter_1/left/Relu,OpenCL,283.2,796.6,2.812853107344633
cell_2/comb_iter_1/right/MaxPool2D/MaxPool,CPU,111.4,137.1,1.2307001795332135
cell_2/comb_iter_2/left/Relu,CPU,19.2,35.5,1.8489583333333335
cell_2/comb_iter_2/right/Relu,CPU,19.0,20.1,1.0578947368421054
cell_2/comb_iter_3/right/MaxPool2D/MaxPool,CPU,109.7,109.1,0.9945305378304466
cell_2/comb_iter_4/left/bn_sep_3x3_2/FusedBatchNorm___tr4cell_2/comb_iter_4/combine/add,OpenCL,287.5,735.9,2.5596521739130433
cell_2/split___tr4cell_2/comb_iter_4/combine/add,CPU,29.3,85.6,2.9215017064846416
cell_2/comb_iter_4/combine/add,CPU,24.444444444444443,49.1,2.0086363636363638
cell_3/comb_iter_0/left/separable_5x5_1/separable_conv2d/depthwise,CPU,150.5,172.2,1.1441860465116278
cell_3/comb_iter_4/left/separable_3x3_1/separable_conv2d/depthwise,OpenCL,307.875,1377.8,4.475192854242793
cell_2/comb_iter_1/left/separable_7x7_1/separable_conv2d/depthwise,OpenCL,492.3,1053.4,2.1397521836278695
cell_2/comb_iter_2/left/separable_5x5_1/separable_conv2d/depthwise,CPU,168.9,165.5,0.9798697454114861
cell_2/comb_iter_2/right/separable_3x3_1/separable_conv2d/depthwise,CPU,68.6,71.5,1.0422740524781342
cell_3/comb_iter_0/left/separable_5x5_1/separable_conv2d,CPU,178.9,183.7,1.0268306316377864
cell_3/comb_iter_4/left/separable_3x3_1/separable_conv2d,OpenCL,293.3333333333333,853.2,2.908636363636364
cell_2/comb_iter_1/left/separable_7x7_1/separable_conv2d,CPU,191.0,213.0,1.1151832460732984
cell_2/comb_iter_2/left/separable_5x5_1/separable_conv2d,CPU,187.2,191.4,1.0224358974358976
cell_2/comb_iter_2/right/separable_3x3_1/separable_conv2d,CPU,199.4,194.6,0.9759277833500501
cell_3/comb_iter_0/left/separable_5x5_2/separable_conv2d/depthwise,CPU,100.0,102.5,1.025
cell_3/comb_iter_4/left/separable_3x3_2/separable_conv2d/depthwise,CPU,40.4,56.0,1.3861386138613863
cell_2/comb_iter_1/left/separable_7x7_2/separable_conv2d/depthwise,CPU,294.0,296.7,1.0091836734693878
cell_2/comb_iter_2/left/separable_5x5_2/separable_conv2d/depthwise,CPU,143.0,144.2,1.0083916083916082
cell_2/comb_iter_2/right/separable_3x3_2/separable_conv2d/depthwise,CPU,63.70000000000001,68.8,1.0800627943485084
cell_3/comb_iter_0/left/separable_5x5_2/separable_conv2d,CPU,171.6,189.6,1.104895104895105
cell_3/comb_iter_4/left/separable_3x3_2/separable_conv2d,CPU,172.5,180.4,1.0457971014492753
cell_2/comb_iter_1/left/separable_7x7_2/separable_conv2d,CPU,188.2,209.6,1.1137088204038257
cell_2/comb_iter_2/left/separable_5x5_2/separable_conv2d,CPU,182.9,189.4,1.0355385456533626
cell_2/comb_iter_2/right/separable_3x3_2/separable_conv2d,CPU,188.44444444444446,192.5,1.0215212264150944
cell_3/comb_iter_0/left/bn_sep_5x5_2/FusedBatchNorm___tr4cell_3/comb_iter_0/combine/add,CPU,12.125,31.9,2.6309278350515464
cell_3/comb_iter_0/right/MaxPool2D/MaxPool___tr4cell_3/comb_iter_0/combine/add,CPU,15.25,12.7,0.8327868852459016
cell_3/comb_iter_0/combine/add,CPU,17.444444444444443,25.8,1.4789808917197453
cell_2/comb_iter_1/left/bn_sep_7x7_2/FusedBatchNorm___tr4cell_2/comb_iter_1/combine/add,CPU,38.3,46.5,1.214099216710183
cell_2/comb_iter_1/right/MaxPool2D/MaxPool___tr4cell_2/comb_iter_1/combine/add,CPU,50.2,53.0,1.0557768924302788
cell_2/comb_iter_1/combine/add,CPU,18.555555555555557,28.4,1.5305389221556884
cell_2/comb_iter_2/combine/add,CPU,19.77777777777778,35.3,1.784831460674157
cell_2/comb_iter_3/left/Relu,CPU,19.555555555555557,33.0,1.6874999999999998
cell_2/comb_iter_3/left/separable_3x3_1/separable_conv2d/depthwise,CPU,65.3,65.7,1.006125574272588
cell_2/comb_iter_3/left/separable_3x3_1/separable_conv2d,CPU,182.2,192.8,1.0581778265642152
cell_2/comb_iter_3/left/separable_3x3_2/separable_conv2d/depthwise,CPU,63.70000000000001,66.4,1.042386185243328
cell_2/comb_iter_3/left/separable_3x3_2/separable_conv2d,CPU,177.88888888888889,215.9,1.21367895065584
cell_2/comb_iter_3/left/bn_sep_3x3_2/FusedBatchNorm___tr4cell_2/comb_iter_3/combine/add,CPU,42.6,83.9,1.9694835680751175
cell_2/comb_iter_3/right/MaxPool2D/MaxPool___tr4cell_2/comb_iter_3/combine/add,CPU,45.6,53.7,1.1776315789473684
cell_2/comb_iter_3/combine/add,CPU,17.88888888888889,52.4,2.9291925465838506
cell_2/comb_iter_2/combine/add___tr4cell_2/cell_output/concat,OpenCL,274.7,1008.5,3.6712777575536952
cell_2/cell_output/concat,CPU,583.5,538.6,0.923050556983719
cell_3/Relu_1,CPU,134.6,161.9,1.2028231797919764
cell_4/Relu,CPU,126.0,184.1,1.461111111111111
cell_3/Relu_1___tr4cell_3/1x1/Conv2D,CPU,336.6666666666667,314.1,0.932970297029703
cell_3/1x1/Conv2D,OpenCL,1095.111111111111,1627.1,1.4857853084415584
cell_4/Relu___tr4cell_4/AvgPool,CPU,287.3333333333333,355.5,1.2372389791183296
cell_4/AvgPool,CPU,178.5,123.1,0.6896358543417367
cell_4/Pad,CPU,234.375,313.8,1.33888
cell_4/path1_conv/Conv2D,CPU,305.1,309.2,1.0134382169780398
cell_4/strided_slice,CPU,311.6,262.2,0.8414634146341462
cell_3/split,CPU,63.0,70.5,1.119047619047619
cell_4/strided_slice___tr4cell_4/AvgPool_1,CPU,295.77777777777777,333.2,1.1265214124718257
cell_4/AvgPool_1,CPU,164.2,182.1,1.1090133982947625
cell_3/comb_iter_1/left/Relu,CPU,60.9,54.4,0.8932676518883416
cell_3/comb_iter_1/right/MaxPool2D/MaxPool,CPU,72.8,79.7,1.0947802197802199
cell_3/comb_iter_2/left/Relu,CPU,38.7,74.2,1.917312661498708
cell_3/comb_iter_2/right/Relu,CPU,43.6,57.7,1.323394495412844
cell_3/comb_iter_3/right/MaxPool2D/MaxPool,CPU,69.9,57.7,0.8254649499284692
cell_3/comb_iter_4/right/Relu,CPU,39.1,76.8,1.9641943734015344
cell_4/path2_conv/Conv2D,CPU,279.8,332.2,1.187276626161544
cell_3/comb_iter_1/left/separable_7x7_1/separable_conv2d/depthwise,CPU,221.1,215.9,0.9764812302125735
cell_3/comb_iter_2/left/separable_5x5_1/separable_conv2d/depthwise,CPU,150.1,184.3,1.2278481012658229
cell_3/comb_iter_2/right/separable_3x3_1/separable_conv2d/depthwise,CPU,116.0,143.1,1.2336206896551725
cell_3/comb_iter_4/right/1x1/Conv2D,CPU,287.5,295.7,1.0285217391304347
cell_4/concat,CPU,46.9,48.1,1.0255863539445629
cell_3/comb_iter_1/left/separable_7x7_1/separable_conv2d,CPU,187.1,203.3,1.0865847140566542
cell_3/comb_iter_2/left/separable_5x5_1/separable_conv2d,CPU,179.2,182.9,1.0206473214285716
cell_3/comb_iter_2/right/separable_3x3_1/separable_conv2d,CPU,175.4,177.1,1.009692132269099
cell_4/final_path_bn/FusedBatchNorm,CPU,13.8,14.7,1.0652173913043477
cell_3/comb_iter_4/combine/add,CPU,18.6,33.8,1.8172043010752685
cell_4/comb_iter_0/left/Relu,CPU,9.5,11.4,1.2
cell_4/comb_iter_0/right/MaxPool2D/MaxPool,CPU,62.9,70.1,1.1144674085850557
cell_4/comb_iter_4/left/Relu,CPU,9.4,9.1,0.9680851063829786
cell_4/comb_iter_0/left/separable_5x5_1/separable_conv2d/depthwise,CPU,99.1,100.5,1.0141271442986883
cell_4/comb_iter_4/left/separable_3x3_1/separable_conv2d/depthwise,CPU,42.5,41.5,0.9764705882352941
cell_3/comb_iter_1/left/separable_7x7_2/separable_conv2d/depthwise,CPU,164.4,179.7,1.0930656934306568
cell_3/comb_iter_2/left/separable_5x5_2/separable_conv2d/depthwise,CPU,98.7,100.9,1.0222897669706181
cell_3/comb_iter_2/right/separable_3x3_2/separable_conv2d/depthwise,CPU,40.5,44.3,1.093827160493827
cell_4/comb_iter_0/left/separable_5x5_1/separable_conv2d,CPU,172.0,173.1,1.0063953488372093
cell_4/comb_iter_4/left/separable_3x3_1/separable_conv2d,CPU,170.6,172.2,1.0093786635404454
cell_3/comb_iter_1/left/separable_7x7_2/separable_conv2d,OpenCL,298.6,895.2,2.9979906229068987
cell_3/comb_iter_2/left/separable_5x5_2/separable_conv2d,CPU,171.9,173.2,1.0075625363583478
cell_3/comb_iter_2/right/separable_3x3_2/separable_conv2d,CPU,172.1,193.0,1.1214410226612435
cell_3/comb_iter_1/left/bn_sep_7x7_2/FusedBatchNorm___tr4cell_3/comb_iter_1/combine/add,CPU,13.625,13.4,0.9834862385321101
cell_3/comb_iter_1/right/MaxPool2D/MaxPool___tr4cell_3/comb_iter_1/combine/add,CPU,45.1,23.2,0.5144124168514412
cell_3/comb_iter_1/combine/add,CPU,13.3,16.4,1.2330827067669172
cell_3/comb_iter_2/combine/add,CPU,11.0,16.8,1.5272727272727273
cell_4/comb_iter_0/left/separable_5x5_2/separable_conv2d/depthwise,CPU,98.1,98.6,1.0050968399592253
cell_4/comb_iter_4/left/separable_3x3_2/separable_conv2d/depthwise,CPU,39.9,40.0,1.0025062656641603
cell_3/comb_iter_3/left/Relu,CPU,9.8,15.3,1.5612244897959184
cell_4/comb_iter_0/left/separable_5x5_2/separable_conv2d,CPU,172.25,177.0,1.0275761973875182
cell_4/comb_iter_4/left/separable_3x3_2/separable_conv2d,CPU,172.44444444444446,173.6,1.006701030927835
cell_3/comb_iter_3/left/separable_3x3_1/separable_conv2d/depthwise,CPU,41.1,53.2,1.294403892944039
cell_3/comb_iter_3/left/separable_3x3_1/separable_conv2d,CPU,171.33333333333334,191.3,1.1165369649805448
cell_4/comb_iter_0/left/bn_sep_5x5_2/FusedBatchNorm___tr4cell_4/comb_iter_0/combine/add,CPU,12.333333333333334,11.6,0.9405405405405405
cell_4/comb_iter_0/right/MaxPool2D/MaxPool___tr4cell_4/comb_iter_0/combine/add,CPU,33.0,50.8,1.5393939393939393
cell_4/comb_iter_0/combine/add,CPU,11.88888888888889,22.4,1.88411214953271
cell_3/comb_iter_3/left/separable_3x3_2/separable_conv2d/depthwise,CPU,39.6,50.0,1.2626262626262625
cell_3/comb_iter_3/left/separable_3x3_2/separable_conv2d,CPU,171.4,179.7,1.0484247374562425
cell_3/comb_iter_3/left/bn_sep_3x3_2/FusedBatchNorm___tr4cell_3/comb_iter_3/combine/add,CPU,12.333333333333334,32.7,2.6513513513513516
cell_3/comb_iter_3/right/MaxPool2D/MaxPool___tr4cell_3/comb_iter_3/combine/add,CPU,44.3,45.9,1.0361173814898421
cell_3/comb_iter_3/combine/add,CPU,11.4,19.2,1.6842105263157894
cell_3/comb_iter_2/combine/add___tr4cell_3/cell_output/concat,CPU,14.857142857142858,12.6,0.8480769230769231
cell_3/comb_iter_4/combine/add___tr4cell_3/cell_output/concat,CPU,25.571428571428573,25.9,1.012849162011173
cell_3/cell_output/concat,CPU,173.6,181.8,1.0472350230414746
cell_4/Relu_1,CPU,63.8,71.8,1.1253918495297806
cell_5/Relu,OpenCL,306.2857142857143,821.1,2.680830223880597
cell_4/Relu_1___tr4cell_4/1x1/Conv2D,CPU,101.7,96.3,0.9469026548672566
cell_4/1x1/Conv2D,CPU,892.9,924.7,1.0356142905140555
cell_5/Relu___tr4cell_5/prev_1x1/Conv2D,OpenCL,403.6666666666667,119.1,0.2950454170107349
cell_5/prev_1x1/Conv2D,OpenCL,1001.2222222222223,1182.5,1.1810564865164799
cell_4/split,CPU,12.1,21.2,1.7520661157024793
cell_5/comb_iter_0/left/Relu,OpenCL,303.57142857142856,162.5,0.5352941176470588
cell_5/comb_iter_0/right/MaxPool2D/MaxPool,CPU,67.2,75.6,1.1249999999999998
cell_5/comb_iter_4/left/Relu,OpenCL,334.75,1175.7,3.5121732636295744
cell_4/comb_iter_1/left/Relu,OpenCL,293.6666666666667,713.0,2.4279228149829737
cell_4/comb_iter_1/right/MaxPool2D/MaxPool,CPU,62.1,83.1,1.3381642512077294
cell_4/comb_iter_2/left/Relu,CPU,9.5,16.1,1.6947368421052633
cell_4/comb_iter_2/right/Relu,CPU,9.6,9.9,1.03125
cell_4/comb_iter_3/right/MaxPool2D/MaxPool,CPU,61.5,60.6,0.9853658536585366
cell_4/comb_iter_4/left/bn_sep_3x3_2/FusedBatchNorm___tr4cell_4/comb_iter_4/combine/add,CPU,48.8,31.1,0.6372950819672132
cell_4/split___tr4cell_4/comb_iter_4/combine/add,CPU,9.555555555555555,31.6,3.3069767441860467
cell_4/comb_iter_4/combine/add,CPU,16.2,13.8,0.851851851851852
cell_5/comb_iter_0/left/separable_5x5_1/separable_conv2d/depthwise,OpenCL,307.7,886.4,2.880727981800455
cell_5/comb_iter_4/left/separable_3x3_1/separable_conv2d/depthwise,CPU,43.9,58.5,1.3325740318906607
cell_4/comb_iter_1/left/separable_7x7_1/separable_conv2d/depthwise,OpenCL,302.1111111111111,611.8,2.0250827510114013
cell_4/comb_iter_2/left/separable_5x5_1/separable_conv2d/depthwise,CPU,105.1,137.2,1.3054234062797336
cell_4/comb_iter_2/right/separable_3x3_1/separable_conv2d/depthwise,CPU,43.1,47.6,1.1044083526682134
cell_5/comb_iter_0/left/separable_5x5_1/separable_conv2d,OpenCL,300.3,633.4,2.109224109224109
cell_5/comb_iter_4/left/separable_3x3_1/separable_conv2d,CPU,171.0,174.9,1.0228070175438597
cell_4/comb_iter_1/left/separable_7x7_1/separable_conv2d,OpenCL,296.0,158.3,0.5347972972972973
cell_4/comb_iter_2/left/separable_5x5_1/separable_conv2d,CPU,169.8,188.8,1.1118963486454652
cell_4/comb_iter_2/right/separable_3x3_1/separable_conv2d,CPU,170.9,178.2,1.0427150380339378
cell_5/comb_iter_0/left/separable_5x5_2/separable_conv2d/depthwise,CPU,100.2,110.2,1.0998003992015968
cell_5/comb_iter_4/left/separable_3x3_2/separable_conv2d/depthwise,CPU,40.2,42.1,1.0472636815920398
cell_4/comb_iter_1/left/separable_7x7_2/separable_conv2d/depthwise,OpenCL,296.77777777777777,1137.1,3.8314863347061023
cell_4/comb_iter_2/left/separable_5x5_2/separable_conv2d/depthwise,CPU,97.2,102.5,1.0545267489711934
cell_4/comb_iter_2/right/separable_3x3_2/separable_conv2d/depthwise,CPU,39.3,42.5,1.0814249363867685
cell_5/comb_iter_0/left/separable_5x5_2/separable_conv2d,CPU,170.0,202.7,1.1923529411764706
cell_5/comb_iter_4/left/separable_3x3_2/separable_conv2d,CPU,169.9,186.9,1.100058858151854
cell_4/comb_iter_1/left/separable_7x7_2/separable_conv2d,CPU,170.1,197.2,1.159318048206937
cell_4/comb_iter_2/left/separable_5x5_2/separable_conv2d,CPU,171.3,179.5,1.047869235259778
cell_4/comb_iter_2/right/separable_3x3_2/separable_conv2d,CPU,171.7,174.0,1.0133954571927781
cell_5/comb_iter_0/left/bn_sep_5x5_2/FusedBatchNorm___tr4cell_5/comb_iter_0/combine/add,CPU,13.125,20.6,1.5695238095238095
cell_5/comb_iter_0/right/MaxPool2D/MaxPool___tr4cell_5/comb_iter_0/combine/add,CPU,35.888888888888886,33.3,0.9278637770897833
cell_5/comb_iter_0/combine/add,CPU,13.0,42.2,3.246153846153846
cell_4/comb_iter_1/left/bn_sep_7x7_2/FusedBatchNorm___tr4cell_4/comb_iter_1/combine/add,CPU,12.0,14.6,1.2166666666666666
cell_4/comb_iter_1/right/MaxPool2D/MaxPool___tr4cell_4/comb_iter_1/combine/add,CPU,36.8,35.9,0.9755434782608696
cell_4/comb_iter_1/combine/add,CPU,10.8,9.8,0.9074074074074074
cell_4/comb_iter_2/combine/add,CPU,9.333333333333334,15.1,1.6178571428571427
cell_4/comb_iter_3/left/Relu,CPU,10.1,11.8,1.1683168316831685
cell_4/comb_iter_3/left/separable_3x3_1/separable_conv2d/depthwise,CPU,39.2,39.9,1.0178571428571428
cell_4/comb_iter_3/left/separable_3x3_1/separable_conv2d,CPU,167.5,169.7,1.0131343283582088
cell_4/comb_iter_3/left/separable_3x3_2/separable_conv2d/depthwise,CPU,39.7,54.4,1.3702770780856421
cell_4/comb_iter_3/left/separable_3x3_2/separable_conv2d,CPU,169.0,196.9,1.1650887573964497
cell_4/comb_iter_3/left/bn_sep_3x3_2/FusedBatchNorm___tr4cell_4/comb_iter_3/combine/add,CPU,13.25,10.1,0.7622641509433962
cell_4/comb_iter_3/right/MaxPool2D/MaxPool___tr4cell_4/comb_iter_3/combine/add,OpenCL,272.1,859.6,3.1591326718118338
cell_4/comb_iter_3/combine/add,CPU,10.1,32.7,3.237623762376238
cell_4/comb_iter_2/combine/add___tr4cell_4/cell_output/concat,CPU,10.777777777777779,14.9,1.3824742268041237
cell_4/cell_output/concat,CPU,148.5,208.7,1.4053872053872054
cell_5/Relu_1,CPU,50.2,72.9,1.452191235059761
cell_6/Relu,OpenCL,300.3333333333333,590.2,1.9651498335183133
cell_5/Relu_1___tr4cell_5/1x1/Conv2D,CPU,77.7,102.3,1.3166023166023164
cell_5/1x1/Conv2D,CPU,839.5,909.3,1.0831447290053602
cell_6/Relu___tr4cell_6/prev_1x1/Conv2D,OpenCL,349.55555555555554,94.1,0.2691989828353465
cell_6/prev_1x1/Conv2D,OpenCL,1302.8,98.3,0.07545287073994474
cell_5/split,CPU,14.555555555555555,12.9,0.8862595419847329
cell_6/comb_iter_0/left/Relu,OpenCL,309.8333333333333,1385.6,4.472081764389457
cell_6/comb_iter_0/right/MaxPool2D/MaxPool,OpenCL,421.5,154.0,0.365361803084223
cell_6/comb_iter_4/left/Relu,OpenCL,327.875,118.8,0.36233320625238274
cell_5/comb_iter_1/left/Relu,CPU,13.2,11.6,0.8787878787878788
cell_5/comb_iter_1/right/MaxPool2D/MaxPool,OpenCL,340.5,713.0,2.093979441997063
cell_5/comb_iter_2/left/Relu,CPU,10.0,10.8,1.08
cell_5/comb_iter_2/right/Relu,CPU,9.555555555555555,8.9,0.9313953488372093
cell_5/comb_iter_3/right/MaxPool2D/MaxPool,CPU,61.8,86.3,1.3964401294498383
cell_5/comb_iter_4/left/bn_sep_3x3_2/FusedBatchNorm___tr4cell_5/comb_iter_4/combine/add,CPU,49.22222222222222,14.8,0.30067720090293454
cell_5/split___tr4cell_5/comb_iter_4/combine/add,CPU,8.88888888888889,12.5,1.40625
cell_5/comb_iter_4/combine/add,CPU,14.6,24.1,1.6506849315068495
cell_6/comb_iter_0/left/separable_5x5_1/separable_conv2d/depthwise,CPU,105.7,90.4,0.8552507095553453
cell_6/comb_iter_4/left/separable_3x3_1/separable_conv2d/depthwise,OpenCL,362.25,1153.1,3.1831608005521046
cell_5/comb_iter_1/left/separable_7x7_1/separable_conv2d/depthwise,CPU,174.8,171.6,0.9816933638443935
cell_5/comb_iter_2/left/separable_5x5_1/separable_conv2d/depthwise,CPU,98.9,105.7,1.0687563195146612
cell_5/comb_iter_2/right/separable_3x3_1/separable_conv2d/depthwise,CPU,43.3,41.2,0.9515011547344112
cell_6/comb_iter_0/left/separable_5x5_1/separable_conv2d,CPU,173.88888888888889,201.9,1.1610862619808306
cell_6/comb_iter_4/left/separable_3x3_1/separable_conv2d,OpenCL,296.875,138.9,0.46787368421052633
cell_5/comb_iter_1/left/separable_7x7_1/separable_conv2d,CPU,172.9,172.3,0.9965297860034702
cell_5/comb_iter_2/left/separable_5x5_1/separable_conv2d,CPU,172.3,173.0,1.004062681369704
cell_5/comb_iter_2/right/separable_3x3_1/separable_conv2d,CPU,172.8,174.7,1.0109953703703702
cell_6/comb_iter_0/left/separable_5x5_2/separable_conv2d/depthwise,CPU,70.9,71.6,1.009873060648801
cell_6/comb_iter_4/left/separable_3x3_2/separable_conv2d/depthwise,OpenCL,308.44444444444446,1232.9,3.997154178674352
cell_5/comb_iter_1/left/separable_7x7_2/separable_conv2d/depthwise,CPU,162.9,164.6,1.0104358502148556
cell_5/comb_iter_2/left/separable_5x5_2/separable_conv2d/depthwise,CPU,96.7,99.2,1.0258531540847984
cell_5/comb_iter_2/right/separable_3x3_2/separable_conv2d/depthwise,CPU,37.875,40.6,1.071947194719472
cell_6/comb_iter_0/left/separable_5x5_2/separable_conv2d,CPU,170.9,177.9,1.0409596255119953
cell_6/comb_iter_4/left/separable_3x3_2/separable_conv2d,CPU,176.66666666666666,201.9,1.1428301886792454
cell_5/comb_iter_1/left/separable_7x7_2/separable_conv2d,CPU,174.5,197.3,1.1306590257879656
cell_5/comb_iter_2/left/separable_5x5_2/separable_conv2d,CPU,174.7,170.5,0.9759587864911277
cell_5/comb_iter_2/right/separable_3x3_2/separable_conv2d,CPU,174.0,170.1,0.9775862068965517
cell_6/comb_iter_0/left/bn_sep_5x5_2/FusedBatchNorm___tr4cell_6/comb_iter_0/combine/add,CPU,10.11111111111111,27.2,2.6901098901098903
cell_6/comb_iter_0/right/MaxPool2D/MaxPool___tr4cell_6/comb_iter_0/combine/add,OpenCL,301.77777777777777,1145.5,3.7958394698085423
cell_6/comb_iter_0/combine/add,CPU,11.2,22.0,1.9642857142857144
cell_5/comb_iter_1/left/bn_sep_7x7_2/FusedBatchNorm___tr4cell_5/comb_iter_1/combine/add,CPU,11.7,15.2,1.2991452991452992
cell_5/comb_iter_1/right/MaxPool2D/MaxPool___tr4cell_5/comb_iter_1/combine/add,CPU,31.555555555555557,13.5,0.4278169014084507
cell_5/comb_iter_1/combine/add,CPU,11.777777777777779,13.9,1.180188679245283
cell_5/comb_iter_2/combine/add,CPU,10.777777777777779,13.0,1.2061855670103092
cell_5/comb_iter_3/left/Relu,CPU,10.6,9.8,0.9245283018867926
cell_5/comb_iter_3/left/separable_3x3_1/separable_conv2d/depthwise,CPU,40.9,41.2,1.0073349633251836
cell_5/comb_iter_3/left/separable_3x3_1/separable_conv2d,OpenCL,299.0,937.4,3.135117056856187
cell_5/comb_iter_3/left/separable_3x3_2/separable_conv2d/depthwise,OpenCL,307.5,742.6,2.414959349593496
cell_5/comb_iter_3/left/separable_3x3_2/separable_conv2d,OpenCL,297.3333333333333,173.3,0.582847533632287
cell_5/comb_iter_3/left/bn_sep_3x3_2/FusedBatchNorm___tr4cell_5/comb_iter_3/combine/add,OpenCL,273.6666666666667,1357.9,4.9618757612667475
cell_5/comb_iter_3/right/MaxPool2D/MaxPool___tr4cell_5/comb_iter_3/combine/add,CPU,43.3,47.5,1.0969976905311778
cell_5/comb_iter_3/combine/add,CPU,12.0,35.9,2.9916666666666667
cell_5/comb_iter_2/combine/add___tr4cell_5/cell_output/concat,CPU,12.25,27.4,2.2367346938775508
cell_5/cell_output/concat,CPU,137.5,231.0,1.68
cell_6/Relu_1,CPU,50.3,68.0,1.3518886679920479
cell_7/Relu,CPU,52.9,66.3,1.2533081285444234
cell_6/Relu_1___tr4cell_6/1x1/Conv2D,CPU,69.1,88.9,1.2865412445730826
cell_6/1x1/Conv2D,CPU,1583.8,1711.4,1.080565727995959
cell_7/Relu___tr4cell_7/AvgPool,OpenCL,380.375,999.0,2.6263555701610253
cell_7/AvgPool,OpenCL,318.0,193.5,0.6084905660377359
cell_7/Pad,CPU,94.3,112.5,1.1930010604453871
cell_7/path1_conv/Conv2D,OpenCL,460.8888888888889,1234.0,2.677434908389585
cell_7/strided_slice,CPU,153.4,132.9,0.8663624511082139
cell_6/split,CPU,21.1,34.5,1.6350710900473933
cell_7/strided_slice___tr4cell_7/AvgPool_1,CPU,135.11111111111111,186.4,1.3796052631578948
cell_7/AvgPool_1,CPU,41.55555555555556,64.5,1.552139037433155
cell_6/comb_iter_1/left/Relu,CPU,27.4,29.7,1.083941605839416
cell_6/comb_iter_1/right/MaxPool2D/MaxPool,CPU,40.5,71.9,1.7753086419753088
cell_6/comb_iter_2/left/Relu,CPU,17.7,25.9,1.463276836158192
cell_6/comb_iter_2/right/Relu,CPU,17.7,18.1,1.0225988700564972
cell_6/comb_iter_3/right/MaxPool2D/MaxPool,CPU,34.5,33.1,0.9594202898550726
cell_6/comb_iter_4/right/Relu,CPU,17.7,32.3,1.8248587570621468
cell_7/path2_conv/Conv2D,CPU,245.3,245.2,0.9995923359152058
cell_6/comb_iter_1/left/separable_7x7_1/separable_conv2d/depthwise,CPU,133.5,120.4,0.90187265917603
cell_6/comb_iter_2/left/separable_5x5_1/separable_conv2d/depthwise,CPU,97.6,92.2,0.9446721311475411
cell_6/comb_iter_2/right/separable_3x3_1/separable_conv2d/depthwise,CPU,71.5,54.8,0.7664335664335664
cell_6/comb_iter_4/right/1x1/Conv2D,CPU,216.8,240.1,1.1074723247232472
cell_7/concat,CPU,9.7,10.2,1.0515463917525774
cell_6/comb_iter_1/left/separable_7x7_1/separable_conv2d,CPU,173.6,176.5,1.016705069124424
cell_6/comb_iter_2/left/separable_5x5_1/separable_conv2d,CPU,176.9,176.5,0.9977388355002826
cell_6/comb_iter_2/right/separable_3x3_1/separable_conv2d,CPU,174.2,174.5,1.0017221584385765
cell_7/final_path_bn/FusedBatchNorm,CPU,7.5,9.4,1.2533333333333334
cell_6/comb_iter_4/combine/add,CPU,11.8,15.2,1.2881355932203389
cell_7/comb_iter_0/left/Relu,CPU,5.6,7.0,1.25
cell_7/comb_iter_0/right/MaxPool2D/MaxPool,CPU,38.3,46.2,1.2062663185378593
cell_7/comb_iter_4/left/Relu,CPU,5.2,5.4,1.0384615384615385
cell_7/comb_iter_0/left/separable_5x5_1/separable_conv2d/depthwise,CPU,70.3,72.7,1.0341394025604553
cell_7/comb_iter_4/left/separable_3x3_1/separable_conv2d/depthwise,CPU,32.2,31.9,0.9906832298136644
cell_6/comb_iter_1/left/separable_7x7_2/separable_conv2d/depthwise,CPU,99.3,99.2,0.9989929506545822
cell_6/comb_iter_2/left/separable_5x5_2/separable_conv2d/depthwise,CPU,68.8,70.9,1.0305232558139537
cell_6/comb_iter_2/right/separable_3x3_2/separable_conv2d/depthwise,CPU,29.2,34.4,1.178082191780822
cell_7/comb_iter_0/left/separable_5x5_1/separable_conv2d,CPU,169.2,173.2,1.0236406619385343
cell_7/comb_iter_4/left/separable_3x3_1/separable_conv2d,CPU,171.7,170.5,0.9930110658124637
cell_6/comb_iter_1/left/separable_7x7_2/separable_conv2d,OpenCL,294.0,1064.6,3.6210884353741495
cell_6/comb_iter_2/left/separable_5x5_2/separable_conv2d,CPU,171.7,188.0,1.0949330227140361
cell_6/comb_iter_2/right/separable_3x3_2/separable_conv2d,CPU,172.8,174.7,1.0109953703703702
cell_6/comb_iter_1/left/bn_sep_7x7_2/FusedBatchNorm___tr4cell_6/comb_iter_1/combine/add,CPU,9.88888888888889,7.5,0.7584269662921348
cell_6/comb_iter_1/right/MaxPool2D/MaxPool___tr4cell_6/comb_iter_1/combine/add,CPU,22.857142857142858,26.6,1.16375
cell_6/comb_iter_1/combine/add,CPU,9.666666666666666,12.5,1.293103448275862
cell_6/comb_iter_2/combine/add,CPU,6.555555555555555,9.7,1.4796610169491524
cell_7/comb_iter_0/left/separable_5x5_2/separable_conv2d/depthwise,CPU,71.1,69.1,0.9718706047819972
cell_7/comb_iter_4/left/separable_3x3_2/separable_conv2d/depthwise,CPU,31.3,30.6,0.9776357827476039
cell_6/comb_iter_3/left/Relu,CPU,6.5,7.7,1.1846153846153846
cell_7/comb_iter_0/left/separable_5x5_2/separable_conv2d,CPU,169.8,181.4,1.0683156654888104
cell_7/comb_iter_4/left/separable_3x3_2/separable_conv2d,CPU,169.8,171.7,1.0111896348645464
cell_6/comb_iter_3/left/separable_3x3_1/separable_conv2d/depthwise,CPU,30.4,42.3,1.3914473684210527
cell_6/comb_iter_3/left/separable_3x3_1/separable_conv2d,CPU,168.66666666666666,182.5,1.08201581027668
cell_7/comb_iter_0/left/bn_sep_5x5_2/FusedBatchNorm___tr4cell_7/comb_iter_0/combine/add,CPU,9.9,15.6,1.5757575757575757
cell_7/comb_iter_0/right/MaxPool2D/MaxPool___tr4cell_7/comb_iter_0/combine/add,CPU,16.333333333333332,16.5,1.0102040816326532
cell_7/comb_iter_0/combine/add,CPU,9.666666666666666,13.8,1.427586206896552
cell_6/comb_iter_3/left/separable_3x3_2/separable_conv2d/depthwise,CPU,30.22222222222222,32.9,1.0886029411764706
cell_6/comb_iter_3/left/separable_3x3_2/separable_conv2d,CPU,170.0,187.8,1.1047058823529412
cell_6/comb_iter_3/left/bn_sep_3x3_2/FusedBatchNorm___tr4cell_6/comb_iter_3/combine/add,CPU,8.6,12.9,1.5
cell_6/comb_iter_3/right/MaxPool2D/MaxPool___tr4cell_6/comb_iter_3/combine/add,CPU,33.7,19.9,0.5905044510385756
cell_6/comb_iter_3/combine/add,CPU,9.2,10.7,1.1630434782608696
cell_6/comb_iter_2/combine/add___tr4cell_6/cell_output/concat,CPU,13.75,10.7,0.7781818181818181
cell_6/comb_iter_4/combine/add___tr4cell_6/cell_output/concat,CPU,19.428571428571427,17.9,0.9213235294117647
cell_6/cell_output/concat,CPU,47.0,38.8,0.825531914893617
cell_7/Relu_1,CPU,24.0,24.5,1.0208333333333333
cell_8/Relu,CPU,22.375,38.5,1.7206703910614525
cell_7/Relu_1___tr4cell_7/1x1/Conv2D,CPU,48.0,111.3,2.31875
cell_7/1x1/Conv2D,CPU,897.2,980.6,1.0929558626839055
cell_8/Relu___tr4cell_8/prev_1x1/Conv2D,OpenCL,360.22222222222223,1175.4,3.2629858112276375
cell_8/prev_1x1/Conv2D,OpenCL,1110.0,1380.0,1.2432432432432432
cell_7/split,CPU,7.4,8.4,1.135135135135135
cell_8/comb_iter_0/left/Relu,OpenCL,302.875,903.9,2.9843995047461824
cell_8/comb_iter_0/right/MaxPool2D/MaxPool,OpenCL,330.125,336.3,1.018705035971223
cell_8/comb_iter_4/left/Relu,CPU,5.555555555555555,10.2,1.8359999999999999
cell_7/comb_iter_1/left/Relu,OpenCL,290.55555555555554,1116.5,3.84263862332696
cell_7/comb_iter_1/right/MaxPool2D/MaxPool,OpenCL,305.6666666666667,921.5,3.014721919302072
cell_7/comb_iter_2/left/Relu,CPU,5.1,7.8,1.5294117647058825
cell_7/comb_iter_2/right/Relu,CPU,4.6,4.9,1.065217391304348
cell_7/comb_iter_3/right/MaxPool2D/MaxPool,OpenCL,302.0,1121.9,3.714900662251656
cell_7/comb_iter_4/left/bn_sep_3x3_2/FusedBatchNorm___tr4cell_7/comb_iter_4/combine/add,CPU,31.333333333333332,9.8,0.3127659574468085
cell_7/split___tr4cell_7/comb_iter_4/combine/add,OpenCL,271.44444444444446,1164.6,4.290380679492427
cell_7/comb_iter_4/combine/add,CPU,10.777777777777779,32.2,2.9876288659793815
cell_8/comb_iter_0/left/separable_5x5_1/separable_conv2d/depthwise,CPU,73.0,85.1,1.165753424657534
cell_8/comb_iter_4/left/separable_3x3_1/separable_conv2d/depthwise,CPU,34.333333333333336,37.0,1.0776699029126213
cell_7/comb_iter_1/left/separable_7x7_1/separable_conv2d/depthwise,OpenCL,302.125,866.9,2.86934215970211
cell_7/comb_iter_2/left/separable_5x5_1/separable_conv2d/depthwise,CPU,70.1,82.5,1.1768901569186876
cell_7/comb_iter_2/right/separable_3x3_1/separable_conv2d/depthwise,CPU,30.8,42.6,1.3831168831168832
cell_8/comb_iter_0/left/separable_5x5_1/separable_conv2d,CPU,170.8,181.2,1.0608899297423886
cell_8/comb_iter_4/left/separable_3x3_1/separable_conv2d,CPU,173.2,176.9,1.0213625866050808
cell_7/comb_iter_1/left/separable_7x7_1/separable_conv2d,OpenCL,299.3333333333333,166.7,0.5569042316258351
cell_7/comb_iter_2/left/separable_5x5_1/separable_conv2d,CPU,172.9,176.6,1.0213996529786002
cell_7/comb_iter_2/right/separable_3x3_1/separable_conv2d,CPU,172.8,175.9,1.0179398148148149
cell_8/comb_iter_0/left/separable_5x5_2/separable_conv2d/depthwise,CPU,72.2,71.9,0.9958448753462604
cell_8/comb_iter_4/left/separable_3x3_2/separable_conv2d/depthwise,CPU,30.2,33.2,1.099337748344371
cell_7/comb_iter_1/left/separable_7x7_2/separable_conv2d/depthwise,OpenCL,301.22222222222223,1235.9,4.10295094061232
cell_7/comb_iter_2/left/separable_5x5_2/separable_conv2d/depthwise,CPU,70.3,71.7,1.0199146514935988
cell_7/comb_iter_2/right/separable_3x3_2/separable_conv2d/depthwise,CPU,28.2,33.7,1.195035460992908
cell_8/comb_iter_0/left/separable_5x5_2/separable_conv2d,CPU,169.3,179.1,1.0578854105138806
cell_8/comb_iter_4/left/separable_3x3_2/separable_conv2d,CPU,171.0,178.3,1.0426900584795322
cell_7/comb_iter_1/left/separable_7x7_2/separable_conv2d,OpenCL,291.77777777777777,171.6,0.5881188118811881
cell_7/comb_iter_2/left/separable_5x5_2/separable_conv2d,CPU,172.0,172.2,1.0011627906976743
cell_7/comb_iter_2/right/separable_3x3_2/separable_conv2d,OpenCL,290.77777777777777,1047.0,3.6006878104700037
cell_8/comb_iter_0/left/bn_sep_5x5_2/FusedBatchNorm___tr4cell_8/comb_iter_0/combine/add,CPU,13.333333333333334,18.6,1.395
cell_8/comb_iter_0/right/MaxPool2D/MaxPool___tr4cell_8/comb_iter_0/combine/add,OpenCL,266.55555555555554,1259.1,4.723593163818258
cell_8/comb_iter_0/combine/add,CPU,10.0,27.8,2.7800000000000002
cell_7/comb_iter_1/left/bn_sep_7x7_2/FusedBatchNorm___tr4cell_7/comb_iter_1/combine/add,OpenCL,267.75,1384.4,5.170494864612512
cell_7/comb_iter_1/right/MaxPool2D/MaxPool___tr4cell_7/comb_iter_1/combine/add,CPU,19.625,9.9,0.5044585987261146
cell_7/comb_iter_1/combine/add,CPU,9.2,24.3,2.6413043478260874
cell_7/comb_iter_2/combine/add,CPU,6.9,24.5,3.550724637681159
cell_7/comb_iter_3/left/Relu,CPU,6.333333333333333,5.1,0.8052631578947368
cell_7/comb_iter_3/left/separable_3x3_1/separable_conv2d/depthwise,CPU,29.8,30.7,1.0302013422818792
cell_7/comb_iter_3/left/separable_3x3_1/separable_conv2d,CPU,169.7,192.5,1.1343547436652919
cell_7/comb_iter_3/left/separable_3x3_2/separable_conv2d/depthwise,CPU,30.0,29.3,0.9766666666666667
cell_7/comb_iter_3/left/separable_3x3_2/separable_conv2d,CPU,168.6,178.0,1.055753262158956
cell_7/comb_iter_3/left/bn_sep_3x3_2/FusedBatchNorm___tr4cell_7/comb_iter_3/combine/add,CPU,8.4,8.9,1.0595238095238095
cell_7/comb_iter_3/right/MaxPool2D/MaxPool___tr4cell_7/comb_iter_3/combine/add,CPU,23.0,7.2,0.3130434782608696
cell_7/comb_iter_3/combine/add,CPU,8.5,13.6,1.5999999999999999
cell_7/comb_iter_2/combine/add___tr4cell_7/cell_output/concat,OpenCL,276.1111111111111,1066.8,3.863661971830986
cell_7/cell_output/concat,CPU,46.7,77.2,1.6531049250535332
cell_8/Relu_1,CPU,23.0,37.8,1.643478260869565
cell_8/Relu_1___tr4cell_8/1x1/Conv2D,CPU,46.9,70.1,1.4946695095948828
cell_8/1x1/Conv2D,CPU,872.5,977.8,1.1206876790830944
cell_8/split,CPU,6.1,9.8,1.6065573770491806
cell_8/comb_iter_1/left/Relu,CPU,7.2,12.0,1.6666666666666665
cell_8/comb_iter_1/right/MaxPool2D/MaxPool,CPU,42.7,45.2,1.0585480093676816
cell_8/comb_iter_2/left/Relu,CPU,5.7,8.6,1.5087719298245612
cell_8/comb_iter_2/right/Relu,CPU,5.2,5.8,1.1153846153846154
cell_8/comb_iter_3/right/MaxPool2D/MaxPool,CPU,39.0,37.1,0.9512820512820513
cell_8/comb_iter_4/left/bn_sep_3x3_2/FusedBatchNorm___tr4cell_8/comb_iter_4/combine/add,CPU,35.0,13.0,0.37142857142857144
cell_8/split___tr4cell_8/comb_iter_4/combine/add,CPU,5.333333333333333,15.4,2.8875
cell_8/comb_iter_4/combine/add,CPU,10.2,16.9,1.656862745098039
cell_8/comb_iter_1/left/separable_7x7_1/separable_conv2d/depthwise,CPU,100.6,99.7,0.9910536779324056
cell_8/comb_iter_2/left/separable_5x5_1/separable_conv2d/depthwise,CPU,71.5,87.8,1.2279720279720279
cell_8/comb_iter_2/right/separable_3x3_1/separable_conv2d/depthwise,CPU,30.8,46.5,1.5097402597402596
cell_8/comb_iter_1/left/separable_7x7_1/separable_conv2d,OpenCL,305.7,921.3,3.013738959764475
cell_8/comb_iter_2/left/separable_5x5_1/separable_conv2d,CPU,171.7,181.9,1.0594059405940595
cell_8/comb_iter_2/right/separable_3x3_1/separable_conv2d,CPU,171.0,186.7,1.091812865497076
cell_8/comb_iter_1/left/separable_7x7_2/separable_conv2d/depthwise,OpenCL,296.1111111111111,797.8,2.6942589118198876
cell_8/comb_iter_2/left/separable_5x5_2/separable_conv2d/depthwise,CPU,71.1,74.0,1.0407876230661042
cell_8/comb_iter_2/right/separable_3x3_2/separable_conv2d/depthwise,CPU,30.7,33.8,1.1009771986970682
cell_8/comb_iter_1/left/separable_7x7_2/separable_conv2d,OpenCL,294.5,969.6,3.2923599320882855
cell_8/comb_iter_2/left/separable_5x5_2/separable_conv2d,CPU,170.8,176.5,1.0333723653395783
cell_8/comb_iter_2/right/separable_3x3_2/separable_conv2d,CPU,172.6,177.0,1.0254924681344149
cell_8/comb_iter_1/left/bn_sep_7x7_2/FusedBatchNorm___tr4cell_8/comb_iter_1/combine/add,CPU,10.0,10.2,1.02
cell_8/comb_iter_1/right/MaxPool2D/MaxPool___tr4cell_8/comb_iter_1/combine/add,CPU,18.444444444444443,18.2,0.9867469879518073
cell_8/comb_iter_1/combine/add,CPU,10.1,16.3,1.613861386138614
cell_8/comb_iter_2/combine/add,CPU,7.4,10.6,1.4324324324324322
cell_8/comb_iter_3/left/Relu,CPU,6.3,7.6,1.2063492063492063
cell_8/comb_iter_3/left/separable_3x3_1/separable_conv2d/depthwise,CPU,30.1,32.0,1.0631229235880397
cell_8/comb_iter_3/left/separable_3x3_1/separable_conv2d,CPU,169.8,199.1,1.1725559481743226
cell_8/comb_iter_3/left/separable_3x3_2/separable_conv2d/depthwise,CPU,29.7,31.3,1.0538720538720538
cell_8/comb_iter_3/left/separable_3x3_2/separable_conv2d,CPU,169.0,179.8,1.0639053254437871
cell_8/comb_iter_3/left/bn_sep_3x3_2/FusedBatchNorm___tr4cell_8/comb_iter_3/combine/add,CPU,7.7,13.9,1.8051948051948052
cell_8/comb_iter_3/right/MaxPool2D/MaxPool___tr4cell_8/comb_iter_3/combine/add,CPU,26.333333333333332,15.7,0.5962025316455696
cell_8/comb_iter_3/combine/add,CPU,8.1,9.8,1.2098765432098766
cell_8/comb_iter_2/combine/add___tr4cell_8/cell_output/concat,CPU,7.428571428571429,19.2,2.5846153846153843
cell_8/cell_output/concat,CPU,44.1,73.9,1.6757369614512472
final_layer/Relu,CPU,23.0,34.7,1.5086956521739132
final_layer/Mean,CPU,73.8,74.6,1.010840108401084
final_layer/FC/MatMul,CPU,3335.1111111111113,3740.8,1.121641791044776
final_layer/FC/BiasAdd,CPU,15.222222222222221,26.3,1.7277372262773725
final_layer/predictions,CPU,11.333333333333334,11.4,1.0058823529411764
