conv0/Conv2D,OpenCL,2338.4285714285716,2778.2,1.188062801637241
cell_stem_0/Relu,OpenCL,814.875,880.0,1.0799202331645958
cell_stem_0/1x1/Conv2D,OpenCL,1113.0,1156.0,1.0386343216531895
cell_stem_0/comb_iter_1/left/MaxPool2D/MaxPool,OpenCL,300.1111111111111,323.7,1.0786005183265457
cell_stem_0/comb_iter_1/right/Relu,OpenCL,838.375,912.8,1.0887729238109438
cell_stem_0/comb_iter_1/right/separable_7x7_1/separable_conv2d/depthwise,OpenCL,5537.625,6168.7,1.1139613101284396
cell_stem_0/comb_iter_1/right/separable_7x7_1/separable_conv2d,OpenCL,536.4285714285714,845.7,1.576537949400799
cell_stem_0/comb_iter_1/right/separable_7x7_2/separable_conv2d/depthwise,OpenCL,703.875,780.5,1.108861658675191
cell_stem_0/comb_iter_1/right/separable_7x7_2/separable_conv2d,OpenCL,373.42857142857144,466.3,1.248699311400153
cell_stem_0/comb_iter_1/left/MaxPool2D/MaxPool___tr4cell_stem_0/comb_iter_1/combine/add,OpenCL,299.55555555555554,437.4,1.4601632047477744
cell_stem_0/comb_iter_1/right/bn_sep_7x7_2/FusedBatchNormV3___tr4cell_stem_0/comb_iter_1/combine/add,OpenCL,237.11111111111111,261.2,1.101593252108716
cell_stem_0/comb_iter_1/combine/add,OpenCL,218.0,218.0,1.0
cell_stem_0/comb_iter_2/left/AvgPool2D/AvgPool,OpenCL,288.0,296.0,1.0277777777777777
cell_stem_0/comb_iter_2/right/Relu,OpenCL,810.4444444444445,834.9,1.0301754867013984
cell_stem_0/comb_iter_2/right/separable_5x5_1/separable_conv2d/depthwise,OpenCL,2989.7,2989.7,1.0
cell_stem_0/comb_iter_2/right/separable_5x5_1/separable_conv2d,OpenCL,500.6,500.6,1.0
cell_stem_0/comb_iter_2/right/separable_5x5_2/separable_conv2d/depthwise,OpenCL,455.875,513.4,1.1261859062242938
cell_stem_0/comb_iter_2/right/separable_5x5_2/separable_conv2d,OpenCL,349.375,398.9,1.14175313059034
cell_stem_0/comb_iter_2/left/AvgPool2D/AvgPool___tr4cell_stem_0/comb_iter_2/combine/add,OpenCL,217.85714285714286,289.1,1.3270163934426231
cell_stem_0/comb_iter_2/right/bn_sep_5x5_2/FusedBatchNormV3___tr4cell_stem_0/comb_iter_2/combine/add,OpenCL,230.7,230.7,1.0
cell_stem_0/comb_iter_2/combine/add,OpenCL,215.88888888888889,237.3,1.0991765311374164
cell_stem_0/comb_iter_0/left/Relu,OpenCL,433.6,433.6,1.0
cell_stem_0/comb_iter_0/left/separable_5x5_1/separable_conv2d/depthwise,OpenCL,625.7,625.7,1.0
cell_stem_0/comb_iter_0/left/separable_5x5_1/separable_conv2d,OpenCL,329.4,329.4,1.0
cell_stem_0/comb_iter_0/left/separable_5x5_2/separable_conv2d/depthwise,OpenCL,451.4,451.4,1.0
cell_stem_0/comb_iter_0/left/separable_5x5_2/separable_conv2d,OpenCL,357.875,394.3,1.101781348236116
cell_stem_0/comb_iter_0/right/Relu,OpenCL,819.7777777777778,982.6,1.1986175115207374
cell_stem_0/comb_iter_0/right/separable_7x7_1/separable_conv2d/depthwise,OpenCL,5895.222222222223,6038.3,1.0242701245829957
cell_stem_0/comb_iter_0/right/separable_7x7_1/separable_conv2d,OpenCL,503.4,990.9,1.968414779499404
cell_stem_0/comb_iter_0/right/separable_7x7_2/separable_conv2d/depthwise,OpenCL,640.5555555555555,669.2,1.0447181266261927
cell_stem_0/comb_iter_0/right/separable_7x7_2/separable_conv2d,OpenCL,353.55555555555554,367.2,1.0385920804525455
cell_stem_0/comb_iter_0/combine/add,OpenCL,213.11111111111111,218.9,1.0271637122002086
cell_stem_0/comb_iter_3/right/AvgPool2D/AvgPool,OpenCL,282.0,282.0,1.0
cell_stem_0/comb_iter_3/right/AvgPool2D/AvgPool___tr4cell_stem_0/comb_iter_3/combine/add,OpenCL,222.5,222.5,1.0
cell_stem_0/comb_iter_3/combine/add,OpenCL,218.33333333333334,242.0,1.1083969465648855
cell_stem_0/comb_iter_4/left/Relu,OpenCL,225.22222222222223,250.0,1.110014800197336
cell_stem_0/comb_iter_4/left/separable_3x3_1/separable_conv2d/depthwise,OpenCL,319.3,319.3,1.0
cell_stem_0/comb_iter_4/left/separable_3x3_1/separable_conv2d,OpenCL,335.3333333333333,362.7,1.081610337972167
cell_stem_0/comb_iter_4/left/separable_3x3_2/separable_conv2d/depthwise,OpenCL,318.0,342.6,1.0773584905660378
cell_stem_0/comb_iter_4/left/separable_3x3_2/separable_conv2d,OpenCL,352.6666666666667,374.4,1.0616257088846879
cell_stem_0/comb_iter_4/right/MaxPool2D/MaxPool,OpenCL,305.2,305.2,1.0
cell_stem_0/comb_iter_4/left/bn_sep_3x3_2/FusedBatchNormV3___tr4cell_stem_0/comb_iter_4/combine/add,OpenCL,220.9,220.9,1.0
cell_stem_0/comb_iter_4/right/MaxPool2D/MaxPool___tr4cell_stem_0/comb_iter_4/combine/add,OpenCL,221.9,221.9,1.0
cell_stem_0/comb_iter_4/combine/add,OpenCL,219.66666666666666,242.1,1.1021244309559939
cell_stem_0/cell_output/concat,OpenCL,11004.333333333334,11265.7,1.0237512495077696
cell_stem_1/Relu_1,OpenCL,777.2857142857143,1069.4,1.3758132696195553
cell_stem_1/Relu_1___tr4cell_stem_1/1x1/Conv2D,OpenCL,802.6666666666666,823.2,1.0255813953488373
cell_stem_1/1x1/Conv2D,OpenCL,1513.3,1513.3,1.0
cell_stem_1/comb_iter_1/left/MaxPool2D/MaxPool,OpenCL,233.2,233.2,1.0
cell_stem_1/Relu,OpenCL,811.4,811.4,1.0
cell_stem_1/AvgPool2D,OpenCL,354.1,354.1,1.0
cell_stem_1/path1_conv/Conv2D,OpenCL,530.7,530.7,1.0
cell_stem_1/Pad/paddings,CPU,0.0,0.5,0
cell_stem_1/Pad_Gather_Index,CPU,0.0,0.1,0
cell_stem_1/Pad_Gather,CPU,0.0,0.4,0
cell_stem_1/Pad,CPU,2434.0,5594.9,2.298644207066557
cell_stem_1/strided_slice/stack,CPU,0.0,0.5,0
cell_stem_1/strided_slice/stack_1,CPU,0.0,0.3,0
cell_stem_1/strided_slice/stack_2,CPU,0.0,0.2,0
cell_stem_1/Pad___tr4cell_stem_1/strided_slice,OpenCL,9395.666666666666,10002.1,1.0645439386951432
cell_stem_1/strided_slice,CPU,2543.7,5634.6,2.2151197075126787
cell_stem_1/strided_slice___tr4cell_stem_1/AvgPool2D_1,OpenCL,5676.0,5676.0,1.0
cell_stem_1/AvgPool2D_1,OpenCL,373.3333333333333,462.3,1.2383035714285715
cell_stem_1/path2_conv/Conv2D,OpenCL,562.4,562.4,1.0
cell_stem_1/concat,OpenCL,5762.777777777777,5924.2,1.0280111828786271
cell_stem_1/final_path_bn/FusedBatchNormV3,OpenCL,355.14285714285717,596.3,1.6790426387771518
cell_stem_1/comb_iter_1/right/Relu,OpenCL,321.0,347.5,1.0825545171339563
cell_stem_1/comb_iter_1/right/separable_7x7_1/separable_conv2d/depthwise,OpenCL,628.6,628.6,1.0
cell_stem_1/comb_iter_1/right/separable_7x7_1/separable_conv2d,OpenCL,335.1111111111111,359.7,1.0733753315649868
cell_stem_1/comb_iter_1/right/separable_7x7_2/separable_conv2d/depthwise,OpenCL,435.0,470.5,1.0816091954022988
cell_stem_1/comb_iter_1/right/separable_7x7_2/separable_conv2d,OpenCL,356.5,356.5,1.0
cell_stem_1/comb_iter_1/left/MaxPool2D/MaxPool___tr4cell_stem_1/comb_iter_1/combine/add,OpenCL,185.7,185.7,1.0
cell_stem_1/comb_iter_1/right/bn_sep_7x7_2/FusedBatchNormV3___tr4cell_stem_1/comb_iter_1/combine/add,OpenCL,179.22222222222223,183.3,1.0227526348419096
cell_stem_1/comb_iter_1/combine/add,OpenCL,187.88888888888889,192.3,1.02347723240686
cell_stem_1/comb_iter_2/left/AvgPool2D/AvgPool,OpenCL,224.0,229.7,1.0254464285714284
cell_stem_1/comb_iter_2/right/Relu,OpenCL,308.3,308.3,1.0
cell_stem_1/comb_iter_2/right/separable_5x5_1/separable_conv2d/depthwise,OpenCL,434.1111111111111,458.0,1.055029434348605
cell_stem_1/comb_iter_2/right/separable_5x5_1/separable_conv2d,OpenCL,333.0,383.2,1.1507507507507506
cell_stem_1/comb_iter_2/right/separable_5x5_2/separable_conv2d/depthwise,OpenCL,343.5,400.7,1.1665211062590974
cell_stem_1/comb_iter_2/right/separable_5x5_2/separable_conv2d,OpenCL,380.77777777777777,405.8,1.065713451998833
cell_stem_1/comb_iter_2/left/AvgPool2D/AvgPool___tr4cell_stem_1/comb_iter_2/combine/add,OpenCL,175.66666666666666,180.4,1.026944971537002
cell_stem_1/comb_iter_2/right/bn_sep_5x5_2/FusedBatchNormV3___tr4cell_stem_1/comb_iter_2/combine/add,OpenCL,177.6,177.6,1.0
cell_stem_1/comb_iter_2/combine/add,OpenCL,173.3,173.3,1.0
cell_stem_1/comb_iter_0/left/Relu,OpenCL,306.6,306.6,1.0
cell_stem_1/comb_iter_0/left/separable_5x5_1/separable_conv2d/depthwise,OpenCL,432.77777777777777,455.7,1.0529653401797177
cell_stem_1/comb_iter_0/left/separable_5x5_1/separable_conv2d,OpenCL,327.3333333333333,349.3,1.0671079429735235
cell_stem_1/comb_iter_0/left/separable_5x5_2/separable_conv2d/depthwise,OpenCL,340.44444444444446,364.3,1.0700718015665796
cell_stem_1/comb_iter_0/left/separable_5x5_2/separable_conv2d,OpenCL,378.5,423.7,1.1194187582562747
cell_stem_1/comb_iter_0/right/Relu,OpenCL,308.5,358.0,1.160453808752026
cell_stem_1/comb_iter_0/right/separable_7x7_1/separable_conv2d/depthwise,OpenCL,666.875,707.3,1.060618556701031
cell_stem_1/comb_iter_0/right/separable_7x7_1/separable_conv2d,OpenCL,312.625,382.7,1.2241503398640543
cell_stem_1/comb_iter_0/right/separable_7x7_2/separable_conv2d/depthwise,OpenCL,446.4,446.4,1.0
cell_stem_1/comb_iter_0/right/separable_7x7_2/separable_conv2d,OpenCL,372.55555555555554,390.0,1.0468237399343872
cell_stem_1/comb_iter_0/combine/add,OpenCL,176.66666666666666,201.3,1.1394339622641512
cell_stem_1/comb_iter_3/right/AvgPool2D/AvgPool,OpenCL,207.8,207.8,1.0
cell_stem_1/comb_iter_3/right/AvgPool2D/AvgPool___tr4cell_stem_1/comb_iter_3/combine/add,OpenCL,177.55555555555554,192.0,1.081351689612015
cell_stem_1/comb_iter_3/combine/add,OpenCL,172.22222222222223,202.3,1.1746451612903226
cell_stem_1/comb_iter_4/left/Relu,OpenCL,178.625,236.7,1.3251224632610217
cell_stem_1/comb_iter_4/left/separable_3x3_1/separable_conv2d/depthwise,OpenCL,265.22222222222223,288.1,1.0862589023879348
cell_stem_1/comb_iter_4/left/separable_3x3_1/separable_conv2d,OpenCL,322.1111111111111,348.6,1.082235253535702
cell_stem_1/comb_iter_4/left/separable_3x3_2/separable_conv2d/depthwise,OpenCL,254.44444444444449,260.4,1.0234061135371177
cell_stem_1/comb_iter_4/left/separable_3x3_2/separable_conv2d,OpenCL,380.9,380.9,1.0
cell_stem_1/comb_iter_4/right/MaxPool2D/MaxPool,OpenCL,225.44444444444446,247.4,1.097387875800887
cell_stem_1/comb_iter_4/left/bn_sep_3x3_2/FusedBatchNormV3___tr4cell_stem_1/comb_iter_4/combine/add,OpenCL,174.66666666666666,201.6,1.1541984732824428
cell_stem_1/comb_iter_4/right/MaxPool2D/MaxPool___tr4cell_stem_1/comb_iter_4/combine/add,OpenCL,183.11111111111111,188.6,1.0299757281553397
cell_stem_1/comb_iter_4/combine/add,OpenCL,174.125,189.1,1.0860014357501795
cell_stem_1/cell_output/concat,OpenCL,6442.555555555556,6632.3,1.0294517358536124
cell_1/Relu,OpenCL,456.75,621.9,1.361576354679803
cell_1/Relu___tr4cell_1/prev_1x1/Conv2D,OpenCL,401.125,453.4,1.1303209722655032
cell_1/prev_1x1/Conv2D,OpenCL,1388.9,1388.9,1.0
cell_0/Relu,OpenCL,696.9,696.9,1.0
cell_0/Relu___tr4cell_0/AvgPool2D,OpenCL,703.1111111111111,770.0,1.095132743362832
cell_0/AvgPool2D,OpenCL,294.7,294.7,1.0
cell_0/path1_conv/Conv2D,OpenCL,574.7,574.7,1.0
cell_0/Pad/paddings,CPU,0.0,0.4,0
cell_0/Pad,CPU,1569.8,3257.5,2.075105108931074
cell_0/strided_slice/stack,CPU,0.0,0.5,0
cell_0/strided_slice/stack_1,CPU,0.0,0.3,0
cell_0/strided_slice/stack_2,CPU,0.0,0.3,0
cell_0/strided_slice,CPU,1102.6,1089.8,0.9883910756393979
cell_0/strided_slice___tr4cell_0/AvgPool2D_1,OpenCL,3984.9,3984.9,1.0
cell_0/AvgPool2D_1,OpenCL,293.3,293.3,1.0
cell_0/path2_conv/Conv2D,OpenCL,575.8,575.8,1.0
cell_0/concat,OpenCL,214.77777777777777,220.2,1.0252457320227626
cell_0/final_path_bn/FusedBatchNormV3,OpenCL,282.77777777777777,338.7,1.1977603143418467
cell_0/Relu_1,OpenCL,399.5,399.5,1.0
cell_0/Relu_1___tr4cell_0/1x1/Conv2D,OpenCL,387.1,387.1,1.0
cell_0/1x1/Conv2D,OpenCL,1298.75,1370.9,1.055553416746872
cell_0/comb_iter_0/left/Relu,OpenCL,282.6666666666667,336.5,1.190448113207547
cell_0/comb_iter_0/left/separable_5x5_1/separable_conv2d/depthwise,OpenCL,370.9,370.9,1.0
cell_0/comb_iter_0/left/separable_5x5_1/separable_conv2d,OpenCL,732.1111111111111,755.2,1.0315374108362423
cell_0/comb_iter_0/left/separable_5x5_2/separable_conv2d/depthwise,OpenCL,381.875,430.2,1.1265466448445172
cell_0/comb_iter_0/left/separable_5x5_2/separable_conv2d,OpenCL,790.4444444444445,831.6,1.0520663480461063
cell_0/comb_iter_0/right/Relu,OpenCL,332.6666666666667,456.4,1.371943887775551
cell_0/comb_iter_0/right/separable_3x3_1/separable_conv2d/depthwise,OpenCL,285.3,285.3,1.0
cell_0/comb_iter_0/right/separable_3x3_1/separable_conv2d,OpenCL,694.8888888888889,723.7,1.041461464662616
cell_0/comb_iter_0/right/separable_3x3_2/separable_conv2d/depthwise,OpenCL,287.0,311.4,1.0850174216027875
cell_0/comb_iter_0/right/separable_3x3_2/separable_conv2d,OpenCL,777.1111111111111,818.7,1.053517300543323
cell_0/comb_iter_0/combine/add,OpenCL,221.55555555555554,330.8,1.4930792377131397
cell_0/comb_iter_1/left/Relu,OpenCL,277.2,277.2,1.0
cell_0/comb_iter_1/left/separable_5x5_1/separable_conv2d/depthwise,OpenCL,378.6,378.6,1.0
cell_0/comb_iter_1/left/separable_5x5_1/separable_conv2d,OpenCL,717.7,717.7,1.0
cell_0/comb_iter_1/left/separable_5x5_2/separable_conv2d/depthwise,OpenCL,374.7,374.7,1.0
cell_0/comb_iter_1/left/separable_5x5_2/separable_conv2d,OpenCL,748.1111111111111,793.7,1.0609386603297193
cell_0/comb_iter_1/right/Relu,OpenCL,274.125,576.1,2.1015959872321024
cell_0/comb_iter_1/right/separable_3x3_1/separable_conv2d/depthwise,OpenCL,287.1,287.1,1.0
cell_0/comb_iter_1/right/separable_3x3_1/separable_conv2d,OpenCL,721.1,721.1,1.0
cell_0/comb_iter_1/right/separable_3x3_2/separable_conv2d/depthwise,OpenCL,289.0,341.9,1.183044982698962
cell_0/comb_iter_1/right/separable_3x3_2/separable_conv2d,OpenCL,741.0,833.8,1.1252361673414304
cell_0/comb_iter_1/combine/add,OpenCL,220.66666666666666,227.8,1.0323262839879155
cell_0/comb_iter_2/left/AvgPool2D/AvgPool,OpenCL,323.3,323.3,1.0
cell_0/comb_iter_2/left/AvgPool2D/AvgPool___tr4cell_0/comb_iter_2/combine/add,OpenCL,277.3,277.3,1.0
cell_0/final_path_bn/FusedBatchNormV3___tr4cell_0/comb_iter_2/combine/add,OpenCL,279.1,279.1,1.0
cell_0/comb_iter_2/combine/add,OpenCL,211.2,211.2,1.0
cell_0/comb_iter_3/left/AvgPool2D/AvgPool,OpenCL,334.625,385.9,1.1532312289876727
cell_0/comb_iter_3/right/AvgPool2D/AvgPool,OpenCL,335.0,352.3,1.0516417910447762
cell_0/comb_iter_3/left/AvgPool2D/AvgPool___tr4cell_0/comb_iter_3/combine/add,OpenCL,273.22222222222223,302.6,1.1075233834892233
cell_0/comb_iter_3/right/AvgPool2D/AvgPool___tr4cell_0/comb_iter_3/combine/add,OpenCL,274.55555555555554,300.3,1.0937677053824364
cell_0/comb_iter_3/combine/add,OpenCL,214.55555555555554,237.0,1.1046090108751943
cell_0/comb_iter_4/left/Relu,OpenCL,272.44444444444446,295.4,1.0842577487765088
cell_0/comb_iter_4/left/separable_3x3_1/separable_conv2d/depthwise,OpenCL,290.1111111111111,311.8,1.0747606281118347
cell_0/comb_iter_4/left/separable_3x3_1/separable_conv2d,OpenCL,752.1111111111111,774.5,1.029768060274782
cell_0/comb_iter_4/left/separable_3x3_2/separable_conv2d/depthwise,OpenCL,279.3333333333333,405.7,1.4523866348448689
cell_0/comb_iter_4/left/separable_3x3_2/separable_conv2d,OpenCL,761.3333333333334,781.3,1.0262259194395795
cell_0/comb_iter_4/combine/add,OpenCL,214.0,322.1,1.505140186915888
cell_0/comb_iter_2/combine/add___tr4cell_0/cell_output/concat,OpenCL,297.14285714285717,371.1,1.2488942307692308
cell_0/comb_iter_3/combine/add___tr4cell_0/cell_output/concat,OpenCL,278.0,328.1,1.1802158273381296
cell_0/cell_output/concat,OpenCL,566.8888888888889,591.0,1.042532340258722
cell_1/Relu_1,OpenCL,892.3333333333334,918.8,1.0296600672394471
cell_1/1x1/Conv2D,OpenCL,3502.6666666666665,3596.5,1.0267891130567188
cell_1/comb_iter_0/left/Relu,OpenCL,284.3,284.3,1.0
cell_1/comb_iter_0/left/separable_5x5_1/separable_conv2d/depthwise,OpenCL,382.2,382.2,1.0
cell_1/comb_iter_0/left/separable_5x5_1/separable_conv2d,OpenCL,691.8888888888889,708.4,1.0238638188533804
cell_1/comb_iter_0/left/separable_5x5_2/separable_conv2d/depthwise,OpenCL,373.1,373.1,1.0
cell_1/comb_iter_0/left/separable_5x5_2/separable_conv2d,OpenCL,737.0,737.0,1.0
cell_1/comb_iter_0/right/Relu,OpenCL,283.0,305.2,1.0784452296819789
cell_1/comb_iter_0/right/separable_3x3_1/separable_conv2d/depthwise,OpenCL,288.6666666666667,310.5,1.075635103926097
cell_1/comb_iter_0/right/separable_3x3_1/separable_conv2d,OpenCL,706.7777777777778,731.4,1.0348372897343183
cell_1/comb_iter_0/right/separable_3x3_2/separable_conv2d/depthwise,OpenCL,290.6666666666667,311.8,1.0727064220183486
cell_1/comb_iter_0/right/separable_3x3_2/separable_conv2d,OpenCL,742.2,742.2,1.0
cell_1/comb_iter_0/combine/add,OpenCL,214.11111111111111,220.8,1.0312402698495071
cell_1/comb_iter_1/left/Relu,OpenCL,277.55555555555554,299.5,1.0790632506004805
cell_1/comb_iter_1/left/separable_5x5_1/separable_conv2d/depthwise,OpenCL,377.3,377.3,1.0
cell_1/comb_iter_1/left/separable_5x5_1/separable_conv2d,OpenCL,724.2222222222222,747.5,1.0321417612764652
cell_1/comb_iter_1/left/separable_5x5_2/separable_conv2d/depthwise,OpenCL,375.3333333333333,397.2,1.058259325044405
cell_1/comb_iter_1/left/separable_5x5_2/separable_conv2d,OpenCL,768.3,768.3,1.0
cell_1/comb_iter_1/right/Relu,OpenCL,281.25,326.9,1.162311111111111
cell_1/comb_iter_1/right/separable_3x3_1/separable_conv2d/depthwise,OpenCL,281.875,336.7,1.19450110864745
cell_1/comb_iter_1/right/separable_3x3_1/separable_conv2d,OpenCL,722.1,722.1,1.0
cell_1/comb_iter_1/right/separable_3x3_2/separable_conv2d/depthwise,OpenCL,283.55555555555554,339.9,1.198706896551724
cell_1/comb_iter_1/right/separable_3x3_2/separable_conv2d,OpenCL,763.1111111111111,799.3,1.047422830518346
cell_1/comb_iter_1/combine/add,OpenCL,210.1,210.1,1.0
cell_1/comb_iter_2/left/AvgPool2D/AvgPool,OpenCL,340.8,340.8,1.0
cell_1/comb_iter_2/left/AvgPool2D/AvgPool___tr4cell_1/comb_iter_2/combine/add,OpenCL,274.1,274.1,1.0
cell_1/prev_bn/FusedBatchNormV3___tr4cell_1/comb_iter_2/combine/add,OpenCL,276.7,276.7,1.0
cell_1/comb_iter_2/combine/add,OpenCL,216.55555555555554,221.6,1.0232939969214983
cell_1/comb_iter_3/left/AvgPool2D/AvgPool,OpenCL,322.6666666666667,336.5,1.0428719008264462
cell_1/comb_iter_3/right/AvgPool2D/AvgPool,OpenCL,327.6666666666667,353.5,1.0788402848423193
cell_1/comb_iter_3/left/AvgPool2D/AvgPool___tr4cell_1/comb_iter_3/combine/add,OpenCL,272.6666666666667,279.4,1.0246943765281171
cell_1/comb_iter_3/right/AvgPool2D/AvgPool___tr4cell_1/comb_iter_3/combine/add,OpenCL,282.2,282.2,1.0
cell_1/comb_iter_3/combine/add,OpenCL,221.4,221.4,1.0
cell_1/comb_iter_4/left/Relu,OpenCL,276.44444444444446,282.9,1.0233520900321542
cell_1/comb_iter_4/left/separable_3x3_1/separable_conv2d/depthwise,OpenCL,281.5,281.5,1.0
cell_1/comb_iter_4/left/separable_3x3_1/separable_conv2d,OpenCL,706.9,706.9,1.0
cell_1/comb_iter_4/left/separable_3x3_2/separable_conv2d/depthwise,OpenCL,284.2,284.2,1.0
cell_1/comb_iter_4/left/separable_3x3_2/separable_conv2d,OpenCL,732.0,779.0,1.064207650273224
cell_1/comb_iter_4/combine/add,OpenCL,216.75,269.9,1.2452133794694347
cell_1/comb_iter_2/combine/add___tr4cell_1/cell_output/concat,OpenCL,282.6666666666667,297.6,1.0528301886792453
cell_1/comb_iter_3/combine/add___tr4cell_1/cell_output/concat,OpenCL,271.44444444444446,289.0,1.0646745804338926
cell_1/cell_output/concat,OpenCL,544.4444444444445,581.6,1.0682448979591836
cell_3/Relu,OpenCL,905.4444444444445,1052.0,1.1618603509633083
cell_3/prev_1x1/Conv2D,OpenCL,3501.7,3501.7,1.0
cell_2/Relu,OpenCL,883.6,883.6,1.0
cell_2/prev_1x1/Conv2D,OpenCL,3479.222222222222,3615.2,1.039082809056941
cell_2/Relu_1,OpenCL,882.8888888888889,955.8,1.0825824314120311
cell_2/1x1/Conv2D,OpenCL,3479.777777777778,3750.4,1.0777699725397536
cell_2/comb_iter_0/left/Relu,OpenCL,280.75,426.6,1.5195013357079252
cell_2/comb_iter_0/left/separable_5x5_1/separable_conv2d/depthwise,OpenCL,372.1111111111111,385.4,1.0357121528814572
cell_2/comb_iter_0/left/separable_5x5_1/separable_conv2d,OpenCL,722.1111111111111,739.0,1.0233882135713186
cell_2/comb_iter_0/left/separable_5x5_2/separable_conv2d/depthwise,OpenCL,381.8888888888889,408.3,1.0691591504218796
cell_2/comb_iter_0/left/separable_5x5_2/separable_conv2d,OpenCL,767.2,767.2,1.0
cell_2/comb_iter_0/right/Relu,OpenCL,279.3,279.3,1.0
cell_2/comb_iter_0/right/separable_3x3_1/separable_conv2d/depthwise,OpenCL,286.5,286.5,1.0
cell_2/comb_iter_0/right/separable_3x3_1/separable_conv2d,OpenCL,742.6666666666666,765.3,1.030475763016158
cell_2/comb_iter_0/right/separable_3x3_2/separable_conv2d/depthwise,OpenCL,282.1,282.1,1.0
cell_2/comb_iter_0/right/separable_3x3_2/separable_conv2d,OpenCL,727.4,727.4,1.0
cell_2/comb_iter_0/combine/add,OpenCL,219.625,269.2,1.2257256687535572
cell_2/comb_iter_1/left/Relu,OpenCL,278.2,278.2,1.0
cell_2/comb_iter_1/left/separable_5x5_1/separable_conv2d/depthwise,OpenCL,369.44444444444446,381.4,1.032360902255639
cell_2/comb_iter_1/left/separable_5x5_1/separable_conv2d,OpenCL,708.3333333333334,725.9,1.0248
cell_2/comb_iter_1/left/separable_5x5_2/separable_conv2d/depthwise,OpenCL,370.9,370.9,1.0
cell_2/comb_iter_1/left/separable_5x5_2/separable_conv2d,OpenCL,763.8,763.8,1.0
cell_2/comb_iter_1/right/Relu,OpenCL,273.1111111111111,280.5,1.0270545158665583
cell_2/comb_iter_1/right/separable_3x3_1/separable_conv2d/depthwise,OpenCL,283.5,283.5,1.0
cell_2/comb_iter_1/right/separable_3x3_1/separable_conv2d,OpenCL,704.9,704.9,1.0
cell_2/comb_iter_1/right/separable_3x3_2/separable_conv2d/depthwise,OpenCL,285.8888888888889,309.4,1.0822386319471433
cell_2/comb_iter_1/right/separable_3x3_2/separable_conv2d,OpenCL,745.6666666666666,763.8,1.0243182834152884
cell_2/comb_iter_1/combine/add,OpenCL,208.0,233.6,1.123076923076923
cell_2/comb_iter_2/left/AvgPool2D/AvgPool,OpenCL,330.8,330.8,1.0
cell_2/comb_iter_2/left/AvgPool2D/AvgPool___tr4cell_2/comb_iter_2/combine/add,OpenCL,283.5,283.5,1.0
cell_2/prev_bn/FusedBatchNormV3___tr4cell_2/comb_iter_2/combine/add,OpenCL,265.55555555555554,271.7,1.0231380753138075
cell_2/comb_iter_2/combine/add,OpenCL,211.44444444444446,217.0,1.026274303730951
cell_2/comb_iter_3/left/AvgPool2D/AvgPool,OpenCL,322.0,322.0,1.0
cell_2/comb_iter_3/right/AvgPool2D/AvgPool,OpenCL,327.7,327.7,1.0
cell_2/comb_iter_3/left/AvgPool2D/AvgPool___tr4cell_2/comb_iter_3/combine/add,OpenCL,271.44444444444446,278.7,1.0267294310274253
cell_2/comb_iter_3/right/AvgPool2D/AvgPool___tr4cell_2/comb_iter_3/combine/add,OpenCL,273.6,273.6,1.0
cell_2/comb_iter_3/combine/add,OpenCL,208.6,208.6,1.0
cell_2/comb_iter_4/left/Relu,OpenCL,274.55555555555554,281.2,1.0242007284500203
cell_2/comb_iter_4/left/separable_3x3_1/separable_conv2d/depthwise,OpenCL,287.4,287.4,1.0
cell_2/comb_iter_4/left/separable_3x3_1/separable_conv2d,OpenCL,707.2,707.2,1.0
cell_2/comb_iter_4/left/separable_3x3_2/separable_conv2d/depthwise,OpenCL,273.77777777777777,280.8,1.0256493506493507
cell_2/comb_iter_4/left/separable_3x3_2/separable_conv2d,OpenCL,731.8888888888889,749.6,1.024199180203431
cell_2/comb_iter_4/combine/add,OpenCL,210.0,235.8,1.122857142857143
cell_2/comb_iter_2/combine/add___tr4cell_2/cell_output/concat,OpenCL,274.6666666666667,300.0,1.0922330097087378
cell_2/comb_iter_3/combine/add___tr4cell_2/cell_output/concat,OpenCL,275.3333333333333,301.4,1.0946731234866829
cell_2/cell_output/concat,OpenCL,547.2222222222222,569.9,1.0414416243654823
cell_3/Relu_1,OpenCL,870.6,870.6,1.0
cell_3/1x1/Conv2D,OpenCL,3666.1,3666.1,1.0
cell_3/comb_iter_0/left/Relu,OpenCL,276.55555555555554,301.9,1.0916432302129369
cell_3/comb_iter_0/left/separable_5x5_1/separable_conv2d/depthwise,OpenCL,385.44444444444446,414.1,1.0743441914096281
cell_3/comb_iter_0/left/separable_5x5_1/separable_conv2d,OpenCL,716.8,716.8,1.0
cell_3/comb_iter_0/left/separable_5x5_2/separable_conv2d/depthwise,OpenCL,372.3,372.3,1.0
cell_3/comb_iter_0/left/separable_5x5_2/separable_conv2d,OpenCL,754.0,794.5,1.0537135278514589
cell_3/comb_iter_0/right/Relu,OpenCL,270.6666666666667,279.5,1.0326354679802956
cell_3/comb_iter_0/right/separable_3x3_1/separable_conv2d/depthwise,OpenCL,275.3333333333333,283.4,1.0292978208232446
cell_3/comb_iter_0/right/separable_3x3_1/separable_conv2d,OpenCL,733.9,733.9,1.0
cell_3/comb_iter_0/right/separable_3x3_2/separable_conv2d/depthwise,OpenCL,289.77777777777777,297.1,1.0252684049079757
cell_3/comb_iter_0/right/separable_3x3_2/separable_conv2d,OpenCL,757.4,757.4,1.0
cell_3/comb_iter_0/combine/add,OpenCL,212.3,212.3,1.0
cell_3/comb_iter_1/left/Relu,OpenCL,278.0,285.5,1.026978417266187
cell_3/comb_iter_1/left/separable_5x5_1/separable_conv2d/depthwise,OpenCL,371.7,371.7,1.0
cell_3/comb_iter_1/left/separable_5x5_1/separable_conv2d,OpenCL,727.8,727.8,1.0
cell_3/comb_iter_1/left/separable_5x5_2/separable_conv2d/depthwise,OpenCL,369.55555555555554,380.5,1.029615153337342
cell_3/comb_iter_1/left/separable_5x5_2/separable_conv2d,OpenCL,758.3,758.3,1.0
cell_3/comb_iter_1/right/Relu,OpenCL,280.6,280.6,1.0
cell_3/comb_iter_1/right/separable_3x3_1/separable_conv2d/depthwise,OpenCL,287.22222222222223,294.1,1.0239458413926499
cell_3/comb_iter_1/right/separable_3x3_1/separable_conv2d,OpenCL,704.2,704.2,1.0
cell_3/comb_iter_1/right/separable_3x3_2/separable_conv2d/depthwise,OpenCL,285.2,285.2,1.0
cell_3/comb_iter_1/right/separable_3x3_2/separable_conv2d,OpenCL,746.4444444444445,770.4,1.032092884787139
cell_3/comb_iter_1/combine/add,OpenCL,214.0,214.0,1.0
cell_3/comb_iter_2/left/AvgPool2D/AvgPool,OpenCL,334.7,334.7,1.0
cell_3/comb_iter_2/left/AvgPool2D/AvgPool___tr4cell_3/comb_iter_2/combine/add,OpenCL,275.6666666666667,340.8,1.2362756952841596
cell_3/prev_bn/FusedBatchNormV3___tr4cell_3/comb_iter_2/combine/add,OpenCL,279.0,279.0,1.0
cell_3/comb_iter_2/combine/add,OpenCL,213.88888888888889,219.3,1.0252987012987014
cell_3/comb_iter_3/left/AvgPool2D/AvgPool,OpenCL,330.0,339.0,1.0272727272727273
cell_3/comb_iter_3/right/AvgPool2D/AvgPool,OpenCL,323.77777777777777,372.1,1.149245024021963
cell_3/comb_iter_3/left/AvgPool2D/AvgPool___tr4cell_3/comb_iter_3/combine/add,OpenCL,284.3,284.3,1.0
cell_3/comb_iter_3/right/AvgPool2D/AvgPool___tr4cell_3/comb_iter_3/combine/add,OpenCL,277.0,285.4,1.0303249097472924
cell_3/comb_iter_3/combine/add,OpenCL,211.5,211.5,1.0
cell_3/comb_iter_4/left/Relu,OpenCL,283.0,283.0,1.0
cell_3/comb_iter_4/left/separable_3x3_1/separable_conv2d/depthwise,OpenCL,284.55555555555554,293.1,1.0300273330730185
cell_3/comb_iter_4/left/separable_3x3_1/separable_conv2d,OpenCL,739.6666666666666,768.2,1.0385759351059036
cell_3/comb_iter_4/left/separable_3x3_2/separable_conv2d/depthwise,OpenCL,287.0,287.0,1.0
cell_3/comb_iter_4/left/separable_3x3_2/separable_conv2d,OpenCL,727.8,727.8,1.0
cell_3/comb_iter_4/combine/add,OpenCL,218.0,228.5,1.048165137614679
cell_3/comb_iter_2/combine/add___tr4cell_3/cell_output/concat,OpenCL,275.3,275.3,1.0
cell_3/comb_iter_3/combine/add___tr4cell_3/cell_output/concat,OpenCL,277.8888888888889,285.0,1.025589764094362
cell_3/cell_output/concat,OpenCL,551.8888888888889,570.1,1.0329977853835313
cell_5/Relu,OpenCL,887.8,887.8,1.0
cell_5/prev_1x1/Conv2D,OpenCL,3586.4,3586.4,1.0
cell_4/Relu,OpenCL,905.9,905.9,1.0
cell_4/prev_1x1/Conv2D,OpenCL,3645.5,3645.5,1.0
cell_4/Relu_1,OpenCL,873.0,947.2,1.0849942726231387
cell_4/1x1/Conv2D,OpenCL,3547.0,3788.1,1.067972934874542
cell_4/comb_iter_0/left/Relu,OpenCL,281.14285714285717,436.0,1.5508130081300813
cell_4/comb_iter_0/left/separable_5x5_1/separable_conv2d/depthwise,OpenCL,387.8,387.8,1.0
cell_4/comb_iter_0/left/separable_5x5_1/separable_conv2d,OpenCL,702.1111111111111,722.8,1.0294666877670517
cell_4/comb_iter_0/left/separable_5x5_2/separable_conv2d/depthwise,OpenCL,374.3,374.3,1.0
cell_4/comb_iter_0/left/separable_5x5_2/separable_conv2d,OpenCL,742.2222222222222,761.7,1.02624251497006
cell_4/comb_iter_0/right/Relu,OpenCL,280.77777777777777,295.2,1.0513652552433717
cell_4/comb_iter_0/right/separable_3x3_1/separable_conv2d/depthwise,OpenCL,291.8,291.8,1.0
cell_4/comb_iter_0/right/separable_3x3_1/separable_conv2d,OpenCL,714.2,714.2,1.0
cell_4/comb_iter_0/right/separable_3x3_2/separable_conv2d/depthwise,OpenCL,288.6666666666667,296.1,1.0257505773672055
cell_4/comb_iter_0/right/separable_3x3_2/separable_conv2d,OpenCL,737.5,737.5,1.0
cell_4/comb_iter_0/combine/add,OpenCL,215.66666666666666,239.9,1.1123647604327667
cell_4/comb_iter_1/left/Relu,OpenCL,286.55555555555554,313.0,1.0922838309422258
cell_4/comb_iter_1/left/separable_5x5_1/separable_conv2d/depthwise,OpenCL,388.1,388.1,1.0
cell_4/comb_iter_1/left/separable_5x5_1/separable_conv2d,OpenCL,715.9,715.9,1.0
cell_4/comb_iter_1/left/separable_5x5_2/separable_conv2d/depthwise,OpenCL,372.22222222222223,381.8,1.0257313432835822
cell_4/comb_iter_1/left/separable_5x5_2/separable_conv2d,OpenCL,731.1,731.1,1.0
cell_4/comb_iter_1/right/Relu,OpenCL,277.4,277.4,1.0
cell_4/comb_iter_1/right/separable_3x3_1/separable_conv2d/depthwise,OpenCL,281.22222222222223,290.3,1.0322797313314895
cell_4/comb_iter_1/right/separable_3x3_1/separable_conv2d,OpenCL,728.2,728.2,1.0
cell_4/comb_iter_1/right/separable_3x3_2/separable_conv2d/depthwise,OpenCL,296.6,296.6,1.0
cell_4/comb_iter_1/right/separable_3x3_2/separable_conv2d,OpenCL,753.8,753.8,1.0
cell_4/comb_iter_1/combine/add,OpenCL,214.11111111111111,222.4,1.0387130254281267
cell_4/comb_iter_2/left/AvgPool2D/AvgPool,OpenCL,326.6,326.6,1.0
cell_4/comb_iter_2/left/AvgPool2D/AvgPool___tr4cell_4/comb_iter_2/combine/add,OpenCL,272.77777777777777,282.8,1.0367413441955193
cell_4/prev_bn/FusedBatchNormV3___tr4cell_4/comb_iter_2/combine/add,OpenCL,278.3333333333333,308.2,1.107305389221557
cell_4/comb_iter_2/combine/add,OpenCL,216.0,242.4,1.1222222222222222
cell_4/comb_iter_3/left/AvgPool2D/AvgPool,OpenCL,319.1111111111111,330.6,1.0360027855153204
cell_4/comb_iter_3/right/AvgPool2D/AvgPool,OpenCL,325.2,325.2,1.0
cell_4/comb_iter_3/left/AvgPool2D/AvgPool___tr4cell_4/comb_iter_3/combine/add,OpenCL,274.77777777777777,307.3,1.118358269308532
cell_4/comb_iter_3/right/AvgPool2D/AvgPool___tr4cell_4/comb_iter_3/combine/add,OpenCL,277.77777777777777,285.5,1.0278
cell_4/comb_iter_3/combine/add,OpenCL,211.5,211.5,1.0
cell_4/comb_iter_4/left/Relu,OpenCL,276.7,276.7,1.0
cell_4/comb_iter_4/left/separable_3x3_1/separable_conv2d/depthwise,OpenCL,277.8888888888889,286.8,1.0320671731307476
cell_4/comb_iter_4/left/separable_3x3_1/separable_conv2d,OpenCL,700.4,700.4,1.0
cell_4/comb_iter_4/left/separable_3x3_2/separable_conv2d/depthwise,OpenCL,284.6,284.6,1.0
cell_4/comb_iter_4/left/separable_3x3_2/separable_conv2d,OpenCL,746.4444444444445,767.4,1.0280738314974693
cell_4/comb_iter_4/combine/add,OpenCL,212.0,240.0,1.1320754716981132
cell_4/comb_iter_2/combine/add___tr4cell_4/cell_output/concat,OpenCL,281.4,281.4,1.0
cell_4/comb_iter_3/combine/add___tr4cell_4/cell_output/concat,OpenCL,270.6666666666667,278.8,1.0300492610837437
cell_4/cell_output/concat,OpenCL,546.25,590.2,1.0804576659038903
cell_5/Relu_1,OpenCL,882.2222222222222,906.9,1.0279722921914358
cell_5/1x1/Conv2D,OpenCL,3434.4444444444443,3658.9,1.0653542542866388
cell_5/comb_iter_0/left/Relu,OpenCL,279.77777777777777,370.7,1.3249801429706116
cell_5/comb_iter_0/left/separable_5x5_1/separable_conv2d/depthwise,OpenCL,375.2,375.2,1.0
cell_5/comb_iter_0/left/separable_5x5_1/separable_conv2d,OpenCL,700.7777777777778,717.6,1.0240050737276043
cell_5/comb_iter_0/left/separable_5x5_2/separable_conv2d/depthwise,OpenCL,382.1,382.1,1.0
cell_5/comb_iter_0/left/separable_5x5_2/separable_conv2d,OpenCL,746.0,746.0,1.0
cell_5/comb_iter_0/right/Relu,OpenCL,272.9,272.9,1.0
cell_5/comb_iter_0/right/separable_3x3_1/separable_conv2d/depthwise,OpenCL,284.1111111111111,293.6,1.0333985138834574
cell_5/comb_iter_0/right/separable_3x3_1/separable_conv2d,OpenCL,709.7,709.7,1.0
cell_5/comb_iter_0/right/separable_3x3_2/separable_conv2d/depthwise,OpenCL,286.8,286.8,1.0
cell_5/comb_iter_0/right/separable_3x3_2/separable_conv2d,OpenCL,741.8,741.8,1.0
cell_5/comb_iter_0/combine/add,OpenCL,213.6,213.6,1.0
cell_5/comb_iter_1/left/Relu,OpenCL,285.0,285.0,1.0
cell_5/comb_iter_1/left/separable_5x5_1/separable_conv2d/depthwise,OpenCL,382.3,382.3,1.0
cell_5/comb_iter_1/left/separable_5x5_1/separable_conv2d,OpenCL,720.6,720.6,1.0
cell_5/comb_iter_1/left/separable_5x5_2/separable_conv2d/depthwise,OpenCL,376.6,376.6,1.0
cell_5/comb_iter_1/left/separable_5x5_2/separable_conv2d,OpenCL,711.5555555555555,755.9,1.0623204247345408
cell_5/comb_iter_1/right/Relu,OpenCL,280.22222222222223,413.6,1.4759714512291833
cell_5/comb_iter_1/right/separable_3x3_1/separable_conv2d/depthwise,OpenCL,287.5,287.5,1.0
cell_5/comb_iter_1/right/separable_3x3_1/separable_conv2d,OpenCL,693.4444444444445,714.5,1.0303637237622176
cell_5/comb_iter_1/right/separable_3x3_2/separable_conv2d/depthwise,OpenCL,291.5,291.5,1.0
cell_5/comb_iter_1/right/separable_3x3_2/separable_conv2d,OpenCL,768.3,768.3,1.0
cell_5/comb_iter_1/combine/add,OpenCL,220.77777777777777,260.7,1.1808253648716658
cell_5/comb_iter_2/left/AvgPool2D/AvgPool,OpenCL,331.2,331.2,1.0
cell_5/comb_iter_2/left/AvgPool2D/AvgPool___tr4cell_5/comb_iter_2/combine/add,OpenCL,275.4,275.4,1.0
cell_5/prev_bn/FusedBatchNormV3___tr4cell_5/comb_iter_2/combine/add,OpenCL,275.44444444444446,283.2,1.0281565147236789
cell_5/comb_iter_2/combine/add,OpenCL,216.0,216.0,1.0
cell_5/comb_iter_3/left/AvgPool2D/AvgPool,OpenCL,323.8888888888889,331.5,1.0234991423670667
cell_5/comb_iter_3/right/AvgPool2D/AvgPool,OpenCL,341.1111111111111,349.3,1.0240065146579806
cell_5/comb_iter_3/left/AvgPool2D/AvgPool___tr4cell_5/comb_iter_3/combine/add,OpenCL,276.3333333333333,292.7,1.0592279855247286
cell_5/comb_iter_3/right/AvgPool2D/AvgPool___tr4cell_5/comb_iter_3/combine/add,OpenCL,275.9,275.9,1.0
cell_5/comb_iter_3/combine/add,OpenCL,214.0,220.3,1.0294392523364486
cell_5/comb_iter_4/left/Relu,OpenCL,280.5,280.5,1.0
cell_5/comb_iter_4/left/separable_3x3_1/separable_conv2d/depthwise,OpenCL,284.55555555555554,322.9,1.1347520499804764
cell_5/comb_iter_4/left/separable_3x3_1/separable_conv2d,OpenCL,698.2222222222222,741.1,1.0614099299809039
cell_5/comb_iter_4/left/separable_3x3_2/separable_conv2d/depthwise,OpenCL,289.3,289.3,1.0
cell_5/comb_iter_4/left/separable_3x3_2/separable_conv2d,OpenCL,731.8888888888889,753.9,1.0300743889479276
cell_5/comb_iter_4/combine/add,OpenCL,220.1,220.1,1.0
cell_5/comb_iter_2/combine/add___tr4cell_5/cell_output/concat,OpenCL,278.2,278.2,1.0
cell_5/comb_iter_3/combine/add___tr4cell_5/cell_output/concat,OpenCL,278.3,278.3,1.0
cell_5/cell_output/concat,OpenCL,553.0,576.2,1.0419529837251358
reduction_cell_0/Relu_1,OpenCL,860.2222222222222,905.3,1.0524024799793334
reduction_cell_0/1x1/Conv2D,OpenCL,6076.8,6076.8,1.0
reduction_cell_0/comb_iter_1/left/MaxPool2D/MaxPool,OpenCL,323.1111111111111,348.9,1.0798143053645117
reduction_cell_0/Relu,OpenCL,893.1111111111111,918.4,1.0283155013684997
reduction_cell_0/prev_1x1/Conv2D,OpenCL,5969.9,5969.9,1.0
reduction_cell_0/comb_iter_1/right/Relu,OpenCL,426.0,551.3,1.2941314553990608
reduction_cell_0/comb_iter_1/right/separable_7x7_1/separable_conv2d/depthwise,OpenCL,1548.2,1548.2,1.0
reduction_cell_0/comb_iter_1/right/separable_7x7_1/separable_conv2d,OpenCL,723.2,723.2,1.0
reduction_cell_0/comb_iter_1/right/separable_7x7_2/separable_conv2d/depthwise,OpenCL,351.5,351.5,1.0
reduction_cell_0/comb_iter_1/right/separable_7x7_2/separable_conv2d,OpenCL,782.2222222222222,801.5,1.0246448863636364
reduction_cell_0/comb_iter_1/left/MaxPool2D/MaxPool___tr4reduction_cell_0/comb_iter_1/combine/add,OpenCL,220.22222222222223,228.7,1.0384964682139253
reduction_cell_0/comb_iter_1/right/bn_sep_7x7_2/FusedBatchNormV3___tr4reduction_cell_0/comb_iter_1/combine/add,OpenCL,222.0,222.0,1.0
reduction_cell_0/comb_iter_1/combine/add,OpenCL,181.0,187.0,1.0331491712707181
reduction_cell_0/comb_iter_2/left/AvgPool2D/AvgPool,OpenCL,307.6,307.6,1.0
reduction_cell_0/comb_iter_2/right/Relu,OpenCL,406.3,406.3,1.0
reduction_cell_0/comb_iter_2/right/separable_5x5_1/separable_conv2d/depthwise,OpenCL,837.5555555555555,857.8,1.024170867604139
reduction_cell_0/comb_iter_2/right/separable_5x5_1/separable_conv2d,OpenCL,728.5,728.5,1.0
reduction_cell_0/comb_iter_2/right/separable_5x5_2/separable_conv2d/depthwise,OpenCL,287.4,287.4,1.0
reduction_cell_0/comb_iter_2/right/separable_5x5_2/separable_conv2d,OpenCL,799.8,799.8,1.0
reduction_cell_0/comb_iter_2/left/AvgPool2D/AvgPool___tr4reduction_cell_0/comb_iter_2/combine/add,OpenCL,220.22222222222223,225.3,1.0230575176589305
reduction_cell_0/comb_iter_2/right/bn_sep_5x5_2/FusedBatchNormV3___tr4reduction_cell_0/comb_iter_2/combine/add,OpenCL,220.77777777777777,226.1,1.0241066935078007
reduction_cell_0/comb_iter_2/combine/add,OpenCL,182.625,256.6,1.4050650239561946
reduction_cell_0/comb_iter_0/left/Relu,OpenCL,392.8888888888889,423.1,1.0768947963800906
reduction_cell_0/comb_iter_0/left/separable_5x5_1/separable_conv2d/depthwise,OpenCL,853.8,853.8,1.0
reduction_cell_0/comb_iter_0/left/separable_5x5_1/separable_conv2d,OpenCL,716.3333333333334,735.0,1.0260586319218241
reduction_cell_0/comb_iter_0/left/separable_5x5_2/separable_conv2d/depthwise,OpenCL,296.6666666666667,320.9,1.0816853932584267
reduction_cell_0/comb_iter_0/left/separable_5x5_2/separable_conv2d,OpenCL,814.1111111111111,838.1,1.0294663573085847
reduction_cell_0/comb_iter_0/right/Relu,OpenCL,391.0,404.2,1.0337595907928387
reduction_cell_0/comb_iter_0/right/separable_7x7_1/separable_conv2d/depthwise,OpenCL,1466.3333333333333,1512.5,1.0314844282791544
reduction_cell_0/comb_iter_0/right/separable_7x7_1/separable_conv2d,OpenCL,724.8,724.8,1.0
reduction_cell_0/comb_iter_0/right/separable_7x7_2/separable_conv2d/depthwise,OpenCL,345.0,355.4,1.0301449275362318
reduction_cell_0/comb_iter_0/right/separable_7x7_2/separable_conv2d,OpenCL,806.3,806.3,1.0
reduction_cell_0/comb_iter_0/combine/add,OpenCL,179.77777777777777,185.0,1.0290482076637826
reduction_cell_0/comb_iter_3/right/AvgPool2D/AvgPool,OpenCL,255.77777777777777,270.8,1.0587315377932234
reduction_cell_0/comb_iter_3/right/AvgPool2D/AvgPool___tr4reduction_cell_0/comb_iter_3/combine/add,OpenCL,210.22222222222223,217.3,1.0336680761099366
reduction_cell_0/comb_iter_3/combine/add,OpenCL,180.0,243.8,1.3544444444444446
reduction_cell_0/comb_iter_4/left/Relu,OpenCL,213.77777777777777,221.5,1.036122661122661
reduction_cell_0/comb_iter_4/left/separable_3x3_1/separable_conv2d/depthwise,OpenCL,238.5,238.5,1.0
reduction_cell_0/comb_iter_4/left/separable_3x3_1/separable_conv2d,OpenCL,721.6,721.6,1.0
reduction_cell_0/comb_iter_4/left/separable_3x3_2/separable_conv2d/depthwise,OpenCL,238.66666666666666,246.0,1.0307262569832403
reduction_cell_0/comb_iter_4/left/separable_3x3_2/separable_conv2d,OpenCL,800.5,800.5,1.0
reduction_cell_0/comb_iter_4/right/MaxPool2D/MaxPool,OpenCL,302.7,302.7,1.0
reduction_cell_0/comb_iter_4/left/bn_sep_3x3_2/FusedBatchNormV3___tr4reduction_cell_0/comb_iter_4/combine/add,OpenCL,208.22222222222223,219.3,1.0532017075773745
reduction_cell_0/comb_iter_4/right/MaxPool2D/MaxPool___tr4reduction_cell_0/comb_iter_4/combine/add,OpenCL,210.77777777777777,215.8,1.0238270954138113
reduction_cell_0/comb_iter_4/combine/add,OpenCL,179.77777777777777,184.4,1.0257107540173054
reduction_cell_0/cell_output/concat,OpenCL,6733.777777777777,6889.5,1.0231255362682332
cell_7/Relu,OpenCL,467.22222222222223,594.0,1.2713436385255648
cell_7/Relu___tr4cell_7/prev_1x1/Conv2D,OpenCL,433.8,433.8,1.0
cell_7/prev_1x1/Conv2D,OpenCL,2709.0,2709.0,1.0
cell_6/Relu,OpenCL,882.3333333333334,910.0,1.0313562523611635
cell_6/AvgPool2D,OpenCL,384.1111111111111,409.9,1.0671391379809083
cell_6/path1_conv/Conv2D,OpenCL,1515.7777777777778,1559.9,1.029108635097493
cell_6/Pad/paddings,CPU,0.0,0.5,0
cell_6/Pad_Gather_Index,CPU,0.0,0.6,0
cell_6/Pad_Gather,CPU,0.0,0.2,0
cell_6/Pad,CPU,1875.1,3292.3,1.7557996906831637
cell_6/strided_slice/stack,CPU,0.0,0.4,0
cell_6/strided_slice/stack_1,CPU,0.0,0.4,0
cell_6/strided_slice/stack_2,CPU,0.0,0.2,0
cell_6/Pad___tr4cell_6/strided_slice,OpenCL,6927.6,6927.6,1.0
cell_6/strided_slice,CPU,1670.5,4536.7,2.715773720442981
cell_6/strided_slice___tr4cell_6/AvgPool2D_1,OpenCL,4643.5,4643.5,1.0
cell_6/AvgPool2D_1,OpenCL,402.0,427.5,1.0634328358208955
cell_6/path2_conv/Conv2D,OpenCL,1499.3,1499.3,1.0
cell_6/concat,OpenCL,194.22222222222223,218.9,1.1270594965675058
cell_6/final_path_bn/FusedBatchNormV3,OpenCL,221.33333333333334,227.4,1.0274096385542169
cell_6/Relu_1,OpenCL,451.8,451.8,1.0
cell_6/Relu_1___tr4cell_6/1x1/Conv2D,OpenCL,436.2,436.2,1.0
cell_6/1x1/Conv2D,OpenCL,2672.1,2672.1,1.0
cell_6/comb_iter_0/left/Relu,OpenCL,222.2,222.2,1.0
cell_6/comb_iter_0/left/separable_5x5_1/separable_conv2d/depthwise,OpenCL,283.8,283.8,1.0
cell_6/comb_iter_0/left/separable_5x5_1/separable_conv2d,OpenCL,713.8,713.8,1.0
cell_6/comb_iter_0/left/separable_5x5_2/separable_conv2d/depthwise,OpenCL,279.9,279.9,1.0
cell_6/comb_iter_0/left/separable_5x5_2/separable_conv2d,OpenCL,789.3,789.3,1.0
cell_6/comb_iter_0/right/Relu,OpenCL,223.11111111111111,228.2,1.0228087649402389
cell_6/comb_iter_0/right/separable_3x3_1/separable_conv2d/depthwise,OpenCL,241.5,241.5,1.0
cell_6/comb_iter_0/right/separable_3x3_1/separable_conv2d,OpenCL,718.6,718.6,1.0
cell_6/comb_iter_0/right/separable_3x3_2/separable_conv2d/depthwise,OpenCL,249.7,249.7,1.0
cell_6/comb_iter_0/right/separable_3x3_2/separable_conv2d,OpenCL,788.3,788.3,1.0
cell_6/comb_iter_0/combine/add,OpenCL,179.11111111111111,183.3,1.0233870967741936
cell_6/comb_iter_1/left/Relu,OpenCL,215.0,221.5,1.0302325581395348
cell_6/comb_iter_1/left/separable_5x5_1/separable_conv2d/depthwise,OpenCL,286.7,286.7,1.0
cell_6/comb_iter_1/left/separable_5x5_1/separable_conv2d,OpenCL,714.7777777777778,756.9,1.0589305145344317
cell_6/comb_iter_1/left/separable_5x5_2/separable_conv2d/depthwise,OpenCL,290.4,290.4,1.0
cell_6/comb_iter_1/left/separable_5x5_2/separable_conv2d,OpenCL,791.3,791.3,1.0
cell_6/comb_iter_1/right/Relu,OpenCL,218.8,218.8,1.0
cell_6/comb_iter_1/right/separable_3x3_1/separable_conv2d/depthwise,OpenCL,243.1,243.1,1.0
cell_6/comb_iter_1/right/separable_3x3_1/separable_conv2d,OpenCL,734.4,734.4,1.0
cell_6/comb_iter_1/right/separable_3x3_2/separable_conv2d/depthwise,OpenCL,238.0,238.0,1.0
cell_6/comb_iter_1/right/separable_3x3_2/separable_conv2d,OpenCL,796.0,796.0,1.0
cell_6/comb_iter_1/combine/add,OpenCL,176.0,192.5,1.09375
cell_6/comb_iter_2/left/AvgPool2D/AvgPool,OpenCL,244.2,244.2,1.0
cell_6/comb_iter_2/left/AvgPool2D/AvgPool___tr4cell_6/comb_iter_2/combine/add,OpenCL,214.2,214.2,1.0
cell_6/final_path_bn/FusedBatchNormV3___tr4cell_6/comb_iter_2/combine/add,OpenCL,209.9,209.9,1.0
cell_6/comb_iter_2/combine/add,OpenCL,182.2,182.2,1.0
cell_6/comb_iter_3/left/AvgPool2D/AvgPool,OpenCL,244.4,244.4,1.0
cell_6/comb_iter_3/right/AvgPool2D/AvgPool,OpenCL,242.8,242.8,1.0
cell_6/comb_iter_3/left/AvgPool2D/AvgPool___tr4cell_6/comb_iter_3/combine/add,OpenCL,214.7,214.7,1.0
cell_6/comb_iter_3/right/AvgPool2D/AvgPool___tr4cell_6/comb_iter_3/combine/add,OpenCL,211.9,211.9,1.0
cell_6/comb_iter_3/combine/add,OpenCL,178.7,178.7,1.0
cell_6/comb_iter_4/left/Relu,OpenCL,220.66666666666666,227.0,1.028700906344411
cell_6/comb_iter_4/left/separable_3x3_1/separable_conv2d/depthwise,OpenCL,247.6,247.6,1.0
cell_6/comb_iter_4/left/separable_3x3_1/separable_conv2d,OpenCL,857.7,857.7,1.0
cell_6/comb_iter_4/left/separable_3x3_2/separable_conv2d/depthwise,OpenCL,246.0,418.5,1.701219512195122
cell_6/comb_iter_4/left/separable_3x3_2/separable_conv2d,OpenCL,950.4,950.4,1.0
cell_6/comb_iter_4/combine/add,OpenCL,198.55555555555554,217.7,1.096418578623391
cell_6/comb_iter_2/combine/add___tr4cell_6/cell_output/concat,OpenCL,216.1,216.1,1.0
cell_6/comb_iter_3/combine/add___tr4cell_6/cell_output/concat,OpenCL,211.33333333333334,218.6,1.034384858044164
cell_6/cell_output/concat,OpenCL,409.7,409.7,1.0
cell_7/Relu_1,OpenCL,583.3,583.3,1.0
cell_7/1x1/Conv2D,OpenCL,4794.1,4794.1,1.0
cell_7/comb_iter_0/left/Relu,OpenCL,239.0,246.0,1.0292887029288702
cell_7/comb_iter_0/left/separable_5x5_1/separable_conv2d/depthwise,OpenCL,286.7,286.7,1.0
cell_7/comb_iter_0/left/separable_5x5_1/separable_conv2d,OpenCL,709.3,709.3,1.0
cell_7/comb_iter_0/left/separable_5x5_2/separable_conv2d/depthwise,OpenCL,284.7,284.7,1.0
cell_7/comb_iter_0/left/separable_5x5_2/separable_conv2d,OpenCL,784.5,784.5,1.0
cell_7/comb_iter_0/right/Relu,OpenCL,219.8,219.8,1.0
cell_7/comb_iter_0/right/separable_3x3_1/separable_conv2d/depthwise,OpenCL,248.88888888888889,255.5,1.0265625
cell_7/comb_iter_0/right/separable_3x3_1/separable_conv2d,OpenCL,715.0,715.0,1.0
cell_7/comb_iter_0/right/separable_3x3_2/separable_conv2d/depthwise,OpenCL,243.3,243.3,1.0
cell_7/comb_iter_0/right/separable_3x3_2/separable_conv2d,OpenCL,785.7,785.7,1.0
cell_7/comb_iter_0/combine/add,OpenCL,178.9,178.9,1.0
cell_7/comb_iter_1/left/Relu,OpenCL,220.2,220.2,1.0
cell_7/comb_iter_1/left/separable_5x5_1/separable_conv2d/depthwise,OpenCL,285.7,285.7,1.0
cell_7/comb_iter_1/left/separable_5x5_1/separable_conv2d,OpenCL,710.4,710.4,1.0
cell_7/comb_iter_1/left/separable_5x5_2/separable_conv2d/depthwise,OpenCL,278.5,278.5,1.0
cell_7/comb_iter_1/left/separable_5x5_2/separable_conv2d,OpenCL,784.6,784.6,1.0
cell_7/comb_iter_1/right/Relu,OpenCL,216.66666666666666,225.8,1.0421538461538462
cell_7/comb_iter_1/right/separable_3x3_1/separable_conv2d/depthwise,OpenCL,235.6,235.6,1.0
cell_7/comb_iter_1/right/separable_3x3_1/separable_conv2d,OpenCL,720.3,720.3,1.0
cell_7/comb_iter_1/right/separable_3x3_2/separable_conv2d/depthwise,OpenCL,238.0,238.0,1.0
cell_7/comb_iter_1/right/separable_3x3_2/separable_conv2d,OpenCL,784.9,784.9,1.0
cell_7/comb_iter_1/combine/add,OpenCL,181.4,181.4,1.0
cell_7/comb_iter_2/left/AvgPool2D/AvgPool,OpenCL,244.4,244.4,1.0
cell_7/comb_iter_2/left/AvgPool2D/AvgPool___tr4cell_7/comb_iter_2/combine/add,OpenCL,213.11111111111111,218.5,1.0252867570385817
cell_7/prev_bn/FusedBatchNormV3___tr4cell_7/comb_iter_2/combine/add,OpenCL,215.4,215.4,1.0
cell_7/comb_iter_2/combine/add,OpenCL,176.8,176.8,1.0
cell_7/comb_iter_3/left/AvgPool2D/AvgPool,OpenCL,247.11111111111111,278.9,1.1286420863309352
cell_7/comb_iter_3/right/AvgPool2D/AvgPool,OpenCL,249.66666666666666,275.4,1.1030707610146862
cell_7/comb_iter_3/left/AvgPool2D/AvgPool___tr4cell_7/comb_iter_3/combine/add,OpenCL,215.6,215.6,1.0
cell_7/comb_iter_3/right/AvgPool2D/AvgPool___tr4cell_7/comb_iter_3/combine/add,OpenCL,218.5,218.5,1.0
cell_7/comb_iter_3/combine/add,OpenCL,174.33333333333334,178.7,1.0250478011472275
cell_7/comb_iter_4/left/Relu,OpenCL,219.2,219.2,1.0
cell_7/comb_iter_4/left/separable_3x3_1/separable_conv2d/depthwise,OpenCL,241.4,241.4,1.0
cell_7/comb_iter_4/left/separable_3x3_1/separable_conv2d,OpenCL,814.2,814.2,1.0
cell_7/comb_iter_4/left/separable_3x3_2/separable_conv2d/depthwise,OpenCL,237.16666666666666,357.7,1.5082220660576247
cell_7/comb_iter_4/left/separable_3x3_2/separable_conv2d,OpenCL,889.8,889.8,1.0
cell_7/comb_iter_4/combine/add,OpenCL,191.22222222222223,196.4,1.0270772806507844
cell_7/comb_iter_2/combine/add___tr4cell_7/cell_output/concat,OpenCL,213.77777777777777,239.6,1.1207900207900208
cell_7/comb_iter_3/combine/add___tr4cell_7/cell_output/concat,OpenCL,208.55555555555554,236.7,1.134949387320192
cell_7/cell_output/concat,OpenCL,410.2,410.2,1.0
cell_9/Relu,OpenCL,584.5,584.5,1.0
cell_9/prev_1x1/Conv2D,OpenCL,4784.9,4784.9,1.0
cell_8/Relu,OpenCL,605.5,605.5,1.0
cell_8/prev_1x1/Conv2D,OpenCL,4796.7,4796.7,1.0
cell_8/Relu_1,OpenCL,605.5,605.5,1.0
cell_8/1x1/Conv2D,OpenCL,4779.9,4779.9,1.0
cell_8/comb_iter_0/left/Relu,OpenCL,236.44444444444446,248.2,1.0497180451127819
cell_8/comb_iter_0/left/separable_5x5_1/separable_conv2d/depthwise,OpenCL,288.3,288.3,1.0
cell_8/comb_iter_0/left/separable_5x5_1/separable_conv2d,OpenCL,708.7,708.7,1.0
cell_8/comb_iter_0/left/separable_5x5_2/separable_conv2d/depthwise,OpenCL,293.6,293.6,1.0
cell_8/comb_iter_0/left/separable_5x5_2/separable_conv2d,OpenCL,782.6,782.6,1.0
cell_8/comb_iter_0/right/Relu,OpenCL,218.0,218.0,1.0
cell_8/comb_iter_0/right/separable_3x3_1/separable_conv2d/depthwise,OpenCL,242.6,242.6,1.0
cell_8/comb_iter_0/right/separable_3x3_1/separable_conv2d,OpenCL,714.7,714.7,1.0
cell_8/comb_iter_0/right/separable_3x3_2/separable_conv2d/depthwise,OpenCL,239.8,239.8,1.0
cell_8/comb_iter_0/right/separable_3x3_2/separable_conv2d,OpenCL,797.7,797.7,1.0
cell_8/comb_iter_0/combine/add,OpenCL,173.8,173.8,1.0
cell_8/comb_iter_1/left/Relu,OpenCL,226.3,226.3,1.0
cell_8/comb_iter_1/left/separable_5x5_1/separable_conv2d/depthwise,OpenCL,288.4,288.4,1.0
cell_8/comb_iter_1/left/separable_5x5_1/separable_conv2d,OpenCL,709.1,709.1,1.0
cell_8/comb_iter_1/left/separable_5x5_2/separable_conv2d/depthwise,OpenCL,281.6666666666667,288.6,1.0246153846153847
cell_8/comb_iter_1/left/separable_5x5_2/separable_conv2d,OpenCL,788.6666666666666,811.1,1.0284446322907863
cell_8/comb_iter_1/right/Relu,OpenCL,225.1,225.1,1.0
cell_8/comb_iter_1/right/separable_3x3_1/separable_conv2d/depthwise,OpenCL,239.8,239.8,1.0
cell_8/comb_iter_1/right/separable_3x3_1/separable_conv2d,OpenCL,719.6,719.6,1.0
cell_8/comb_iter_1/right/separable_3x3_2/separable_conv2d/depthwise,OpenCL,240.0,240.0,1.0
cell_8/comb_iter_1/right/separable_3x3_2/separable_conv2d,OpenCL,790.7,790.7,1.0
cell_8/comb_iter_1/combine/add,OpenCL,172.44444444444446,180.9,1.0490335051546391
cell_8/comb_iter_2/left/AvgPool2D/AvgPool,OpenCL,247.2,247.2,1.0
cell_8/comb_iter_2/left/AvgPool2D/AvgPool___tr4cell_8/comb_iter_2/combine/add,OpenCL,212.3,212.3,1.0
cell_8/prev_bn/FusedBatchNormV3___tr4cell_8/comb_iter_2/combine/add,OpenCL,213.2,213.2,1.0
cell_8/comb_iter_2/combine/add,OpenCL,175.625,248.6,1.4155160142348755
cell_8/comb_iter_3/left/AvgPool2D/AvgPool,OpenCL,247.5,247.5,1.0
cell_8/comb_iter_3/right/AvgPool2D/AvgPool,OpenCL,244.0,244.0,1.0
cell_8/comb_iter_3/left/AvgPool2D/AvgPool___tr4cell_8/comb_iter_3/combine/add,OpenCL,216.8,216.8,1.0
cell_8/comb_iter_3/right/AvgPool2D/AvgPool___tr4cell_8/comb_iter_3/combine/add,OpenCL,211.6,211.6,1.0
cell_8/comb_iter_3/combine/add,OpenCL,180.9,180.9,1.0
cell_8/comb_iter_4/left/Relu,OpenCL,214.77777777777777,222.0,1.0336264873254009
cell_8/comb_iter_4/left/separable_3x3_1/separable_conv2d/depthwise,OpenCL,237.1,237.1,1.0
cell_8/comb_iter_4/left/separable_3x3_1/separable_conv2d,OpenCL,759.25,801.5,1.0556470200856107
cell_8/comb_iter_4/left/separable_3x3_2/separable_conv2d/depthwise,OpenCL,237.28571428571428,333.9,1.4071643588199878
cell_8/comb_iter_4/left/separable_3x3_2/separable_conv2d,OpenCL,782.4285714285714,866.1,1.106938104801899
cell_8/comb_iter_4/combine/add,OpenCL,186.11111111111111,193.2,1.0380895522388058
cell_8/comb_iter_2/combine/add___tr4cell_8/cell_output/concat,OpenCL,212.3,212.3,1.0
cell_8/comb_iter_3/combine/add___tr4cell_8/cell_output/concat,OpenCL,211.2,211.2,1.0
cell_8/cell_output/concat,OpenCL,398.8888888888889,411.6,1.031866295264624
cell_9/Relu_1,OpenCL,580.5,580.5,1.0
cell_9/1x1/Conv2D,OpenCL,4732.5,4732.5,1.0
cell_9/comb_iter_0/left/Relu,OpenCL,245.2,245.2,1.0
cell_9/comb_iter_0/left/separable_5x5_1/separable_conv2d/depthwise,OpenCL,294.0,294.0,1.0
cell_9/comb_iter_0/left/separable_5x5_1/separable_conv2d,OpenCL,712.9,712.9,1.0
cell_9/comb_iter_0/left/separable_5x5_2/separable_conv2d/depthwise,OpenCL,278.1,278.1,1.0
cell_9/comb_iter_0/left/separable_5x5_2/separable_conv2d,OpenCL,788.5,788.5,1.0
cell_9/comb_iter_0/right/Relu,OpenCL,217.6,217.6,1.0
cell_9/comb_iter_0/right/separable_3x3_1/separable_conv2d/depthwise,OpenCL,236.8,236.8,1.0
cell_9/comb_iter_0/right/separable_3x3_1/separable_conv2d,OpenCL,713.9,713.9,1.0
cell_9/comb_iter_0/right/separable_3x3_2/separable_conv2d/depthwise,OpenCL,236.4,236.4,1.0
cell_9/comb_iter_0/right/separable_3x3_2/separable_conv2d,OpenCL,780.8,780.8,1.0
cell_9/comb_iter_0/combine/add,OpenCL,180.7,180.7,1.0
cell_9/comb_iter_1/left/Relu,OpenCL,222.0,222.0,1.0
cell_9/comb_iter_1/left/separable_5x5_1/separable_conv2d/depthwise,OpenCL,284.9,284.9,1.0
cell_9/comb_iter_1/left/separable_5x5_1/separable_conv2d,OpenCL,721.2222222222222,772.8,1.0715144045601603
cell_9/comb_iter_1/left/separable_5x5_2/separable_conv2d/depthwise,OpenCL,289.3,289.3,1.0
cell_9/comb_iter_1/left/separable_5x5_2/separable_conv2d,OpenCL,786.3,786.3,1.0
cell_9/comb_iter_1/right/Relu,OpenCL,221.0,221.0,1.0
cell_9/comb_iter_1/right/separable_3x3_1/separable_conv2d/depthwise,OpenCL,237.3,237.3,1.0
cell_9/comb_iter_1/right/separable_3x3_1/separable_conv2d,OpenCL,716.3333333333334,733.0,1.0232666356444857
cell_9/comb_iter_1/right/separable_3x3_2/separable_conv2d/depthwise,OpenCL,245.8,245.8,1.0
cell_9/comb_iter_1/right/separable_3x3_2/separable_conv2d,OpenCL,786.5,786.5,1.0
cell_9/comb_iter_1/combine/add,OpenCL,176.6,176.6,1.0
cell_9/comb_iter_2/left/AvgPool2D/AvgPool,OpenCL,246.66666666666666,252.3,1.022837837837838
cell_9/comb_iter_2/left/AvgPool2D/AvgPool___tr4cell_9/comb_iter_2/combine/add,OpenCL,208.3,208.3,1.0
cell_9/prev_bn/FusedBatchNormV3___tr4cell_9/comb_iter_2/combine/add,OpenCL,212.1,212.1,1.0
cell_9/comb_iter_2/combine/add,OpenCL,181.0,181.0,1.0
cell_9/comb_iter_3/left/AvgPool2D/AvgPool,OpenCL,245.4,245.4,1.0
cell_9/comb_iter_3/right/AvgPool2D/AvgPool,OpenCL,240.3,240.3,1.0
cell_9/comb_iter_3/left/AvgPool2D/AvgPool___tr4cell_9/comb_iter_3/combine/add,OpenCL,223.77777777777777,249.7,1.1158391261171796
cell_9/comb_iter_3/right/AvgPool2D/AvgPool___tr4cell_9/comb_iter_3/combine/add,OpenCL,206.77777777777777,265.6,1.2844707146695327
cell_9/comb_iter_3/combine/add,OpenCL,177.0,177.0,1.0
cell_9/comb_iter_4/left/Relu,OpenCL,222.0,222.0,1.0
cell_9/comb_iter_4/left/separable_3x3_1/separable_conv2d/depthwise,OpenCL,233.6,233.6,1.0
cell_9/comb_iter_4/left/separable_3x3_1/separable_conv2d,OpenCL,713.8571428571429,789.4,1.1058234940964577
cell_9/comb_iter_4/left/separable_3x3_2/separable_conv2d/depthwise,OpenCL,236.85714285714286,331.2,1.3983112183353437
cell_9/comb_iter_4/left/separable_3x3_2/separable_conv2d,OpenCL,786.2857142857143,865.9,1.1012536337209302
cell_9/comb_iter_4/combine/add,OpenCL,184.0,184.0,1.0
cell_9/comb_iter_2/combine/add___tr4cell_9/cell_output/concat,OpenCL,224.77777777777777,230.5,1.0254572417202175
cell_9/comb_iter_3/combine/add___tr4cell_9/cell_output/concat,OpenCL,210.5,210.5,1.0
cell_9/cell_output/concat,OpenCL,400.44444444444446,412.7,1.030604883462819
cell_11/Relu,OpenCL,576.6,576.6,1.0
cell_11/prev_1x1/Conv2D,OpenCL,4773.8,4773.8,1.0
cell_10/Relu,OpenCL,593.6666666666666,673.1,1.1338012352610893
cell_10/prev_1x1/Conv2D,OpenCL,4789.9,4789.9,1.0
cell_10/Relu_1,OpenCL,602.4444444444445,686.4,1.1393581704168203
cell_10/1x1/Conv2D,OpenCL,4867.4,4867.4,1.0
cell_10/comb_iter_0/left/Relu,OpenCL,246.22222222222223,332.5,1.3504061371841154
cell_10/comb_iter_0/left/separable_5x5_1/separable_conv2d/depthwise,OpenCL,293.8,293.8,1.0
cell_10/comb_iter_0/left/separable_5x5_1/separable_conv2d,OpenCL,718.1,718.1,1.0
cell_10/comb_iter_0/left/separable_5x5_2/separable_conv2d/depthwise,OpenCL,284.8,284.8,1.0
cell_10/comb_iter_0/left/separable_5x5_2/separable_conv2d,OpenCL,796.1,796.1,1.0
cell_10/comb_iter_0/right/Relu,OpenCL,219.5,219.5,1.0
cell_10/comb_iter_0/right/separable_3x3_1/separable_conv2d/depthwise,OpenCL,237.6,237.6,1.0
cell_10/comb_iter_0/right/separable_3x3_1/separable_conv2d,OpenCL,714.1,714.1,1.0
cell_10/comb_iter_0/right/separable_3x3_2/separable_conv2d/depthwise,OpenCL,235.1,235.1,1.0
cell_10/comb_iter_0/right/separable_3x3_2/separable_conv2d,OpenCL,787.7777777777778,824.5,1.0466149506346967
cell_10/comb_iter_0/combine/add,OpenCL,174.22222222222223,178.2,1.022831632653061
cell_10/comb_iter_1/left/Relu,OpenCL,220.0,220.0,1.0
cell_10/comb_iter_1/left/separable_5x5_1/separable_conv2d/depthwise,OpenCL,284.55555555555554,394.3,1.3856696602889498
cell_10/comb_iter_1/left/separable_5x5_1/separable_conv2d,OpenCL,714.4444444444445,804.4,1.125909797822706
cell_10/comb_iter_1/left/separable_5x5_2/separable_conv2d/depthwise,OpenCL,285.3,285.3,1.0
cell_10/comb_iter_1/left/separable_5x5_2/separable_conv2d,OpenCL,779.4,779.4,1.0
cell_10/comb_iter_1/right/Relu,OpenCL,224.1,224.1,1.0
cell_10/comb_iter_1/right/separable_3x3_1/separable_conv2d/depthwise,OpenCL,235.4,235.4,1.0
cell_10/comb_iter_1/right/separable_3x3_1/separable_conv2d,OpenCL,716.5,716.5,1.0
cell_10/comb_iter_1/right/separable_3x3_2/separable_conv2d/depthwise,OpenCL,244.7,244.7,1.0
cell_10/comb_iter_1/right/separable_3x3_2/separable_conv2d,OpenCL,783.3,783.3,1.0
cell_10/comb_iter_1/combine/add,OpenCL,177.2,177.2,1.0
cell_10/comb_iter_2/left/AvgPool2D/AvgPool,OpenCL,247.9,247.9,1.0
cell_10/comb_iter_2/left/AvgPool2D/AvgPool___tr4cell_10/comb_iter_2/combine/add,OpenCL,212.9,212.9,1.0
cell_10/prev_bn/FusedBatchNormV3___tr4cell_10/comb_iter_2/combine/add,OpenCL,212.6,212.6,1.0
cell_10/comb_iter_2/combine/add,OpenCL,174.88888888888889,182.4,1.0429479034307498
cell_10/comb_iter_3/left/AvgPool2D/AvgPool,OpenCL,242.11111111111111,248.1,1.0247361174850849
cell_10/comb_iter_3/right/AvgPool2D/AvgPool,OpenCL,241.0,241.0,1.0
cell_10/comb_iter_3/left/AvgPool2D/AvgPool___tr4cell_10/comb_iter_3/combine/add,OpenCL,218.3,218.3,1.0
cell_10/comb_iter_3/right/AvgPool2D/AvgPool___tr4cell_10/comb_iter_3/combine/add,OpenCL,211.0,218.2,1.034123222748815
cell_10/comb_iter_3/combine/add,OpenCL,176.6,176.6,1.0
cell_10/comb_iter_4/left/Relu,OpenCL,221.3,221.3,1.0
cell_10/comb_iter_4/left/separable_3x3_1/separable_conv2d/depthwise,OpenCL,237.11111111111111,243.6,1.0273664479850046
cell_10/comb_iter_4/left/separable_3x3_1/separable_conv2d,OpenCL,904.0,904.0,1.0
cell_10/comb_iter_4/left/separable_3x3_2/separable_conv2d/depthwise,OpenCL,431.44444444444446,446.4,1.0346639196497553
cell_10/comb_iter_4/left/separable_3x3_2/separable_conv2d,OpenCL,968.8,968.8,1.0
cell_10/comb_iter_4/combine/add,OpenCL,198.7,198.7,1.0
cell_10/comb_iter_2/combine/add___tr4cell_10/cell_output/concat,OpenCL,217.11111111111111,223.5,1.0294268167860798
cell_10/comb_iter_3/combine/add___tr4cell_10/cell_output/concat,OpenCL,220.4,220.4,1.0
cell_10/cell_output/concat,OpenCL,411.6666666666667,440.8,1.0707692307692307
cell_11/Relu_1,OpenCL,578.3,578.3,1.0
cell_11/1x1/Conv2D,OpenCL,4841.2,4841.2,1.0
cell_11/comb_iter_0/left/Relu,OpenCL,236.44444444444446,321.5,1.3597274436090225
cell_11/comb_iter_0/left/separable_5x5_1/separable_conv2d/depthwise,OpenCL,287.7,287.7,1.0
cell_11/comb_iter_0/left/separable_5x5_1/separable_conv2d,OpenCL,713.0,713.0,1.0
cell_11/comb_iter_0/left/separable_5x5_2/separable_conv2d/depthwise,OpenCL,283.7,283.7,1.0
cell_11/comb_iter_0/left/separable_5x5_2/separable_conv2d,OpenCL,792.3,792.3,1.0
cell_11/comb_iter_0/right/Relu,OpenCL,223.9,223.9,1.0
cell_11/comb_iter_0/right/separable_3x3_1/separable_conv2d/depthwise,OpenCL,238.2,238.2,1.0
cell_11/comb_iter_0/right/separable_3x3_1/separable_conv2d,OpenCL,713.3,713.3,1.0
cell_11/comb_iter_0/right/separable_3x3_2/separable_conv2d/depthwise,OpenCL,244.0,244.0,1.0
cell_11/comb_iter_0/right/separable_3x3_2/separable_conv2d,OpenCL,787.5555555555555,820.0,1.0411963882618511
cell_11/comb_iter_0/combine/add,OpenCL,179.1,179.1,1.0
cell_11/comb_iter_1/left/Relu,OpenCL,219.11111111111111,225.9,1.0309837728194726
cell_11/comb_iter_1/left/separable_5x5_1/separable_conv2d/depthwise,OpenCL,284.1111111111111,291.0,1.0242471646460698
cell_11/comb_iter_1/left/separable_5x5_1/separable_conv2d,OpenCL,714.3,714.3,1.0
cell_11/comb_iter_1/left/separable_5x5_2/separable_conv2d/depthwise,OpenCL,292.7,292.7,1.0
cell_11/comb_iter_1/left/separable_5x5_2/separable_conv2d,OpenCL,788.6,788.6,1.0
cell_11/comb_iter_1/right/Relu,OpenCL,214.8,214.8,1.0
cell_11/comb_iter_1/right/separable_3x3_1/separable_conv2d/depthwise,OpenCL,246.6,246.6,1.0
cell_11/comb_iter_1/right/separable_3x3_1/separable_conv2d,OpenCL,716.0,740.3,1.0339385474860334
cell_11/comb_iter_1/right/separable_3x3_2/separable_conv2d/depthwise,OpenCL,235.88888888888889,264.5,1.1212906264719735
cell_11/comb_iter_1/right/separable_3x3_2/separable_conv2d,OpenCL,793.0,820.0,1.034047919293821
cell_11/comb_iter_1/combine/add,OpenCL,178.8,178.8,1.0
cell_11/comb_iter_2/left/AvgPool2D/AvgPool,OpenCL,245.8,245.8,1.0
cell_11/comb_iter_2/left/AvgPool2D/AvgPool___tr4cell_11/comb_iter_2/combine/add,OpenCL,219.2,219.2,1.0
cell_11/prev_bn/FusedBatchNormV3___tr4cell_11/comb_iter_2/combine/add,OpenCL,207.33333333333334,212.1,1.0229903536977492
cell_11/comb_iter_2/combine/add,OpenCL,177.2,177.2,1.0
cell_11/comb_iter_3/left/AvgPool2D/AvgPool,OpenCL,249.9,249.9,1.0
cell_11/comb_iter_3/right/AvgPool2D/AvgPool,OpenCL,241.11111111111111,271.6,1.1264516129032258
cell_11/comb_iter_3/left/AvgPool2D/AvgPool___tr4cell_11/comb_iter_3/combine/add,OpenCL,213.11111111111111,220.2,1.0332638164754953
cell_11/comb_iter_3/right/AvgPool2D/AvgPool___tr4cell_11/comb_iter_3/combine/add,OpenCL,213.6,213.6,1.0
cell_11/comb_iter_3/combine/add,OpenCL,179.1,179.1,1.0
cell_11/comb_iter_4/left/Relu,OpenCL,219.7,219.7,1.0
cell_11/comb_iter_4/left/separable_3x3_1/separable_conv2d/depthwise,OpenCL,243.5,243.5,1.0
cell_11/comb_iter_4/left/separable_3x3_1/separable_conv2d,OpenCL,864.9,864.9,1.0
cell_11/comb_iter_4/left/separable_3x3_2/separable_conv2d/depthwise,OpenCL,234.25,415.0,1.7716115261472785
cell_11/comb_iter_4/left/separable_3x3_2/separable_conv2d,OpenCL,952.5,952.5,1.0
cell_11/comb_iter_4/combine/add,OpenCL,204.1,204.1,1.0
cell_11/comb_iter_2/combine/add___tr4cell_11/cell_output/concat,OpenCL,223.8,223.8,1.0
cell_11/comb_iter_3/combine/add___tr4cell_11/cell_output/concat,OpenCL,210.55555555555554,215.9,1.025382585751979
cell_11/cell_output/concat,OpenCL,407.8,407.8,1.0
reduction_cell_1/Relu_1,OpenCL,577.2,577.2,1.0
reduction_cell_1/1x1/Conv2D,OpenCL,8344.3,8344.3,1.0
reduction_cell_1/comb_iter_1/left/MaxPool2D/MaxPool,OpenCL,282.5,427.8,1.5143362831858407
reduction_cell_1/Relu,OpenCL,580.3,580.3,1.0
reduction_cell_1/prev_1x1/Conv2D,OpenCL,8427.5,8427.5,1.0
reduction_cell_1/comb_iter_1/right/Relu,OpenCL,333.125,506.6,1.5207504690431521
reduction_cell_1/comb_iter_1/right/separable_7x7_1/separable_conv2d/depthwise,OpenCL,807.1,807.1,1.0
reduction_cell_1/comb_iter_1/right/separable_7x7_1/separable_conv2d,OpenCL,931.0,953.1,1.0237379162191194
reduction_cell_1/comb_iter_1/right/separable_7x7_2/separable_conv2d/depthwise,OpenCL,308.875,355.4,1.1506272764063132
reduction_cell_1/comb_iter_1/right/separable_7x7_2/separable_conv2d,OpenCL,976.4,976.4,1.0
reduction_cell_1/comb_iter_1/left/MaxPool2D/MaxPool___tr4reduction_cell_1/comb_iter_1/combine/add,OpenCL,191.6,191.6,1.0
reduction_cell_1/comb_iter_1/right/bn_sep_7x7_2/FusedBatchNormV3___tr4reduction_cell_1/comb_iter_1/combine/add,OpenCL,180.0,184.5,1.025
reduction_cell_1/comb_iter_1/combine/add,OpenCL,159.6,159.6,1.0
reduction_cell_1/comb_iter_2/left/AvgPool2D/AvgPool,OpenCL,248.77777777777777,286.8,1.15283608753908
reduction_cell_1/comb_iter_2/right/Relu,OpenCL,306.7,306.7,1.0
reduction_cell_1/comb_iter_2/right/separable_5x5_1/separable_conv2d/depthwise,OpenCL,509.90000000000003,509.9,0.9999999999999999
reduction_cell_1/comb_iter_2/right/separable_5x5_1/separable_conv2d,OpenCL,836.4444444444445,863.5,1.032345908607864
reduction_cell_1/comb_iter_2/right/separable_5x5_2/separable_conv2d/depthwise,OpenCL,258.3333333333333,284.6,1.1016774193548389
reduction_cell_1/comb_iter_2/right/separable_5x5_2/separable_conv2d,OpenCL,971.7,971.7,1.0
reduction_cell_1/comb_iter_2/left/AvgPool2D/AvgPool___tr4reduction_cell_1/comb_iter_2/combine/add,OpenCL,179.1,179.1,1.0
reduction_cell_1/comb_iter_2/right/bn_sep_5x5_2/FusedBatchNormV3___tr4reduction_cell_1/comb_iter_2/combine/add,OpenCL,180.22222222222223,185.3,1.0281750924784216
reduction_cell_1/comb_iter_2/combine/add,OpenCL,164.77777777777777,170.9,1.0371544167228592
reduction_cell_1/comb_iter_0/left/Relu,OpenCL,305.7,305.7,1.0
reduction_cell_1/comb_iter_0/left/separable_5x5_1/separable_conv2d/depthwise,OpenCL,530.3,530.3,1.0
reduction_cell_1/comb_iter_0/left/separable_5x5_1/separable_conv2d,OpenCL,881.7,881.7,1.0
reduction_cell_1/comb_iter_0/left/separable_5x5_2/separable_conv2d/depthwise,OpenCL,260.1,260.1,1.0
reduction_cell_1/comb_iter_0/left/separable_5x5_2/separable_conv2d,OpenCL,969.1,969.1,1.0
reduction_cell_1/comb_iter_0/right/Relu,OpenCL,308.9,308.9,1.0
reduction_cell_1/comb_iter_0/right/separable_7x7_1/separable_conv2d/depthwise,OpenCL,810.1,810.1,1.0
reduction_cell_1/comb_iter_0/right/separable_7x7_1/separable_conv2d,OpenCL,844.5,844.5,1.0
reduction_cell_1/comb_iter_0/right/separable_7x7_2/separable_conv2d/depthwise,OpenCL,301.4,301.4,1.0
reduction_cell_1/comb_iter_0/right/separable_7x7_2/separable_conv2d,OpenCL,971.1,971.1,1.0
reduction_cell_1/comb_iter_0/combine/add,OpenCL,159.55555555555554,163.3,1.0234679665738162
reduction_cell_1/comb_iter_3/right/AvgPool2D/AvgPool,OpenCL,211.4,211.4,1.0
reduction_cell_1/comb_iter_3/right/AvgPool2D/AvgPool___tr4reduction_cell_1/comb_iter_3/combine/add,OpenCL,182.11111111111111,187.2,1.0279438682123245
reduction_cell_1/comb_iter_3/combine/add,OpenCL,160.0,168.9,1.055625
reduction_cell_1/comb_iter_4/left/Relu,OpenCL,195.1,195.1,1.0
reduction_cell_1/comb_iter_4/left/separable_3x3_1/separable_conv2d/depthwise,OpenCL,226.4,226.4,1.0
reduction_cell_1/comb_iter_4/left/separable_3x3_1/separable_conv2d,OpenCL,935.6,935.6,1.0
reduction_cell_1/comb_iter_4/left/separable_3x3_2/separable_conv2d/depthwise,OpenCL,225.22222222222223,251.1,1.1148988653182041
reduction_cell_1/comb_iter_4/left/separable_3x3_2/separable_conv2d,OpenCL,980.3333333333334,1009.2,1.0294457667460049
reduction_cell_1/comb_iter_4/right/MaxPool2D/MaxPool,OpenCL,252.55555555555554,279.1,1.105103387593489
reduction_cell_1/comb_iter_4/left/bn_sep_3x3_2/FusedBatchNormV3___tr4reduction_cell_1/comb_iter_4/combine/add,OpenCL,184.6,184.6,1.0
reduction_cell_1/comb_iter_4/right/MaxPool2D/MaxPool___tr4reduction_cell_1/comb_iter_4/combine/add,OpenCL,186.2,186.2,1.0
reduction_cell_1/comb_iter_4/combine/add,OpenCL,167.9,167.9,1.0
reduction_cell_1/cell_output/concat,OpenCL,2916.9,2916.9,1.0
cell_13/Relu,OpenCL,323.1,323.1,1.0
cell_13/Relu___tr4cell_13/prev_1x1/Conv2D,OpenCL,301.3,301.3,1.0
cell_13/prev_1x1/Conv2D,OpenCL,7102.7,7102.7,1.0
cell_12/Relu,OpenCL,603.375,738.1,1.2232856846902838
cell_12/AvgPool2D,OpenCL,279.5,279.5,1.0
cell_12/path1_conv/Conv2D,OpenCL,2758.6,2758.6,1.0
cell_12/Pad/paddings,CPU,0.0,0.7,0
cell_12/Pad_Gather_Index,CPU,0.0,0.3,0
cell_12/Pad_Gather,CPU,0.0,0.3,0
cell_12/Pad,CPU,860.9,1657.7,1.9255430363573005
cell_12/strided_slice/stack,CPU,0.0,0.6,0
cell_12/strided_slice/stack_1,CPU,0.0,0.2,0
cell_12/strided_slice/stack_2,CPU,0.0,0.3,0
cell_12/Pad___tr4cell_12/strided_slice,OpenCL,4144.3,4144.3,1.0
cell_12/strided_slice,CPU,826.7,2486.6,3.0078625861860404
cell_12/strided_slice___tr4cell_12/AvgPool2D_1,OpenCL,2489.9,2489.9,1.0
cell_12/AvgPool2D_1,OpenCL,284.3,284.3,1.0
cell_12/path2_conv/Conv2D,OpenCL,3125.5,3125.5,1.0
cell_12/concat,OpenCL,176.22222222222223,181.0,1.0271122320302648
cell_12/final_path_bn/FusedBatchNormV3,OpenCL,197.9,197.9,1.0
cell_12/Relu_1,OpenCL,319.7,319.7,1.0
cell_12/Relu_1___tr4cell_12/1x1/Conv2D,OpenCL,301.3,301.3,1.0
cell_12/1x1/Conv2D,OpenCL,7112.5,7112.5,1.0
cell_12/comb_iter_0/left/Relu,OpenCL,257.75,414.0,1.606207565470417
cell_12/comb_iter_0/left/separable_5x5_1/separable_conv2d/depthwise,OpenCL,261.1111111111111,294.7,1.1286382978723406
cell_12/comb_iter_0/left/separable_5x5_1/separable_conv2d,OpenCL,870.1111111111111,891.4,1.0244668624696718
cell_12/comb_iter_0/left/separable_5x5_2/separable_conv2d/depthwise,OpenCL,255.66666666666666,285.8,1.1178617992177315
cell_12/comb_iter_0/left/separable_5x5_2/separable_conv2d,OpenCL,971.7,971.7,1.0
cell_12/comb_iter_0/right/Relu,OpenCL,191.2,191.2,1.0
cell_12/comb_iter_0/right/separable_3x3_1/separable_conv2d/depthwise,OpenCL,227.11111111111111,232.8,1.0250489236790608
cell_12/comb_iter_0/right/separable_3x3_1/separable_conv2d,OpenCL,814.8,814.8,1.0
cell_12/comb_iter_0/right/separable_3x3_2/separable_conv2d/depthwise,OpenCL,221.6,221.6,1.0
cell_12/comb_iter_0/right/separable_3x3_2/separable_conv2d,OpenCL,969.1,969.1,1.0
cell_12/comb_iter_0/combine/add,OpenCL,160.77777777777777,164.6,1.0237733241188667
cell_12/comb_iter_1/left/Relu,OpenCL,192.7,192.7,1.0
cell_12/comb_iter_1/left/separable_5x5_1/separable_conv2d/depthwise,OpenCL,255.9,255.9,1.0
cell_12/comb_iter_1/left/separable_5x5_1/separable_conv2d,OpenCL,895.9,895.9,1.0
cell_12/comb_iter_1/left/separable_5x5_2/separable_conv2d/depthwise,OpenCL,257.6,257.6,1.0
cell_12/comb_iter_1/left/separable_5x5_2/separable_conv2d,OpenCL,974.7,974.7,1.0
cell_12/comb_iter_1/right/Relu,OpenCL,189.77777777777777,194.3,1.0238290398126464
cell_12/comb_iter_1/right/separable_3x3_1/separable_conv2d/depthwise,OpenCL,224.1,224.1,1.0
cell_12/comb_iter_1/right/separable_3x3_1/separable_conv2d,OpenCL,837.8,837.8,1.0
cell_12/comb_iter_1/right/separable_3x3_2/separable_conv2d/depthwise,OpenCL,225.55555555555554,231.1,1.0245812807881773
cell_12/comb_iter_1/right/separable_3x3_2/separable_conv2d,OpenCL,979.9,979.9,1.0
cell_12/comb_iter_1/combine/add,OpenCL,159.9,159.9,1.0
cell_12/comb_iter_2/left/AvgPool2D/AvgPool,OpenCL,214.0,223.0,1.0420560747663552
cell_12/comb_iter_2/left/AvgPool2D/AvgPool___tr4cell_12/comb_iter_2/combine/add,OpenCL,181.5,181.5,1.0
cell_12/final_path_bn/FusedBatchNormV3___tr4cell_12/comb_iter_2/combine/add,OpenCL,186.75,199.0,1.0655957161981258
cell_12/comb_iter_2/combine/add,OpenCL,164.33333333333334,168.7,1.02657200811359
cell_12/comb_iter_3/left/AvgPool2D/AvgPool,OpenCL,215.8,215.8,1.0
cell_12/comb_iter_3/right/AvgPool2D/AvgPool,OpenCL,213.0,218.3,1.0248826291079813
cell_12/comb_iter_3/left/AvgPool2D/AvgPool___tr4cell_12/comb_iter_3/combine/add,OpenCL,192.7,192.7,1.0
cell_12/comb_iter_3/right/AvgPool2D/AvgPool___tr4cell_12/comb_iter_3/combine/add,OpenCL,187.33333333333334,214.0,1.1423487544483986
cell_12/comb_iter_3/combine/add,OpenCL,167.22222222222223,193.9,1.1595348837209303
cell_12/comb_iter_4/left/Relu,OpenCL,197.88888888888889,224.8,1.1359910162829872
cell_12/comb_iter_4/left/separable_3x3_1/separable_conv2d/depthwise,OpenCL,225.2,225.2,1.0
cell_12/comb_iter_4/left/separable_3x3_1/separable_conv2d,OpenCL,1007.1000000000001,1007.1,0.9999999999999999
cell_12/comb_iter_4/left/separable_3x3_2/separable_conv2d/depthwise,OpenCL,235.2,374.0,1.5901360544217689
cell_12/comb_iter_4/left/separable_3x3_2/separable_conv2d,OpenCL,1101.6,1101.6,1.0
cell_12/comb_iter_4/combine/add,OpenCL,177.77777777777777,204.9,1.1525625000000002
cell_12/comb_iter_2/combine/add___tr4cell_12/cell_output/concat,OpenCL,192.7,192.7,1.0
cell_12/comb_iter_3/combine/add___tr4cell_12/cell_output/concat,OpenCL,186.7,186.7,1.0
cell_12/cell_output/concat,OpenCL,320.1111111111111,335.7,1.0486983686220064
cell_13/Relu_1,OpenCL,355.2,355.2,1.0
cell_13/1x1/Conv2D,OpenCL,10830.2,10830.2,1.0
cell_13/comb_iter_0/left/Relu,OpenCL,254.125,432.0,1.6999508116084605
cell_13/comb_iter_0/left/separable_5x5_1/separable_conv2d/depthwise,OpenCL,272.375,335.8,1.232859109683341
cell_13/comb_iter_0/left/separable_5x5_1/separable_conv2d,OpenCL,907.25,968.9,1.0679526040231468
cell_13/comb_iter_0/left/separable_5x5_2/separable_conv2d/depthwise,OpenCL,276.3,276.3,1.0
cell_13/comb_iter_0/left/separable_5x5_2/separable_conv2d,OpenCL,992.2,992.2,1.0
cell_13/comb_iter_0/right/Relu,OpenCL,193.55555555555554,201.6,1.041561423650976
cell_13/comb_iter_0/right/separable_3x3_1/separable_conv2d/depthwise,OpenCL,227.88888888888889,256.7,1.126426133593369
cell_13/comb_iter_0/right/separable_3x3_1/separable_conv2d,OpenCL,896.2,896.2,1.0
cell_13/comb_iter_0/right/separable_3x3_2/separable_conv2d/depthwise,OpenCL,226.7,226.7,1.0
cell_13/comb_iter_0/right/separable_3x3_2/separable_conv2d,OpenCL,969.7,969.7,1.0
cell_13/comb_iter_0/combine/add,OpenCL,164.2,164.2,1.0
cell_13/comb_iter_1/left/Relu,OpenCL,196.0,196.0,1.0
cell_13/comb_iter_1/left/separable_5x5_1/separable_conv2d/depthwise,OpenCL,259.4,259.4,1.0
cell_13/comb_iter_1/left/separable_5x5_1/separable_conv2d,OpenCL,850.2,850.2,1.0
cell_13/comb_iter_1/left/separable_5x5_2/separable_conv2d/depthwise,OpenCL,264.5,264.5,1.0
cell_13/comb_iter_1/left/separable_5x5_2/separable_conv2d,OpenCL,971.7,971.7,1.0
cell_13/comb_iter_1/right/Relu,OpenCL,195.4,195.4,1.0
cell_13/comb_iter_1/right/separable_3x3_1/separable_conv2d/depthwise,OpenCL,226.8,226.8,1.0
cell_13/comb_iter_1/right/separable_3x3_1/separable_conv2d,OpenCL,904.7,904.7,1.0
cell_13/comb_iter_1/right/separable_3x3_2/separable_conv2d/depthwise,OpenCL,225.8,225.8,1.0
cell_13/comb_iter_1/right/separable_3x3_2/separable_conv2d,OpenCL,972.2,972.2,1.0
cell_13/comb_iter_1/combine/add,OpenCL,164.3,164.3,1.0
cell_13/comb_iter_2/left/AvgPool2D/AvgPool,OpenCL,213.2,213.2,1.0
cell_13/comb_iter_2/left/AvgPool2D/AvgPool___tr4cell_13/comb_iter_2/combine/add,OpenCL,186.9,186.9,1.0
cell_13/prev_bn/FusedBatchNormV3___tr4cell_13/comb_iter_2/combine/add,OpenCL,182.2,182.2,1.0
cell_13/comb_iter_2/combine/add,OpenCL,163.9,163.9,1.0
cell_13/comb_iter_3/left/AvgPool2D/AvgPool,OpenCL,219.8,219.8,1.0
cell_13/comb_iter_3/right/AvgPool2D/AvgPool,OpenCL,213.5,213.5,1.0
cell_13/comb_iter_3/left/AvgPool2D/AvgPool___tr4cell_13/comb_iter_3/combine/add,OpenCL,182.4,182.4,1.0
cell_13/comb_iter_3/right/AvgPool2D/AvgPool___tr4cell_13/comb_iter_3/combine/add,OpenCL,191.9,191.9,1.0
cell_13/comb_iter_3/combine/add,OpenCL,158.6,158.6,1.0
cell_13/comb_iter_4/left/Relu,OpenCL,191.8,191.8,1.0
cell_13/comb_iter_4/left/separable_3x3_1/separable_conv2d/depthwise,OpenCL,224.7,224.7,1.0
cell_13/comb_iter_4/left/separable_3x3_1/separable_conv2d,OpenCL,1011.4000000000001,1011.4,0.9999999999999999
cell_13/comb_iter_4/left/separable_3x3_2/separable_conv2d/depthwise,OpenCL,368.5,431.2,1.1701492537313432
cell_13/comb_iter_4/left/separable_3x3_2/separable_conv2d,OpenCL,1170.3,1170.3,1.0
cell_13/comb_iter_4/combine/add,OpenCL,182.8,182.8,1.0
cell_13/comb_iter_2/combine/add___tr4cell_13/cell_output/concat,OpenCL,185.11111111111111,189.4,1.023169267707083
cell_13/comb_iter_3/combine/add___tr4cell_13/cell_output/concat,OpenCL,185.88888888888889,191.9,1.0323371189479977
cell_13/cell_output/concat,OpenCL,317.3333333333333,326.0,1.027310924369748
cell_15/Relu,OpenCL,355.0,355.0,1.0
cell_15/prev_1x1/Conv2D,OpenCL,10352.0,10352.0,1.0
cell_14/Relu,OpenCL,391.6666666666667,450.2,1.1494468085106382
cell_14/prev_1x1/Conv2D,OpenCL,10594.8,10594.8,1.0
cell_14/Relu_1,OpenCL,613.0,964.7,1.5737357259380098
cell_14/1x1/Conv2D,OpenCL,10848.4,10848.4,1.0
cell_14/comb_iter_0/left/Relu,OpenCL,437.5,810.1,1.851657142857143
cell_14/comb_iter_0/left/separable_5x5_1/separable_conv2d/depthwise,OpenCL,497.8888888888889,687.0,1.3798259317116714
cell_14/comb_iter_0/left/separable_5x5_1/separable_conv2d,OpenCL,922.2222222222222,1025.8,1.1123132530120483
cell_14/comb_iter_0/left/separable_5x5_2/separable_conv2d/depthwise,OpenCL,264.5,264.5,1.0
cell_14/comb_iter_0/left/separable_5x5_2/separable_conv2d,OpenCL,968.9,968.9,1.0
cell_14/comb_iter_0/right/Relu,OpenCL,194.7,194.7,1.0
cell_14/comb_iter_0/right/separable_3x3_1/separable_conv2d/depthwise,OpenCL,226.66666666666666,252.9,1.115735294117647
cell_14/comb_iter_0/right/separable_3x3_1/separable_conv2d,OpenCL,845.8888888888889,872.6,1.0315775646919743
cell_14/comb_iter_0/right/separable_3x3_2/separable_conv2d/depthwise,OpenCL,225.44444444444446,233.1,1.0339576145884672
cell_14/comb_iter_0/right/separable_3x3_2/separable_conv2d,OpenCL,970.5,970.5,1.0
cell_14/comb_iter_0/combine/add,OpenCL,168.2,168.2,1.0
cell_14/comb_iter_1/left/Relu,OpenCL,191.33333333333334,196.0,1.024390243902439
cell_14/comb_iter_1/left/separable_5x5_1/separable_conv2d/depthwise,OpenCL,261.6666666666667,285.7,1.0918471337579616
cell_14/comb_iter_1/left/separable_5x5_1/separable_conv2d,OpenCL,951.4444444444445,974.9,1.024652575032115
cell_14/comb_iter_1/left/separable_5x5_2/separable_conv2d/depthwise,OpenCL,261.44444444444446,289.6,1.1076923076923078
cell_14/comb_iter_1/left/separable_5x5_2/separable_conv2d,OpenCL,968.7,968.7,1.0
cell_14/comb_iter_1/right/Relu,OpenCL,189.66666666666666,194.3,1.0244288224956064
cell_14/comb_iter_1/right/separable_3x3_1/separable_conv2d/depthwise,OpenCL,231.1,231.1,1.0
cell_14/comb_iter_1/right/separable_3x3_1/separable_conv2d,OpenCL,914.6,914.6,1.0
cell_14/comb_iter_1/right/separable_3x3_2/separable_conv2d/depthwise,OpenCL,224.0,224.0,1.0
cell_14/comb_iter_1/right/separable_3x3_2/separable_conv2d,OpenCL,975.5,975.5,1.0
cell_14/comb_iter_1/combine/add,OpenCL,173.11111111111111,181.0,1.045571245186136
cell_14/comb_iter_2/left/AvgPool2D/AvgPool,OpenCL,212.0,212.0,1.0
cell_14/comb_iter_2/left/AvgPool2D/AvgPool___tr4cell_14/comb_iter_2/combine/add,OpenCL,184.875,240.8,1.302501690331305
cell_14/prev_bn/FusedBatchNormV3___tr4cell_14/comb_iter_2/combine/add,OpenCL,184.5,184.5,1.0
cell_14/comb_iter_2/combine/add,OpenCL,163.66666666666666,172.3,1.0527494908350308
cell_14/comb_iter_3/left/AvgPool2D/AvgPool,OpenCL,216.66666666666666,224.1,1.0343076923076924
cell_14/comb_iter_3/right/AvgPool2D/AvgPool,OpenCL,216.9,216.9,1.0
cell_14/comb_iter_3/left/AvgPool2D/AvgPool___tr4cell_14/comb_iter_3/combine/add,OpenCL,183.7,183.7,1.0
cell_14/comb_iter_3/right/AvgPool2D/AvgPool___tr4cell_14/comb_iter_3/combine/add,OpenCL,188.77777777777777,213.8,1.1325485579752796
cell_14/comb_iter_3/combine/add,OpenCL,178.22222222222223,208.8,1.171571072319202
cell_14/comb_iter_4/left/Relu,OpenCL,196.6,196.6,1.0
cell_14/comb_iter_4/left/separable_3x3_1/separable_conv2d/depthwise,OpenCL,222.6,222.6,1.0
cell_14/comb_iter_4/left/separable_3x3_1/separable_conv2d,OpenCL,1067.5,1067.5,1.0
cell_14/comb_iter_4/left/separable_3x3_2/separable_conv2d/depthwise,OpenCL,218.25,395.3,1.811225658648339
cell_14/comb_iter_4/left/separable_3x3_2/separable_conv2d,OpenCL,1142.7,1142.7,1.0
cell_14/comb_iter_4/combine/add,OpenCL,176.5,228.7,1.2957507082152975
cell_14/comb_iter_2/combine/add___tr4cell_14/cell_output/concat,OpenCL,190.6,190.6,1.0
cell_14/comb_iter_3/combine/add___tr4cell_14/cell_output/concat,OpenCL,179.375,191.2,1.0659233449477352
cell_14/cell_output/concat,OpenCL,318.22222222222223,326.6,1.026326815642458
cell_15/Relu_1,OpenCL,356.2,356.2,1.0
cell_15/1x1/Conv2D,OpenCL,10853.6,10853.6,1.0
cell_15/comb_iter_0/left/Relu,OpenCL,295.14285714285717,548.9,1.8597773475314616
cell_15/comb_iter_0/left/separable_5x5_1/separable_conv2d/depthwise,OpenCL,257.3333333333333,366.9,1.4257772020725388
cell_15/comb_iter_0/left/separable_5x5_1/separable_conv2d,OpenCL,1045.8,1045.8,1.0
cell_15/comb_iter_0/left/separable_5x5_2/separable_conv2d/depthwise,OpenCL,272.44444444444446,299.5,1.0993066884176181
cell_15/comb_iter_0/left/separable_5x5_2/separable_conv2d,OpenCL,976.7777777777778,1003.1,1.0269480150153565
cell_15/comb_iter_0/right/Relu,OpenCL,193.5,193.5,1.0
cell_15/comb_iter_0/right/separable_3x3_1/separable_conv2d/depthwise,OpenCL,228.4,228.4,1.0
cell_15/comb_iter_0/right/separable_3x3_1/separable_conv2d,OpenCL,941.4,941.4,1.0
cell_15/comb_iter_0/right/separable_3x3_2/separable_conv2d/depthwise,OpenCL,225.3,225.3,1.0
cell_15/comb_iter_0/right/separable_3x3_2/separable_conv2d,OpenCL,976.6,976.6,1.0
cell_15/comb_iter_0/combine/add,OpenCL,164.66666666666666,169.2,1.0275303643724696
cell_15/comb_iter_1/left/Relu,OpenCL,190.44444444444446,203.0,1.0659276546091014
cell_15/comb_iter_1/left/separable_5x5_1/separable_conv2d/depthwise,OpenCL,260.6666666666667,267.2,1.0250639386189258
cell_15/comb_iter_1/left/separable_5x5_1/separable_conv2d,OpenCL,822.4,822.4,1.0
cell_15/comb_iter_1/left/separable_5x5_2/separable_conv2d/depthwise,OpenCL,264.0,264.0,1.0
cell_15/comb_iter_1/left/separable_5x5_2/separable_conv2d,OpenCL,977.2,977.2,1.0
cell_15/comb_iter_1/right/Relu,OpenCL,191.1,191.1,1.0
cell_15/comb_iter_1/right/separable_3x3_1/separable_conv2d/depthwise,OpenCL,220.7,220.7,1.0
cell_15/comb_iter_1/right/separable_3x3_1/separable_conv2d,OpenCL,965.0,965.0,1.0
cell_15/comb_iter_1/right/separable_3x3_2/separable_conv2d/depthwise,OpenCL,230.5,230.5,1.0
cell_15/comb_iter_1/right/separable_3x3_2/separable_conv2d,OpenCL,970.3333333333334,993.7,1.0240810717966335
cell_15/comb_iter_1/combine/add,OpenCL,170.77777777777777,192.8,1.1289525048796358
cell_15/comb_iter_2/left/AvgPool2D/AvgPool,OpenCL,221.44444444444446,246.1,1.111339688911189
cell_15/comb_iter_2/left/AvgPool2D/AvgPool___tr4cell_15/comb_iter_2/combine/add,OpenCL,187.22222222222223,211.5,1.129673590504451
cell_15/prev_bn/FusedBatchNormV3___tr4cell_15/comb_iter_2/combine/add,OpenCL,182.88888888888889,187.8,1.0268529769137302
cell_15/comb_iter_2/combine/add,OpenCL,162.7,162.7,1.0
cell_15/comb_iter_3/left/AvgPool2D/AvgPool,OpenCL,213.2,213.2,1.0
cell_15/comb_iter_3/right/AvgPool2D/AvgPool,OpenCL,222.8,222.8,1.0
cell_15/comb_iter_3/left/AvgPool2D/AvgPool___tr4cell_15/comb_iter_3/combine/add,OpenCL,186.7,186.7,1.0
cell_15/comb_iter_3/right/AvgPool2D/AvgPool___tr4cell_15/comb_iter_3/combine/add,OpenCL,191.11111111111111,207.3,1.0847093023255814
cell_15/comb_iter_3/combine/add,OpenCL,163.88888888888889,168.0,1.025084745762712
cell_15/comb_iter_4/left/Relu,OpenCL,190.9,190.9,1.0
cell_15/comb_iter_4/left/separable_3x3_1/separable_conv2d/depthwise,OpenCL,221.5,221.5,1.0
cell_15/comb_iter_4/left/separable_3x3_1/separable_conv2d,OpenCL,1004.9999999999999,1005.0,1.0000000000000002
cell_15/comb_iter_4/left/separable_3x3_2/separable_conv2d/depthwise,OpenCL,363.3333333333333,426.9,1.174954128440367
cell_15/comb_iter_4/left/separable_3x3_2/separable_conv2d,OpenCL,1154.6,1154.6,1.0
cell_15/comb_iter_4/combine/add,OpenCL,182.88888888888889,190.4,1.0410692588092345
cell_15/comb_iter_2/combine/add___tr4cell_15/cell_output/concat,OpenCL,183.6,183.6,1.0
cell_15/comb_iter_3/combine/add___tr4cell_15/cell_output/concat,OpenCL,186.7,186.7,1.0
cell_15/cell_output/concat,OpenCL,315.0,324.3,1.0295238095238095
cell_17/Relu,OpenCL,364.8,364.8,1.0
cell_17/prev_1x1/Conv2D,OpenCL,10772.8,10772.8,1.0
cell_16/Relu,OpenCL,432.0,760.2,1.7597222222222224
cell_16/prev_1x1/Conv2D,OpenCL,11011.8,11011.8,1.0
cell_16/Relu_1,OpenCL,745.3333333333334,1154.6,1.5491055456171734
cell_16/1x1/Conv2D,OpenCL,10828.1,10828.1,1.0
cell_16/comb_iter_0/left/Relu,OpenCL,601.2857142857143,905.3,1.505607032549299
cell_16/comb_iter_0/left/separable_5x5_1/separable_conv2d/depthwise,OpenCL,556.25,645.4,1.1602696629213483
cell_16/comb_iter_0/left/separable_5x5_1/separable_conv2d,OpenCL,868.875,922.1,1.0612573730398505
cell_16/comb_iter_0/left/separable_5x5_2/separable_conv2d/depthwise,OpenCL,272.0,298.7,1.0981617647058823
cell_16/comb_iter_0/left/separable_5x5_2/separable_conv2d,OpenCL,969.7777777777778,993.3,1.0242552703941337
cell_16/comb_iter_0/right/Relu,OpenCL,192.625,241.2,1.2521739130434781
cell_16/comb_iter_0/right/separable_3x3_1/separable_conv2d/depthwise,OpenCL,228.22222222222223,257.5,1.128286270691334
cell_16/comb_iter_0/right/separable_3x3_1/separable_conv2d,OpenCL,828.3333333333334,854.3,1.031348088531187
cell_16/comb_iter_0/right/separable_3x3_2/separable_conv2d/depthwise,OpenCL,228.44444444444446,251.5,1.1009241245136185
cell_16/comb_iter_0/right/separable_3x3_2/separable_conv2d,OpenCL,971.6,971.6,1.0
cell_16/comb_iter_0/combine/add,OpenCL,160.8,160.8,1.0
cell_16/comb_iter_1/left/Relu,OpenCL,194.6,194.6,1.0
cell_16/comb_iter_1/left/separable_5x5_1/separable_conv2d/depthwise,OpenCL,262.44444444444446,286.2,1.0905165114309905
cell_16/comb_iter_1/left/separable_5x5_1/separable_conv2d,OpenCL,902.4444444444445,925.2,1.0252154641713864
cell_16/comb_iter_1/left/separable_5x5_2/separable_conv2d/depthwise,OpenCL,259.8,259.8,1.0
cell_16/comb_iter_1/left/separable_5x5_2/separable_conv2d,OpenCL,982.4,982.4,1.0
cell_16/comb_iter_1/right/Relu,OpenCL,199.7,199.7,1.0
cell_16/comb_iter_1/right/separable_3x3_1/separable_conv2d/depthwise,OpenCL,229.3,229.3,1.0
cell_16/comb_iter_1/right/separable_3x3_1/separable_conv2d,OpenCL,875.7,875.7,1.0
cell_16/comb_iter_1/right/separable_3x3_2/separable_conv2d/depthwise,OpenCL,223.2,223.2,1.0
cell_16/comb_iter_1/right/separable_3x3_2/separable_conv2d,OpenCL,981.4,981.4,1.0
cell_16/comb_iter_1/combine/add,OpenCL,172.0,227.3,1.3215116279069767
cell_16/comb_iter_2/left/AvgPool2D/AvgPool,OpenCL,216.0,241.1,1.1162037037037036
cell_16/comb_iter_2/left/AvgPool2D/AvgPool___tr4cell_16/comb_iter_2/combine/add,OpenCL,190.7,190.7,1.0
cell_16/prev_bn/FusedBatchNormV3___tr4cell_16/comb_iter_2/combine/add,OpenCL,189.5,189.5,1.0
cell_16/comb_iter_2/combine/add,OpenCL,162.1,162.1,1.0
cell_16/comb_iter_3/left/AvgPool2D/AvgPool,OpenCL,215.2,215.2,1.0
cell_16/comb_iter_3/right/AvgPool2D/AvgPool,OpenCL,219.44444444444446,246.0,1.1210126582278481
cell_16/comb_iter_3/left/AvgPool2D/AvgPool___tr4cell_16/comb_iter_3/combine/add,OpenCL,188.77777777777777,213.5,1.1309593878752207
cell_16/comb_iter_3/right/AvgPool2D/AvgPool___tr4cell_16/comb_iter_3/combine/add,OpenCL,185.0,214.5,1.1594594594594594
cell_16/comb_iter_3/combine/add,OpenCL,174.44444444444446,233.2,1.3368152866242036
cell_16/comb_iter_4/left/Relu,OpenCL,191.66666666666666,217.9,1.1368695652173915
cell_16/comb_iter_4/left/separable_3x3_1/separable_conv2d/depthwise,OpenCL,225.2,225.2,1.0
cell_16/comb_iter_4/left/separable_3x3_1/separable_conv2d,OpenCL,1046.2,1046.2,1.0
cell_16/comb_iter_4/left/separable_3x3_2/separable_conv2d/depthwise,OpenCL,231.0,371.3,1.6073593073593073
cell_16/comb_iter_4/left/separable_3x3_2/separable_conv2d,OpenCL,1153.0,1153.0,1.0
cell_16/comb_iter_4/combine/add,OpenCL,199.375,242.5,1.2163009404388714
cell_16/comb_iter_2/combine/add___tr4cell_16/cell_output/concat,OpenCL,196.33333333333334,218.5,1.1129032258064515
cell_16/comb_iter_3/combine/add___tr4cell_16/cell_output/concat,OpenCL,185.11111111111111,208.5,1.1263505402160865
cell_16/cell_output/concat,OpenCL,313.1111111111111,322.1,1.0287083037615332
cell_17/Relu_1,OpenCL,374.77777777777777,397.1,1.0595612214645718
cell_17/1x1/Conv2D,OpenCL,11102.8,11102.8,1.0
cell_17/comb_iter_0/left/Relu,OpenCL,214.33333333333334,510.4,2.3813374805598753
cell_17/comb_iter_0/left/separable_5x5_1/separable_conv2d/depthwise,OpenCL,268.6,268.6,1.0
cell_17/comb_iter_0/left/separable_5x5_1/separable_conv2d,OpenCL,913.1,913.1,1.0
cell_17/comb_iter_0/left/separable_5x5_2/separable_conv2d/depthwise,OpenCL,262.9,262.9,1.0
cell_17/comb_iter_0/left/separable_5x5_2/separable_conv2d,OpenCL,975.3,975.3,1.0
cell_17/comb_iter_0/right/Relu,OpenCL,190.6,190.6,1.0
cell_17/comb_iter_0/right/separable_3x3_1/separable_conv2d/depthwise,OpenCL,224.4,224.4,1.0
cell_17/comb_iter_0/right/separable_3x3_1/separable_conv2d,OpenCL,897.5555555555555,924.1,1.0295741520178263
cell_17/comb_iter_0/right/separable_3x3_2/separable_conv2d/depthwise,OpenCL,227.44444444444446,277.6,1.2205178309721545
cell_17/comb_iter_0/right/separable_3x3_2/separable_conv2d,OpenCL,966.5555555555555,1002.8,1.0374985630532245
cell_17/comb_iter_0/combine/add,OpenCL,168.11111111111111,201.1,1.1962326503635161
cell_17/comb_iter_1/left/Relu,OpenCL,193.6,193.6,1.0
cell_17/comb_iter_1/left/separable_5x5_1/separable_conv2d/depthwise,OpenCL,266.44444444444446,282.6,1.0606338615512927
cell_17/comb_iter_1/left/separable_5x5_1/separable_conv2d,OpenCL,847.4,847.4,1.0
cell_17/comb_iter_1/left/separable_5x5_2/separable_conv2d/depthwise,OpenCL,255.4,255.4,1.0
cell_17/comb_iter_1/left/separable_5x5_2/separable_conv2d,OpenCL,964.0,988.3,1.025207468879668
cell_17/comb_iter_1/right/Relu,OpenCL,193.77777777777777,220.8,1.1394495412844037
cell_17/comb_iter_1/right/separable_3x3_1/separable_conv2d/depthwise,OpenCL,226.11111111111111,235.6,1.0419656019656018
cell_17/comb_iter_1/right/separable_3x3_1/separable_conv2d,OpenCL,903.3,903.3,1.0
cell_17/comb_iter_1/right/separable_3x3_2/separable_conv2d/depthwise,OpenCL,229.7,229.7,1.0
cell_17/comb_iter_1/right/separable_3x3_2/separable_conv2d,OpenCL,972.8,972.8,1.0
cell_17/comb_iter_1/combine/add,OpenCL,160.3,160.3,1.0
cell_17/comb_iter_2/left/AvgPool2D/AvgPool,OpenCL,214.22222222222223,219.9,1.0265041493775933
cell_17/comb_iter_2/left/AvgPool2D/AvgPool___tr4cell_17/comb_iter_2/combine/add,OpenCL,185.6,185.6,1.0
cell_17/prev_bn/FusedBatchNormV3___tr4cell_17/comb_iter_2/combine/add,OpenCL,187.4,187.4,1.0
cell_17/comb_iter_2/combine/add,OpenCL,171.9,171.9,1.0
cell_17/comb_iter_3/left/AvgPool2D/AvgPool,OpenCL,208.8,208.8,1.0
cell_17/comb_iter_3/right/AvgPool2D/AvgPool,OpenCL,214.2,214.2,1.0
cell_17/comb_iter_3/left/AvgPool2D/AvgPool___tr4cell_17/comb_iter_3/combine/add,OpenCL,187.2,187.2,1.0
cell_17/comb_iter_3/right/AvgPool2D/AvgPool___tr4cell_17/comb_iter_3/combine/add,OpenCL,184.2,184.2,1.0
cell_17/comb_iter_3/combine/add,OpenCL,162.0,162.0,1.0
cell_17/comb_iter_4/left/Relu,OpenCL,190.77777777777777,195.4,1.0242283051834595
cell_17/comb_iter_4/left/separable_3x3_1/separable_conv2d/depthwise,OpenCL,223.9,223.9,1.0
cell_17/comb_iter_4/left/separable_3x3_1/separable_conv2d,OpenCL,971.2,971.2,1.0
cell_17/comb_iter_4/left/separable_3x3_2/separable_conv2d/depthwise,OpenCL,220.0,378.2,1.719090909090909
cell_17/comb_iter_4/left/separable_3x3_2/separable_conv2d,OpenCL,1084.5555555555557,1137.6,1.0489089232660587
cell_17/comb_iter_4/combine/add,OpenCL,175.8,175.8,1.0
cell_17/comb_iter_2/combine/add___tr4cell_17/cell_output/concat,OpenCL,188.11111111111111,202.1,1.07436503248671
cell_17/comb_iter_3/combine/add___tr4cell_17/cell_output/concat,OpenCL,185.55555555555554,190.3,1.0255688622754493
cell_17/cell_output/concat,OpenCL,313.6666666666667,326.1,1.0396386822529224
final_layer/Relu,CPU,202.8,748.5,3.6908284023668636
final_layer/Mean/reduction_indices,CPU,0.0,0.3,0
final_layer/Relu___tr4final_layer/Mean,OpenCL,2528.0,2528.0,1.0
final_layer/Mean,CPU,428.9,1276.0,2.975052459780835
final_layer/FC/weights,CPU,0.0,0.1,0
final_layer/FC/MatMul,CPU,8692.888888888889,8294.9,0.9542167288716192
final_layer/FC/biases,CPU,0.0,0.3,0
final_layer/FC/BiasAdd,OpenCL,2378.8888888888887,2486.9,1.0454040168145728
final_layer/predictions,OpenCL,486.7,486.7,1.0
